timestamp,symbol,assetType,price,changePct,rsi,belowHigh,aboveLow,volume
2026-09-30T22:24:05.885Z,GE,stock,312.29,-1.761615653213365,32.97375623893092,1.1365090627196635,-0.0000027362136542089244,4183571
2026-09-30T22:24:05.885Z,LMT,stock,509.25,-0.5778879756350005,54.70346308188701,0.6942137586128055,0.9115240580898916,1088293
2026-09-30T22:24:05.885Z,RTX,stock,185.65,-0.6900609821333006,36.22685597452465,1.0077814619781997,0.5034640391679729,4641328
2026-09-30T22:24:05.885Z,NOC,stock,483.48,-4.187392243514792,52.0066463436835,0.741135388743722,0.39453745602222573,1470166
2026-09-30T22:24:05.885Z,DE,stock,671.55,-1.0797195380626976,55.83999313919397,2.043567015689613,0.32868073419089777,1698029
2026-09-30T22:24:05.885Z,BABA,stock,107.54,-0.1856320772229336,13.683965370468528,1.0944572061007871,-8.513365535642598e-7,6387110
2026-09-30T22:24:05.885Z,PDD,stock,77.94,0.5677419354838681,41.5710947715921,0.3197370937462219,0.7562492633696831,6131832
2026-09-30T22:24:05.885Z,SNOW,stock,339.56,2.8003996245950775,43.24903308687868,2.394439132395176,1.5445838472528526,5704820
2026-09-30T22:24:05.885Z,DDOG,stock,273.85,1.9697646708370646,34.05748378237605,1.2088008388126017,0.8711401278324548,2787589
2026-09-30T22:24:05.885Z,PANW,stock,397.31,2.2913931155222516,40.37216544034555,1.8151261695652283,1.1237127247185366,6033488
2026-09-30T22:24:05.885Z,CRWD,stock,264.75,0.7650148435715881,51.73101982836548,1.5213496479705821,0.29571956365439045,8749894
2026-09-30T22:24:05.885Z,NET,stock,347.28,-1.41372849599728,27.63168461723791,2.138810049207206,3.5150400311160427e-7,2574022
2026-09-30T22:24:05.885Z,ROKU,stock,152.28,0.09202050742737926,25.390997520503532,0.7171761949368431,8.016175045457304e-7,1444014
2026-09-30T22:24:05.885Z,PINS,stock,18.89,1.8878101402373324,57.49986887090698,1.0735759137269045,2.3848196144488765,16139869
2026-09-30T22:24:05.885Z,ADBE,stock,239.94,2.903460994124463,49.2504541711866,0.290890704547829,2.7954531206435727,4383865
2026-09-30T22:24:05.885Z,AMAT,stock,511.38,-0.12304447178765952,50.79466087226447,0.7009826021535053,0.8410340549495139,6130383
2026-09-30T22:24:05.885Z,LRCX,stock,328.51,1.4358055950101825,60.388593608715794,0.5087987004404784,1.9109644113070745,7659183
2026-09-30T22:24:05.885Z,KLAC,stock,194.93,-0.8141250699638704,42.229759916420946,1.0678342918123194,0.32037100907356764,6793073
2026-09-30T22:24:05.885Z,TXN,stock,280.09,-0.56800028400015,29.822071188223802,0.9880374247970006,0.22005327240481762,3874709
2026-09-30T22:24:05.885Z,ADI,stock,396.71,-0.3791873838581808,37.44031178315622,0.601334328793717,0.8106350567663986,2357197
2026-09-30T22:24:05.885Z,MRVL,stock,264.21,0.35704789759562344,76.96803247611913,0.10964083175804176,2.8014435083446214,11736310
2026-09-30T22:24:05.885Z,CDNS,stock,330.185,1.855507912515034,47.619069941871366,1.14073419449016,2.237121852886485,2964058
2026-09-30T22:24:05.885Z,SNPS,stock,434.94,4.782095449179701,61.530497526025954,1.7661960414547202,4.207196059168624,4458179
2026-09-30T22:24:05.885Z,WDAY,stock,190.46,0.6819263096685629,65.17849438926808,0.4000554734465518,1.042470587397221,2109723
2026-09-30T22:24:05.885Z,TEAM,stock,179.29,1.8924755626278607,42.70818668567978,2.411278680202797,2.14208468458475,2462946
2026-09-30T22:24:05.885Z,ZS,stock,199.42,0.5369161352121186,28.81143420404139,1.68121175381886,1.2181482466217348,2079124
2026-09-30T22:24:05.885Z,OKTA,stock,209.11,2.0646231940648274,46.04582313067124,1.4793875147231972,0.9778560593383726,3261950
2026-09-30T22:24:05.885Z,MDB,stock,348.61,3.386814555591808,28.46169718511419,4.657590516949253,0.3627447457446974,6237459
2026-09-30T22:24:05.885Z,FSLR,stock,175.16,-1.000395636692483,23.615793435368715,1.7720991444741676,0.06283744434420879,1916617
2026-09-30T22:24:05.885Z,ENPH,stock,32.99,3.6443606660383403,44.87188892312357,2.468590522115595,2.277443007914325,5711093
2026-09-30T22:24:05.885Z,NEE,stock,75.74,-0.19765449993412268,38.79879532028263,0.8638763255199016,0.14544856614688656,12811620
2026-09-30T22:24:05.885Z,DUK,stock,114.01,-0.17511601435950325,39.796029583495525,0.8436278732071327,0.035095883889149394,4424847
2026-09-30T22:24:05.885Z,SO,stock,82.89,-0.6710605152786127,35.585706332350455,1.1448998110803552,7.363392056492846e-7,8190073
2026-09-30T22:24:05.885Z,T,stock,24.4,-0.3267973856209226,30.536167596758716,1.114485291037067,0.0000015634005373168618,38784758
2026-09-30T22:24:05.885Z,VZ,stock,45.87,-0.23923444976076433,34.42604497586112,0.9394240412674423,0.20753352475014947,19456422
2026-09-30T22:24:05.885Z,CMCSA,stock,21.76,0.7407407407407414,24.58991788977343,1.0009078563153737,-0.0000010518466542592834,30518040
2026-09-30T22:24:05.885Z,TMUS,stock,163.08,0.06135722174501334,53.47240373271922,0.8873181874961497,0.3692788578521941,3902099
2026-09-30T22:24:05.885Z,AXP,stock,304.1,-0.42567125081858376,43.07142056512834,0.9446254071661164,0.07404360345537565,3901363
2026-09-30T22:24:05.885Z,MA,stock,551.47,-2.1487632634231186,33.43840722039647,1.4475413653694136,0.005439858998434684,4886142
2026-09-30T22:24:05.885Z,BLK,stock,1058.29,-0.9036088169747448,33.185792619671005,1.2270335075686376,-0.0000036910958805757838,540886
2026-09-30T22:24:05.885Z,SCHW,stock,97.74,-1.3723511604439955,30.458918345333203,1.272727272727278,0.005115250030399934,10269690
2026-09-30T22:24:05.885Z,C,stock,129.48,-1.0091743119266219,44.07697156204812,1.1150163541959535,0.0000032997073434097094,9798260
2026-09-30T22:24:05.885Z,TFC,stock,46.3,-0.30146425495262824,54.38917663868548,1.2266666666666728,0.2489956117560835,7246689
2026-09-30T22:24:05.885Z,USB,stock,57.76,0.27777777777777185,55.31102029475439,0.5338379480856981,0.29518987143893627,8874111
2026-09-30T22:24:05.885Z,CB,stock,325.25,-2.0567333172729416,28.79849893243039,1.6152927786818756,0.006146115978428353,1425917
2026-09-30T22:24:05.885Z,PGR,stock,207.31,-1.5247957438723199,37.82719323823942,1.078402082948046,0.0000011776596792365027,2947718
2026-09-30T22:24:05.885Z,AMGN,stock,421.51,-0.5027853838164469,49.861129180973286,0.9679780174207545,0.07597463300147,3095037
2026-09-30T22:24:05.885Z,GILD,stock,149.05,-1.4740877842411355,30.77721767390186,1.2521547706612255,-0.0000020474724848355684,5239523
2026-09-30T22:24:05.885Z,BMY,stock,62.4,-0.7317849188673256,33.46306274212941,2.6369112723626174,-0.000002445318702497569,15813190
2026-09-30T22:24:05.885Z,REGN,stock,758.27,1.0339635714380875,44.65652016358647,0.45031011580172925,1.9975272969812523,872220
2026-09-30T22:24:05.885Z,ISRG,stock,406.63,-1.3464991023339345,26.442103732075978,0.7777864158642938,0.09846367891448873,1647779
2026-09-30T22:24:05.885Z,TMO,stock,675.05,-0.6709730580774355,24.852882586915214,1.2080978134603175,0.0000018083151507691076,2301587
2026-09-30T22:24:05.885Z,DHR,stock,221.55,-1.8430729697399302,45.920846241672564,1.8604651162790649,0.38058686084940757,5129770
2026-09-30T22:24:05.885Z,ELV,stock,388.82,-0.995594937998122,46.166368791289756,1.7669449724352941,0.3147559022892653,1303509
2026-09-30T22:24:05.885Z,CI,stock,271.83,-1.2460946014677057,26.074335527865827,2.3388648500188367,2.732423934130929,3080130
2026-09-30T22:24:05.885Z,CVS,stock,85.69,-1.6188289322617642,40.95258855585831,1.731647937027398,0.058384645852302464,8378085
2026-09-30T22:24:05.885Z,MDT,stock,86.29,-0.9185899644046356,41.0447803683776,1.2417739628039985,0.01738449592098945,26613729
2026-09-30T22:24:05.885Z,SYK,stock,275.39,-0.8996365468350787,51.09177288991651,0.4770306442990982,0.7684113540261119,2822589
2026-09-30T22:24:05.885Z,HON,stock,210.94,0.3854756579260469,55.499862675089254,0.4130974819162309,0.6873508353221947,1890950
2026-09-30T22:24:05.885Z,UPS,stock,93.44,-0.5216650697327894,36.73480685923075,0.7119334884775982,0.010702873586164934,3733059
2026-09-30T22:24:05.885Z,FDX,stock,285.09,-0.8279124778237911,49.153768013636125,1.0104166666666754,0.1739309464936733,1721624
2026-09-30T22:24:05.885Z,DAL,stock,83.46,-1.6613644397313665,46.09927926758003,0.8906294889284159,0.3788602677872092,6509781
2026-09-30T22:24:05.885Z,UAL,stock,110.95,-1.5090989791389282,56.20146556975651,0.9153815477461084,0.3845270013604888,4073171
2026-09-30T22:24:05.885Z,AAL,stock,13.37,-1.7634092578986058,64.70584935402982,1.072884496036242,1.096405401495788,55183838
2026-09-30T22:24:05.885Z,LUV,stock,41.64,-1.0456273764258501,52.08328918088375,0.7744552636867988,0.3252594347924843,4737757
2026-09-30T22:24:05.885Z,CARR,stock,54.86,-0.9389671361502403,46.15393644179701,1.1887616216173515,0.1460409318836266,6241931
2026-09-30T22:24:05.885Z,ETN,stock,429.71,-0.8216585500957838,32.39445700482261,0.8399690901691474,0.19820330118713944,1862004
2026-09-30T22:24:05.885Z,EMR,stock,155.1,-1.3609768506741382,36.07240919098583,1.953348753851114,-0.000003935213017729207,4612046
2026-09-30T22:24:05.885Z,MMM,stock,164.15,-2.575820523473205,29.64583367091754,2.9559527501634095,0.0000037182551676080576,3271947
2026-09-30T22:24:05.885Z,WM,stock,203.92,-1.5307354290405215,34.53209505199757,1.2733009019122563,0.014714115670880294,2336015
2026-09-30T22:24:05.885Z,LIN,stock,474.65,0.27040158860932734,25.403891947369132,1.2277573494623861,0.000001285898173548431,2639975
2026-09-30T22:24:05.885Z,APD,stock,278.23,-0.3438518571582003,18.43316262153938,1.4766267657969199,-0.00000394864956079449,988232
2026-09-30T22:24:05.885Z,FCX,stock,70,-1.1159768328860096,27.458631946268426,5.418189461539596,0.05717683826588528,16652497
2026-09-30T22:24:05.885Z,NEM,stock,115.34,-1.4945768212486121,29.22696185402367,2.1215176642760682,0.0000031750559170145876,5839958
2026-09-30T22:24:05.885Z,EOG,stock,137.76,-1.3604467993699025,25.19780024835906,1.4133900609903913,0.0617373861326333,3525509
2026-09-30T22:24:05.885Z,COP,stock,125.15,-0.2311862244897896,36.04652194355976,1.0358999635905408,-0.0000012192400175481677,6253430
2026-09-30T22:24:05.885Z,MPC,stock,395.42,0.864729740070924,7.244064026306887,2.131029578325967,0.13421087692844072,1647478
2026-09-30T22:24:05.885Z,PSX,stock,255.31,1.2130822596630337,17.301857917628737,1.8868654206710083,0.04506070749070612,2491476
2026-09-30T22:24:05.885Z,HAL,stock,31.8,0.8243500317057754,46.808268876461945,0.578398020388621,1.3707336603855518,13815277
2026-09-30T22:24:05.885Z,BKR,stock,54.9,-1.824034334763954,22.067598670190094,2.0167745920323163,0.03644120170468327,8364819
2026-09-30T22:24:05.885Z,WMB,stock,67.97,-0.9616785662246781,51.968617462243635,1.4784720906698126,0.6515640880449978,9504473
2026-09-30T22:24:05.885Z,KMI,stock,30.15,-0.9852216748768498,46.05257213987783,1.502778834300326,0.11622191315904155,11694276
2026-09-30T22:24:05.885Z,PG,stock,145.28,-2.049622437971947,26.598451500109263,2.0726676963651745,8.402416963062534e-7,8551038
2026-09-30T22:24:05.885Z,CL,stock,85.32,-1.3185287994448307,16.57315680203446,1.625738847409924,0.011724817363138674,4670812
2026-09-30T22:24:05.885Z,KMB,stock,97.43,-1.575916759268601,22.598665494232662,1.9226861368043964,-3.132256732760965e-7,4133581
2026-09-30T22:24:05.885Z,PM,stock,190.82,-1.5884476534296093,33.391488067608876,1.7935682597700109,-0.000003838286592441412,4352490
2026-09-30T22:24:05.885Z,MO,stock,67.34,-2.0081490104772928,61.76761056544146,2.122097364820548,0.6125798490285026,7519547
2026-09-30T22:24:05.885Z,MDLZ,stock,57.82,-1.6666666666666614,25.69459161615734,1.9584544366337202,5.278031531389562e-7,9931680
2026-09-30T22:24:05.885Z,GIS,stock,32.16,-4.908338261383808,26.086884409817102,4.4279389548705,0.39019869887086994,12271398
2026-09-30T22:24:05.885Z,KR,stock,58.62,-3.5696660634972885,17.721109458598107,3.601383528751097,0.0000018221003945397102,7505022
2026-09-30T22:24:05.885Z,DG,stock,119.58,-2.4951076320939354,56.741627614584516,2.634045008426098,0.5085114802590242,2563528
2026-09-30T22:24:05.885Z,DLTR,stock,114.02,0.6354810238305374,77.86884904173667,0.2013129102844674,1.1622756864238235,2676108
2026-09-30T22:24:05.885Z,TJX,stock,132.31,-1.113602391629304,48.92089489977386,1.3440231229314787,0.1324444700037513,7692654
2026-09-30T22:24:05.885Z,ROST,stock,233.4,-0.42662116040955633,48.309007813651775,0.8116941814672121,0.0000026150453257472333,1728443
2026-09-30T22:24:05.885Z,BKNG,stock,162.91,0.35111494394480297,53.66796276658418,1.7786088264173394,0.9731025770084618,7761242
2026-09-30T22:24:05.885Z,MAR,stock,355.67,-1.6453735965931058,28.125,1.773038858521702,-0.000003775334959974666,1099207
2026-09-30T22:24:05.885Z,HLT,stock,318.12,-1.6448182043037325,45.95050558235996,1.5717858957805846,0.050323483841358006,1326655
2026-09-30T22:24:05.885Z,CMG,stock,31.95,0.21957340025094194,60.439652570508734,0.24976204291516946,1.171627856832887,14108329
2026-09-30T22:24:05.885Z,YUM,stock,136.34,-1.0092209395193397,32.11233945979403,1.303025479659382,0.0000026860125251395934,1911843
2026-09-30T22:24:05.885Z,EL,stock,92.77,-1.695454063791468,20.765430554687015,3.253727614462007,0.0000036185552562719173,3371957
2026-09-30T22:24:05.885Z,LULU,stock,96.19,-0.7019717146691512,44.07428129008924,1.646219837954164,0.15618396818278535,4120945
2026-09-30T22:24:05.885Z,BTC-USD,crypto,83715.75,0.10877157359678441,47.92826592631499,2.1976293849154973,0.916426695894176,36049461248
2026-09-30T22:24:05.885Z,ETH-USD,crypto,2684.59,0.29324095531555644,56.5354190474777,1.9062690765527763,1.0193791157102596,13847839744
2026-09-30T22:24:05.885Z,SOL-USD,crypto,118.11,-0.7953723254416395,51.923001682381944,3.6780318427351735,0.8366795607975079,4284837632
2026-09-30T22:24:05.885Z,XRP-USD,crypto,1.4899,-0.003698098016508995,43.181679637494156,3.2406836162482926,0.3570020380244405,3632278528
2026-09-30T22:24:05.885Z,BNB-USD,crypto,767.35,1.2167377015101535,45.35062829347386,1.4727417395998947,1.4825277242832513,1790830080
2026-09-30T22:24:05.885Z,DOGE-USD,crypto,0.09434,0.518296801954013,46.6017099952259,3.47861869013247,1.517274832951203,1208984320
2026-09-30T22:24:05.885Z,ADA-USD,crypto,0.24539,0.44335637744091294,54.64889089958012,3.8892417674181687,1.5518947362838573,505631360
2026-09-30T22:24:05.885Z,AVAX-USD,crypto,10.91,-4.593795623469918,45.04938341548166,4.7327949720076745,0.7293848171284881,675716672
2026-09-30T22:24:05.885Z,LINK-USD,crypto,14.343,-1.7422477130479015,51.00403298391019,3.185957433358827,1.9403007185295602,615273600
2026-09-30T22:24:05.885Z,DOT-USD,crypto,1.2248,2.726358218083499,47.42728829198825,2.406374131185113,3.2889226779245053,179976656
2026-09-30T22:24:05.885Z,LTC-USD,crypto,67.099,0.449740099265587,71.92648711928217,1.7627357203390106,2.000521298877139,390074624
2026-09-30T22:24:05.885Z,BCH-USD,crypto,305.18,-0.8090281920711345,43.1250754979687,3.42405063291139,0.45425025098147687,230531280
2026-10-01T01:21:12.524Z,AAPL,stock,333.02,1.0989678202792972,6.3776781265570435,1.8132538798406341,0.32457526573041245,49875295
2026-10-01T01:21:12.524Z,MSFT,stock,512.9,0.7741276328198676,21.33229861411074,1.2495455178957293,0.04291318704879905,27014238
2026-10-01T01:21:12.524Z,NVDA,stock,228.38,0.5149421240262257,22.484833653189753,1.3178899763671086,0.039426482331343736,118683065
2026-10-01T01:21:12.524Z,TSLA,stock,354.81,0.5583267203265013,70.54011770069212,0.02254632284223667,2.320010673429322,38511510
2026-10-01T01:21:12.524Z,AMZN,stock,249.15,1.00539181902948,34.60663502986068,1.142720625816806,1.1046662107709473,41456321
2026-10-01T01:21:12.524Z,META,stock,725.18,-1.8422014374856202,18.00617568971488,1.6998280107793657,0.23608587097418482,19151113
2026-10-01T01:21:12.524Z,GOOGL,stock,344.08,0.9269036724158066,25.24692243679877,2.3388103327681495,0.6023071903688537,36642402
2026-10-01T01:21:12.524Z,AMD,stock,611.76,0.6896324703326268,64.77268615128523,0.31367844517169624,1.7556378623132665,16590841
2026-10-01T01:21:12.524Z,NFLX,stock,69.58,-1.0241820768136543,47.349148951713055,0.9889740459457298,-0.0000026315818353256683,34574416
2026-10-01T01:21:12.524Z,JPM,stock,330.83,-1.2388799331303462,37.0190069346315,1.4683135639251308,0.000004058802074808513,9109409
2026-10-01T01:21:12.524Z,V,stock,359.33,-1.790204438613756,36.15181437685399,1.3236287181854391,0.0000037368811011778343,7413145
2026-10-01T01:21:12.524Z,XOM,stock,162.75,0.8676789587852529,33.89215023271409,0.9346577359736556,0.3421761772678062,13055667
2026-10-01T01:21:12.524Z,SPY,stock,762.63,-0.20544360115153756,15.841826335099867,0.8592884299165268,0.0249196734150038,61123546
2026-10-01T01:21:12.524Z,QQQ,stock,739.77,0.24934614394319676,26.980370038373593,0.6980107799804508,0.009461645506792725,29369516
2026-10-01T01:21:12.524Z,DIA,stock,508.55,-0.8442520667602528,17.02072398679725,0.9832507449355413,0.011801562818837683,2574791
2026-10-01T01:21:12.524Z,IWM,stock,277.89,-0.40141930396760134,24.807992507024665,0.8421052631578996,-0.000005271307618654223,20920033
2026-10-01T01:21:12.524Z,XLK,stock,195.75,0.6426735218508998,31.97346808861785,0.6496466463112885,0.01532739582555334,9014331
2026-10-01T01:21:12.524Z,XLF,stock,53.4,-1.1294204776893157,37.349364365882586,0.9735730078596585,0.056213357158809034,55624361
2026-10-01T01:21:12.524Z,PLTR,stock,187.05,0.04278761298604723,26.65841862557643,1.9826712107676039,0.005350039684769796,16726991
2026-10-01T01:21:12.524Z,SOFI,stock,15.72,-1.1942174732872375,29.024993602320222,2.269189339432418,0.03181576432429533,40434838
2026-10-01T01:21:12.524Z,COIN,stock,186.41,-1.899800021050423,31.754890043098683,2.2880325179582233,0.7676060677172136,8331805
2026-10-01T01:21:12.524Z,HOOD,stock,112.5,-3.200826019617965,44.0174856009039,3.3629694495884883,0.37473069422179567,34856204
2026-10-01T01:21:12.524Z,RIVN,stock,14.94,-0.200400801603214,40.81836876629257,1.9363286073193522,0.16761674965412587,19651987
2026-10-01T01:21:12.524Z,LCID,stock,4.07,0,25.806322602874587,2.5149745134833488,1.2513358961091288,8298346
2026-10-01T01:21:12.524Z,F,stock,12.06,-1.9512195121951237,53.85220125786163,1.8714398906991416,0.7098089003972264,50236343
2026-10-01T01:21:12.524Z,GM,stock,77,-4.312166024605442,43.69738740182722,3.6596846294314678,0.07797966816993697,9764091
2026-10-01T01:21:12.524Z,BAC,stock,54.43,-0.9643377001455625,50.40658979400691,0.9823562101354781,0.036758229450429974,33015137
2026-10-01T01:21:12.524Z,WFC,stock,80.05,-0.5342942345924538,51.08719088451396,0.8484555709085323,0.1626649574989602,17775219
2026-10-01T01:21:12.524Z,GS,stock,900.36,-1.7331703483803367,33.642595081001915,1.4308696649531174,0.0000016269534132975338,1764320
2026-10-01T01:21:12.524Z,MS,stock,188.08,-2.427889603652199,40.254357833755755,1.8781264677271121,-9.735509661676931e-7,6905096
2026-10-01T01:21:12.524Z,PYPL,stock,52.53,-2.52365930599369,40.00271189504966,2.4512507177794065,0.43016861392113465,8402852
2026-10-01T01:21:12.524Z,SHOP,stock,148.3,0.02697963037907761,48.175175977902526,2.2025846762674335,-0.000002057827200493199,6845318
2026-10-01T01:21:12.524Z,CRM,stock,229.57,1.890728329856638,70.57182219276982,1.7441007502599761,1.3554083885209682,9706861
2026-10-01T01:21:12.524Z,ORCL,stock,137.3,-0.355613614921243,29.005471298864435,0.7768744354110126,0.8891202106473224,22038293
2026-10-01T01:21:12.524Z,AVGO,stock,351.19,-1.1010982821740425,23.16565293166562,1.4618389409954955,-6.951810231787761e-7,18417537
2026-10-01T01:21:12.524Z,MU,stock,1065.11,0.0028166898261137866,43.68233788844551,1.1278623225110276,0.046026270881608135,28568102
2026-10-01T01:21:12.524Z,INTC,stock,120.23,3.709134822737856,78.66907463621827,0.1494037079104583,2.1495353588414865,93602906
2026-10-01T01:21:12.524Z,TSM,stock,456.19,-0.16413533505493064,39.98892502752831,1.206256420613852,0.0636117805216446,8925043
2026-10-01T01:21:12.524Z,ASML,stock,1811.67,-1.2385588669803054,53.031329967494294,0.916093870266794,0.09834770826714165,1196423
2026-10-01T01:21:12.524Z,QCOM,stock,184.04,-0.0325909831613266,47.98897451763515,1.7195314542842195,0.32708108951611636,7113587
2026-10-01T01:21:12.524Z,ARM,stock,289.66,-1.3654782579085336,74.03840510816109,1.3554060924573155,1.9678222028562227,4133148
2026-10-01T01:21:12.524Z,SMCI,stock,41.07,0.12189176011700915,69.43497911290437,1.7729618530258562,1.4199310613204956,31526421
2026-10-01T01:21:12.524Z,NOW,stock,134.01,3.1322148684007947,44.70200683090479,0.6450213903598191,2.693593635262361,8987668
2026-10-01T01:21:12.524Z,UBER,stock,68.51,-1.2254901960784232,20.263705759888964,1.2183740408529755,-0.0000031181293198418677,15434673
2026-10-01T01:21:12.524Z,ABNB,stock,160.65,2.350917431192659,39.02404227868202,1.0988996124125638,1.677146453854994,4601996
2026-10-01T01:21:12.524Z,DIS,stock,104.9,-0.4838250640356616,35.52644787722308,1.3773307885041937,-0.00000145460331589149,11232100
2026-10-01T01:21:12.524Z,WMT,stock,103.92,-2.696629213483142,23.74101904045753,2.5826135204524965,0.0000017619849128831887,27672464
2026-10-01T01:21:12.524Z,COST,stock,910.34,-1.5412236775219286,29.870836945075254,1.3047838460495966,-0.0000029500481057537226,2208229
2026-10-01T01:21:12.524Z,HD,stock,284.49,-1.232467712817668,46.49606940654149,1.3608891453755705,0.11613046651105341,5710341
2026-10-01T01:21:12.524Z,LOW,stock,184.29,-1.5860301185517456,28.97927916145065,1.5237105778015543,0.000003643099150325443,3611696
2026-10-01T01:21:12.524Z,NKE,stock,35.4,-1.2276785714285847,52.9350515579341,1.3790234056303248,0.29664139804684864,37828459
2026-10-01T01:21:12.524Z,SBUX,stock,93.96,-1.5403961018547763,17.62600787086079,1.869451697127944,0.010647208177470202,5700381
2026-10-01T01:21:12.524Z,MCD,stock,230.94,-1.2992563466962954,29.40961193205358,1.5621985014315065,-0.0000010571603994388832,5457403
2026-10-01T01:21:12.524Z,PEP,stock,126.72,-1.5308104747843647,28.26479172194216,2.244854411170616,-9.63307381926882e-7,9561321
2026-10-01T01:21:12.524Z,KO,stock,86.08,-0.8751727314601625,35.664134192667206,1.465202153627152,-0.000002127154565817773,15760912
2026-10-01T01:21:12.524Z,TGT,stock,156.69,0.1662085277759962,68.9341067705973,1.697044574770459,0.3715325010446357,4253273
2026-10-01T01:21:12.524Z,CVX,stock,204.21,-0.08317839318915134,23.572411574413323,1.2333113632151993,-0.0000032877268296402274,6247607
2026-10-01T01:21:12.524Z,OXY,stock,55.32,0.6916636330542456,44.7205557609015,0.566187347958065,0.8752732422985935,9969582
2026-10-01T01:21:12.524Z,SLB,stock,48.72,-2.305995588530176,31.70760451556879,1.8038932745924587,0.02053154529935234,12876811
2026-10-01T01:21:12.524Z,UNH,stock,367.08,-2.0963354136661905,38.42751816052985,1.325203404096142,0.21978188981776836,4782910
2026-10-01T01:21:12.524Z,LLY,stock,1157.08,-2.3256206579269625,38.61500005542439,3.088778446995224,0.0000037979495018720572,3397477
2026-10-01T01:21:12.524Z,NVO,stock,37.91,-1.0441138084051311,20.77958107920655,2.1803665200010602,0.013194092769244934,20595820
2026-10-01T01:21:12.524Z,PFE,stock,28.52,-0.696378830083563,23.9238925691549,1.4001702601313695,-0.0000016050619388286647,32242159
2026-10-01T01:21:12.524Z,MRK,stock,145.31,-2.659431939978563,39.06739869588896,2.113608633951923,0.0000016801364622480857,10219024
2026-10-01T01:21:12.524Z,JNJ,stock,264.74,-1.0576671525208299,34.41702366971566,1.2864023304373517,0.01322733968399393,6271436
2026-10-01T01:21:12.524Z,ABBV,stock,261.59,-0.6456758707129193,34.8225350716304,1.2234213406877688,0.0000013999424294721963,4311051
2026-10-01T01:21:12.524Z,BA,stock,186.05,-0.8684995737425381,53.03335044475675,2.4690682755640054,0.41552999266956553,11505599
2026-10-01T01:21:12.524Z,CAT,stock,810.79,-1.917400561308432,31.45437740573047,1.5350415685864116,0.01110001130057133,1958113
2026-10-01T01:21:12.524Z,GE,stock,312.29,-1.761615653213365,32.97375623893092,1.1365090627196635,-0.0000027362136542089244,4183571
2026-10-01T01:21:12.524Z,LMT,stock,509.25,-0.5778879756350005,54.70346308188701,0.6942137586128055,0.9115240580898916,1088293
2026-10-01T01:21:12.524Z,RTX,stock,185.65,-0.6900609821333006,36.22685597452465,1.0077814619781997,0.5034640391679729,4641328
2026-10-01T01:21:12.524Z,NOC,stock,483.48,-4.187392243514792,52.0066463436835,0.741135388743722,0.39453745602222573,1470166
2026-10-01T01:21:12.524Z,DE,stock,671.55,-1.0797195380626976,55.83999313919397,2.043567015689613,0.32868073419089777,1698029
2026-10-01T01:21:12.524Z,BABA,stock,107.54,-0.1856320772229336,13.683965370468528,1.0944572061007871,-8.513365535642598e-7,6387110
2026-10-01T01:21:12.524Z,PDD,stock,77.94,0.5677419354838681,41.5710947715921,0.3197370937462219,0.7562492633696831,6131832
2026-10-01T01:21:12.524Z,SNOW,stock,339.56,2.8003996245950775,43.24903308687868,2.394439132395176,1.5445838472528526,5704820
2026-10-01T01:21:12.524Z,DDOG,stock,273.85,1.9697646708370646,34.05748378237605,1.2088008388126017,0.8711401278324548,2787589
2026-10-01T01:21:12.524Z,PANW,stock,397.31,2.2913931155222516,40.37216544034555,1.8151261695652283,1.1237127247185366,6033488
2026-10-01T01:21:12.524Z,CRWD,stock,264.75,0.7650148435715881,51.73101982836548,1.5213496479705821,0.29571956365439045,8749894
2026-10-01T01:21:12.524Z,NET,stock,347.28,-1.41372849599728,27.63168461723791,2.138810049207206,3.5150400311160427e-7,2574022
2026-10-01T01:21:12.524Z,ROKU,stock,152.28,0.09202050742737926,25.390997520503532,0.7171761949368431,8.016175045457304e-7,1444014
2026-10-01T01:21:12.524Z,PINS,stock,18.89,1.8878101402373324,57.49986887090698,1.0735759137269045,2.3848196144488765,16139869
2026-10-01T01:21:12.524Z,ADBE,stock,239.94,2.903460994124463,49.2504541711866,0.290890704547829,2.7954531206435727,4383865
2026-10-01T01:21:12.524Z,AMAT,stock,511.38,-0.12304447178765952,50.79466087226447,0.7009826021535053,0.8410340549495139,6130383
2026-10-01T01:21:12.524Z,LRCX,stock,328.51,1.4358055950101825,60.388593608715794,0.5087987004404784,1.9109644113070745,7659183
2026-10-01T01:21:12.524Z,KLAC,stock,194.93,-0.8141250699638704,42.229759916420946,1.0678342918123194,0.32037100907356764,6793073
2026-10-01T01:21:12.524Z,TXN,stock,280.09,-0.56800028400015,29.822071188223802,0.9880374247970006,0.22005327240481762,3874709
2026-10-01T01:21:12.524Z,ADI,stock,396.71,-0.3791873838581808,37.44031178315622,0.601334328793717,0.8106350567663986,2357197
2026-10-01T01:21:12.524Z,MRVL,stock,264.21,0.35704789759562344,76.96803247611913,0.10964083175804176,2.8014435083446214,11736310
2026-10-01T01:21:12.524Z,CDNS,stock,330.185,1.855507912515034,47.619069941871366,1.14073419449016,2.237121852886485,2964058
2026-10-01T01:21:12.524Z,SNPS,stock,434.94,4.782095449179701,61.530497526025954,1.7661960414547202,4.207196059168624,4458179
2026-10-01T01:21:12.524Z,WDAY,stock,190.46,0.6819263096685629,65.17849438926808,0.4000554734465518,1.042470587397221,2109723
2026-10-01T01:21:12.524Z,TEAM,stock,179.29,1.8924755626278607,42.70818668567978,2.411278680202797,2.14208468458475,2462946
2026-10-01T01:21:12.524Z,ZS,stock,199.42,0.5369161352121186,28.81143420404139,1.68121175381886,1.2181482466217348,2079124
2026-10-01T01:21:12.524Z,OKTA,stock,209.11,2.0646231940648274,46.04582313067124,1.4793875147231972,0.9778560593383726,3261950
2026-10-01T01:21:12.524Z,MDB,stock,348.61,3.386814555591808,28.46169718511419,4.657590516949253,0.3627447457446974,6237459
2026-10-01T01:21:12.524Z,FSLR,stock,175.16,-1.000395636692483,23.615793435368715,1.7720991444741676,0.06283744434420879,1916617
2026-10-01T01:21:12.524Z,ENPH,stock,32.99,3.6443606660383403,44.87188892312357,2.468590522115595,2.277443007914325,5711093
2026-10-01T01:21:12.524Z,NEE,stock,75.74,-0.19765449993412268,38.79879532028263,0.8638763255199016,0.14544856614688656,12811620
2026-10-01T01:21:12.524Z,DUK,stock,114.01,-0.17511601435950325,39.796029583495525,0.8436278732071327,0.035095883889149394,4424847
2026-10-01T01:21:12.524Z,SO,stock,82.89,-0.6710605152786127,35.585706332350455,1.1448998110803552,7.363392056492846e-7,8190073
2026-10-01T01:21:12.524Z,T,stock,24.4,-0.3267973856209226,30.536167596758716,1.114485291037067,0.0000015634005373168618,38784758
2026-10-01T01:21:12.524Z,VZ,stock,45.87,-0.23923444976076433,34.42604497586112,0.9394240412674423,0.20753352475014947,19456422
2026-10-01T01:21:12.524Z,CMCSA,stock,21.76,0.7407407407407414,24.58991788977343,1.0009078563153737,-0.0000010518466542592834,30518040
2026-10-01T01:21:12.524Z,TMUS,stock,163.08,0.06135722174501334,53.47240373271922,0.8873181874961497,0.3692788578521941,3902099
2026-10-01T01:21:12.524Z,AXP,stock,304.1,-0.42567125081858376,43.07142056512834,0.9446254071661164,0.07404360345537565,3901363
2026-10-01T01:21:12.524Z,MA,stock,551.47,-2.1487632634231186,33.43840722039647,1.4475413653694136,0.005439858998434684,4886142
2026-10-01T01:21:12.524Z,BLK,stock,1058.29,-0.9036088169747448,33.185792619671005,1.2270335075686376,-0.0000036910958805757838,540886
2026-10-01T01:21:12.524Z,SCHW,stock,97.74,-1.3723511604439955,30.458918345333203,1.272727272727278,0.005115250030399934,10269690
2026-10-01T01:21:12.524Z,C,stock,129.48,-1.0091743119266219,44.07697156204812,1.1150163541959535,0.0000032997073434097094,9798260
2026-10-01T01:21:12.524Z,TFC,stock,46.3,-0.30146425495262824,54.38917663868548,1.2266666666666728,0.2489956117560835,7246689
2026-10-01T01:21:12.524Z,USB,stock,57.76,0.27777777777777185,55.31102029475439,0.5338379480856981,0.29518987143893627,8874111
2026-10-01T01:21:12.524Z,CB,stock,325.25,-2.0567333172729416,28.79849893243039,1.6152927786818756,0.006146115978428353,1425917
2026-10-01T01:21:12.524Z,PGR,stock,207.31,-1.5247957438723199,37.82719323823942,1.078402082948046,0.0000011776596792365027,2947718
2026-10-01T01:21:12.524Z,AMGN,stock,421.51,-0.5027853838164469,49.861129180973286,0.9679780174207545,0.07597463300147,3095037
2026-10-01T01:21:12.524Z,GILD,stock,149.05,-1.4740877842411355,30.77721767390186,1.2521547706612255,-0.0000020474724848355684,5239523
2026-10-01T01:21:12.524Z,BMY,stock,62.4,-0.7317849188673256,33.46306274212941,2.6369112723626174,-0.000002445318702497569,15813190
2026-10-01T01:21:12.524Z,REGN,stock,758.27,1.0339635714380875,44.65652016358647,0.45031011580172925,1.9975272969812523,872220
2026-10-01T01:21:12.524Z,ISRG,stock,406.63,-1.3464991023339345,26.442103732075978,0.7777864158642938,0.09846367891448873,1647779
2026-10-01T01:21:12.524Z,TMO,stock,675.05,-0.6709730580774355,24.852882586915214,1.2080978134603175,0.0000018083151507691076,2301587
2026-10-01T01:21:12.524Z,DHR,stock,221.55,-1.8430729697399302,45.920846241672564,1.8604651162790649,0.38058686084940757,5129770
2026-10-01T01:21:12.524Z,ELV,stock,388.82,-0.995594937998122,46.166368791289756,1.7669449724352941,0.3147559022892653,1303509
2026-10-01T01:21:12.524Z,CI,stock,271.83,-1.2460946014677057,26.074335527865827,2.3388648500188367,2.732423934130929,3080130
2026-10-01T01:21:12.524Z,CVS,stock,85.69,-1.6188289322617642,40.95258855585831,1.731647937027398,0.058384645852302464,8378085
2026-10-01T01:21:12.524Z,MDT,stock,86.29,-0.9185899644046356,41.0447803683776,1.2417739628039985,0.01738449592098945,26613729
2026-10-01T01:21:12.524Z,SYK,stock,275.39,-0.8996365468350787,51.09177288991651,0.4770306442990982,0.7684113540261119,2822589
2026-10-01T01:21:12.524Z,HON,stock,210.94,0.3854756579260469,55.499862675089254,0.4130974819162309,0.6873508353221947,1890950
2026-10-01T01:21:12.524Z,UPS,stock,93.44,-0.5216650697327894,36.73480685923075,0.7119334884775982,0.010702873586164934,3733059
2026-10-01T01:21:12.524Z,FDX,stock,285.09,-0.8279124778237911,49.153768013636125,1.0104166666666754,0.1739309464936733,1721624
2026-10-01T01:21:12.524Z,DAL,stock,83.46,-1.6613644397313665,46.09927926758003,0.8906294889284159,0.3788602677872092,6509781
2026-10-01T01:21:12.524Z,UAL,stock,110.95,-1.5090989791389282,56.20146556975651,0.9153815477461084,0.3845270013604888,4073171
2026-10-01T01:21:12.524Z,AAL,stock,13.37,-1.7634092578986058,64.70584935402982,1.072884496036242,1.096405401495788,55183838
2026-10-01T01:21:12.524Z,LUV,stock,41.64,-1.0456273764258501,52.08328918088375,0.7744552636867988,0.3252594347924843,4737757
2026-10-01T01:21:12.524Z,CARR,stock,54.86,-0.9389671361502403,46.15393644179701,1.1887616216173515,0.1460409318836266,6241931
2026-10-01T01:21:12.524Z,ETN,stock,429.71,-0.8216585500957838,32.39445700482261,0.8399690901691474,0.19820330118713944,1862004
2026-10-01T01:21:12.524Z,EMR,stock,155.1,-1.3609768506741382,36.07240919098583,1.953348753851114,-0.000003935213017729207,4612046
2026-10-01T01:21:12.524Z,MMM,stock,164.15,-2.575820523473205,29.64583367091754,2.9559527501634095,0.0000037182551676080576,3271947
2026-10-01T01:21:12.524Z,WM,stock,203.92,-1.5307354290405215,34.53209505199757,1.2733009019122563,0.014714115670880294,2336015
2026-10-01T01:21:12.524Z,LIN,stock,474.65,0.27040158860932734,25.403891947369132,1.2277573494623861,0.000001285898173548431,2639975
2026-10-01T01:21:12.524Z,APD,stock,278.23,-0.3438518571582003,18.43316262153938,1.4766267657969199,-0.00000394864956079449,988232
2026-10-01T01:21:12.524Z,FCX,stock,70,-1.1159768328860096,27.458631946268426,5.418189461539596,0.05717683826588528,16652497
2026-10-01T01:21:12.524Z,NEM,stock,115.34,-1.4945768212486121,29.22696185402367,2.1215176642760682,0.0000031750559170145876,5839958
2026-10-01T01:21:12.524Z,EOG,stock,137.76,-1.3604467993699025,25.19780024835906,1.4133900609903913,0.0617373861326333,3525509
2026-10-01T01:21:12.524Z,COP,stock,125.15,-0.2311862244897896,36.04652194355976,1.0358999635905408,-0.0000012192400175481677,6253430
2026-10-01T01:21:12.524Z,MPC,stock,395.42,0.864729740070924,7.244064026306887,2.131029578325967,0.13421087692844072,1647478
2026-10-01T01:21:12.524Z,PSX,stock,255.31,1.2130822596630337,17.301857917628737,1.8868654206710083,0.04506070749070612,2491476
2026-10-01T01:21:12.524Z,HAL,stock,31.8,0.8243500317057754,46.808268876461945,0.578398020388621,1.3707336603855518,13815277
2026-10-01T01:21:12.524Z,BKR,stock,54.9,-1.824034334763954,22.067598670190094,2.0167745920323163,0.03644120170468327,8364819
2026-10-01T01:21:12.524Z,WMB,stock,67.97,-0.9616785662246781,51.968617462243635,1.4784720906698126,0.6515640880449978,9504473
2026-10-01T01:21:12.524Z,KMI,stock,30.15,-0.9852216748768498,46.05257213987783,1.502778834300326,0.11622191315904155,11694276
2026-10-01T01:21:12.524Z,PG,stock,145.28,-2.049622437971947,26.598451500109263,2.0726676963651745,8.402416963062534e-7,8551038
2026-10-01T01:21:12.524Z,CL,stock,85.32,-1.3185287994448307,16.57315680203446,1.625738847409924,0.011724817363138674,4670812
2026-10-01T01:21:12.524Z,KMB,stock,97.43,-1.575916759268601,22.598665494232662,1.9226861368043964,-3.132256732760965e-7,4133581
2026-10-01T01:21:12.524Z,PM,stock,190.82,-1.5884476534296093,33.391488067608876,1.7935682597700109,-0.000003838286592441412,4352490
2026-10-01T01:21:12.524Z,MO,stock,67.34,-2.0081490104772928,61.76761056544146,2.122097364820548,0.6125798490285026,7519547
2026-10-01T01:21:12.524Z,MDLZ,stock,57.82,-1.6666666666666614,25.69459161615734,1.9584544366337202,5.278031531389562e-7,9931680
2026-10-01T01:21:12.524Z,GIS,stock,32.16,-4.908338261383808,26.086884409817102,4.4279389548705,0.39019869887086994,12271398
2026-10-01T01:21:12.524Z,KR,stock,58.62,-3.5696660634972885,17.721109458598107,3.601383528751097,0.0000018221003945397102,7505022
2026-10-01T01:21:12.524Z,DG,stock,119.58,-2.4951076320939354,56.741627614584516,2.634045008426098,0.5085114802590242,2563528
2026-10-01T01:21:12.524Z,DLTR,stock,114.02,0.6354810238305374,77.86884904173667,0.2013129102844674,1.1622756864238235,2676108
2026-10-01T01:21:12.524Z,TJX,stock,132.31,-1.113602391629304,48.92089489977386,1.3440231229314787,0.1324444700037513,7692654
2026-10-01T01:21:12.524Z,ROST,stock,233.4,-0.42662116040955633,48.309007813651775,0.8116941814672121,0.0000026150453257472333,1728443
2026-10-01T01:21:12.524Z,BKNG,stock,162.91,0.35111494394480297,53.66796276658418,1.7786088264173394,0.9731025770084618,7761242
2026-10-01T01:21:12.524Z,MAR,stock,355.67,-1.6453735965931058,28.125,1.773038858521702,-0.000003775334959974666,1099207
2026-10-01T01:21:12.524Z,HLT,stock,318.12,-1.6448182043037325,45.95050558235996,1.5717858957805846,0.050323483841358006,1326655
2026-10-01T01:21:12.524Z,CMG,stock,31.95,0.21957340025094194,60.439652570508734,0.24976204291516946,1.171627856832887,14108329
2026-10-01T01:21:12.524Z,YUM,stock,136.34,-1.0092209395193397,32.11233945979403,1.303025479659382,0.0000026860125251395934,1911843
2026-10-01T01:21:12.524Z,EL,stock,92.77,-1.695454063791468,20.765430554687015,3.253727614462007,0.0000036185552562719173,3371957
2026-10-01T01:21:12.524Z,LULU,stock,96.19,-0.7019717146691512,44.07428129008924,1.646219837954164,0.15618396818278535,4120945
2026-10-01T01:21:12.524Z,BTC-USD,crypto,83631.46,0.07793090270226843,77.23783773975214,0.0000011209896169310922,0.28123115305328095,36507516928
2026-10-01T01:21:12.524Z,ETH-USD,crypto,2690.16,0.21930703625844664,79.2857315686322,-0.000003267115254333157,0.44131483387099807,13978911744
2026-10-01T01:21:12.524Z,SOL-USD,crypto,118.19,0.15625103941027874,63.88920285964565,0.000002065662240327041,0.27148319840625923,4320096256
2026-10-01T01:21:12.524Z,XRP-USD,crypto,1.4943,0.3894381953629616,65.9897371351116,5.233306158050877e-7,0.5856223325155991,3559542784
2026-10-01T01:21:12.524Z,BNB-USD,crypto,769.93,0.2028367893830926,65.36652176502113,0.07008328989542277,0.290476456625003,1779964032
2026-10-01T01:21:12.524Z,DOGE-USD,crypto,0.09516,0.7227353737696243,73.14288147138964,2.7559950717686596e-8,1.0298317198714573,1212099456
2026-10-01T01:21:12.524Z,ADA-USD,crypto,0.24866,0.8410776896435586,73.50153947399346,-7.325335598116587e-7,1.3325734822360442,518100864
2026-10-01T01:21:12.524Z,AVAX-USD,crypto,10.892,-0.3739452804900673,41.45085656966948,0.30206123715082595,0.5353550689631326,652700800
2026-10-01T01:21:12.524Z,LINK-USD,crypto,14.424,0.45678446496837044,70.15510179941745,-0.000001481025024453827,0.7262591298334338,595733504
2026-10-01T01:21:12.524Z,DOT-USD,crypto,1.2411,1.6073794580022944,73.38863375572811,-0.000003734475352528807,2.1565546837897425,185524528
2026-10-01T01:21:12.524Z,LTC-USD,crypto,67.469,0.4404887610533441,72.47400192766194,0.000002623455943805352,0.5799018460450011,392695296
2026-10-01T01:21:12.524Z,BCH-USD,crypto,307.98,0.6764886009979119,70.29943790184801,0.000003567221155563181,0.7755030143112439,229595792
2026-10-01T07:15:15.022Z,AAPL,stock,333.02,1.0989678202792972,6.3776781265570435,1.8132538798406341,0.32457526573041245,49875295
2026-10-01T07:15:15.022Z,MSFT,stock,512.9,0.7741276328198676,21.33229861411074,1.2495455178957293,0.04291318704879905,27014238
2026-10-01T07:15:15.022Z,NVDA,stock,228.38,0.5149421240262257,22.484833653189753,1.3178899763671086,0.039426482331343736,118683065
2026-10-01T07:15:15.022Z,TSLA,stock,354.81,0.5583267203265013,70.54011770069212,0.02254632284223667,2.320010673429322,38511510
2026-10-01T07:15:15.022Z,AMZN,stock,249.15,1.00539181902948,34.60663502986068,1.142720625816806,1.1046662107709473,41456321
2026-10-01T07:15:15.022Z,META,stock,725.18,-1.8422014374856202,18.00617568971488,1.6998280107793657,0.23608587097418482,19151113
2026-10-01T07:15:15.022Z,GOOGL,stock,344.08,0.9269036724158066,25.24692243679877,2.3388103327681495,0.6023071903688537,36642402
2026-10-01T07:15:15.022Z,AMD,stock,611.76,0.6896324703326268,64.77268615128523,0.31367844517169624,1.7556378623132665,16590841
2026-10-01T07:15:15.022Z,NFLX,stock,69.58,-1.0241820768136543,47.349148951713055,0.9889740459457298,-0.0000026315818353256683,34574416
2026-10-01T07:15:15.022Z,JPM,stock,330.83,-1.2388799331303462,37.0190069346315,1.4683135639251308,0.000004058802074808513,9109409
2026-10-01T07:15:15.022Z,V,stock,359.33,-1.790204438613756,36.15181437685399,1.3236287181854391,0.0000037368811011778343,7413145
2026-10-01T07:15:15.022Z,XOM,stock,162.75,0.8676789587852529,33.89215023271409,0.9346577359736556,0.3421761772678062,13055667
2026-10-01T07:15:15.022Z,SPY,stock,762.63,-0.20544360115153756,15.841826335099867,0.8592884299165268,0.0249196734150038,61123546
2026-10-01T07:15:15.022Z,QQQ,stock,739.77,0.24934614394319676,26.980370038373593,0.6980107799804508,0.009461645506792725,29369516
2026-10-01T07:15:15.022Z,DIA,stock,508.55,-0.8442520667602528,17.02072398679725,0.9832507449355413,0.011801562818837683,2574791
2026-10-01T07:15:15.022Z,IWM,stock,277.89,-0.40141930396760134,24.807992507024665,0.8421052631578996,-0.000005271307618654223,20920033
2026-10-01T07:15:15.022Z,XLK,stock,195.75,0.6426735218508998,31.97346808861785,0.6496466463112885,0.01532739582555334,9014331
2026-10-01T07:15:15.022Z,XLF,stock,53.4,-1.1294204776893157,37.349364365882586,0.9735730078596585,0.056213357158809034,55624361
2026-10-01T07:15:15.022Z,PLTR,stock,187.05,0.04278761298604723,26.65841862557643,1.9826712107676039,0.005350039684769796,16726991
2026-10-01T07:15:15.022Z,SOFI,stock,15.72,-1.1942174732872375,29.024993602320222,2.269189339432418,0.03181576432429533,40434838
2026-10-01T07:15:15.022Z,COIN,stock,186.41,-1.899800021050423,31.754890043098683,2.2880325179582233,0.7676060677172136,8331805
2026-10-01T07:15:15.022Z,HOOD,stock,112.5,-3.200826019617965,44.0174856009039,3.3629694495884883,0.37473069422179567,34856204
2026-10-01T07:15:15.022Z,RIVN,stock,14.94,-0.200400801603214,40.81836876629257,1.9363286073193522,0.16761674965412587,19651987
2026-10-01T07:15:15.022Z,LCID,stock,4.07,0,25.806322602874587,2.5149745134833488,1.2513358961091288,8298346
2026-10-01T07:15:15.022Z,F,stock,12.06,-1.9512195121951237,53.85220125786163,1.8714398906991416,0.7098089003972264,50236343
2026-10-01T07:15:15.022Z,GM,stock,77,-4.312166024605442,43.69738740182722,3.6596846294314678,0.07797966816993697,9764091
2026-10-01T07:15:15.022Z,BAC,stock,54.43,-0.9643377001455625,50.40658979400691,0.9823562101354781,0.036758229450429974,33015137
2026-10-01T07:15:15.022Z,WFC,stock,80.05,-0.5342942345924538,51.08719088451396,0.8484555709085323,0.1626649574989602,17775219
2026-10-01T07:15:15.022Z,GS,stock,900.36,-1.7331703483803367,33.642595081001915,1.4308696649531174,0.0000016269534132975338,1764320
2026-10-01T07:15:15.022Z,MS,stock,188.08,-2.427889603652199,40.254357833755755,1.8781264677271121,-9.735509661676931e-7,6905096
2026-10-01T07:15:15.022Z,PYPL,stock,52.53,-2.52365930599369,40.00271189504966,2.4512507177794065,0.43016861392113465,8402852
2026-10-01T07:15:15.022Z,SHOP,stock,148.3,0.02697963037907761,48.175175977902526,2.2025846762674335,-0.000002057827200493199,6845318
2026-10-01T07:15:15.022Z,CRM,stock,229.57,1.890728329856638,70.57182219276982,1.7441007502599761,1.3554083885209682,9706861
2026-10-01T07:15:15.022Z,ORCL,stock,137.3,-0.355613614921243,29.005471298864435,0.7768744354110126,0.8891202106473224,22038293
2026-10-01T07:15:15.022Z,AVGO,stock,351.19,-1.1010982821740425,23.16565293166562,1.4618389409954955,-6.951810231787761e-7,18417537
2026-10-01T07:15:15.022Z,MU,stock,1065.11,0.0028166898261137866,43.68233788844551,1.1278623225110276,0.046026270881608135,28568102
2026-10-01T07:15:15.022Z,INTC,stock,120.23,3.709134822737856,78.66907463621827,0.1494037079104583,2.1495353588414865,93602906
2026-10-01T07:15:15.022Z,TSM,stock,456.19,-0.16413533505493064,39.98892502752831,1.206256420613852,0.0636117805216446,8925043
2026-10-01T07:15:15.022Z,ASML,stock,1811.67,-1.2385588669803054,53.031329967494294,0.916093870266794,0.09834770826714165,1196423
2026-10-01T07:15:15.022Z,QCOM,stock,184.04,-0.0325909831613266,47.98897451763515,1.7195314542842195,0.32708108951611636,7113587
2026-10-01T07:15:15.022Z,ARM,stock,289.66,-1.3654782579085336,74.03840510816109,1.3554060924573155,1.9678222028562227,4133148
2026-10-01T07:15:15.022Z,SMCI,stock,41.07,0.12189176011700915,69.43497911290437,1.7729618530258562,1.4199310613204956,31526421
2026-10-01T07:15:15.022Z,NOW,stock,134.01,3.1322148684007947,44.70200683090479,0.6450213903598191,2.693593635262361,8987668
2026-10-01T07:15:15.022Z,UBER,stock,68.51,-1.2254901960784232,20.263705759888964,1.2183740408529755,-0.0000031181293198418677,15434673
2026-10-01T07:15:15.022Z,ABNB,stock,160.65,2.350917431192659,39.02404227868202,1.0988996124125638,1.677146453854994,4601996
2026-10-01T07:15:15.022Z,DIS,stock,104.9,-0.4838250640356616,35.52644787722308,1.3773307885041937,-0.00000145460331589149,11232100
2026-10-01T07:15:15.022Z,WMT,stock,103.92,-2.696629213483142,23.74101904045753,2.5826135204524965,0.0000017619849128831887,27672464
2026-10-01T07:15:15.022Z,COST,stock,910.34,-1.5412236775219286,29.870836945075254,1.3047838460495966,-0.0000029500481057537226,2208229
2026-10-01T07:15:15.022Z,HD,stock,284.49,-1.232467712817668,46.49606940654149,1.3608891453755705,0.11613046651105341,5710341
2026-10-01T07:15:15.022Z,LOW,stock,184.29,-1.5860301185517456,28.97927916145065,1.5237105778015543,0.000003643099150325443,3611696
2026-10-01T07:15:15.022Z,NKE,stock,35.4,-1.2276785714285847,52.9350515579341,1.3790234056303248,0.29664139804684864,37828459
2026-10-01T07:15:15.022Z,SBUX,stock,93.96,-1.5403961018547763,17.62600787086079,1.869451697127944,0.010647208177470202,5700381
2026-10-01T07:15:15.022Z,MCD,stock,230.94,-1.2992563466962954,29.40961193205358,1.5621985014315065,-0.0000010571603994388832,5457403
2026-10-01T07:15:15.022Z,PEP,stock,126.72,-1.5308104747843647,28.26479172194216,2.244854411170616,-9.63307381926882e-7,9561321
2026-10-01T07:15:15.022Z,KO,stock,86.08,-0.8751727314601625,35.664134192667206,1.465202153627152,-0.000002127154565817773,15760912
2026-10-01T07:15:15.022Z,TGT,stock,156.69,0.1662085277759962,68.9341067705973,1.697044574770459,0.3715325010446357,4253273
2026-10-01T07:15:15.022Z,CVX,stock,204.21,-0.08317839318915134,23.572411574413323,1.2333113632151993,-0.0000032877268296402274,6247607
2026-10-01T07:15:15.022Z,OXY,stock,55.32,0.6916636330542456,44.7205557609015,0.566187347958065,0.8752732422985935,9969582
2026-10-01T07:15:15.022Z,SLB,stock,48.72,-2.305995588530176,31.70760451556879,1.8038932745924587,0.02053154529935234,12876811
2026-10-01T07:15:15.022Z,UNH,stock,367.08,-2.0963354136661905,38.42751816052985,1.325203404096142,0.21978188981776836,4782910
2026-10-01T07:15:15.022Z,LLY,stock,1157.08,-2.3256206579269625,38.61500005542439,3.088778446995224,0.0000037979495018720572,3397477
2026-10-01T07:15:15.022Z,NVO,stock,37.91,-1.0441138084051311,20.77958107920655,2.1803665200010602,0.013194092769244934,20595820
2026-10-01T07:15:15.022Z,PFE,stock,28.52,-0.696378830083563,23.9238925691549,1.4001702601313695,-0.0000016050619388286647,32242159
2026-10-01T07:15:15.022Z,MRK,stock,145.31,-2.659431939978563,39.06739869588896,2.113608633951923,0.0000016801364622480857,10219024
2026-10-01T07:15:15.022Z,JNJ,stock,264.74,-1.0576671525208299,34.41702366971566,1.2864023304373517,0.01322733968399393,6271436
2026-10-01T07:15:15.022Z,ABBV,stock,261.59,-0.6456758707129193,34.8225350716304,1.2234213406877688,0.0000013999424294721963,4311051
2026-10-01T07:15:15.022Z,BA,stock,186.05,-0.8684995737425381,53.03335044475675,2.4690682755640054,0.41552999266956553,11505599
2026-10-01T07:15:15.022Z,CAT,stock,810.79,-1.917400561308432,31.45437740573047,1.5350415685864116,0.01110001130057133,1958113
2026-10-01T07:15:15.022Z,GE,stock,312.29,-1.761615653213365,32.97375623893092,1.1365090627196635,-0.0000027362136542089244,4183571
2026-10-01T07:15:15.022Z,LMT,stock,509.25,-0.5778879756350005,54.70346308188701,0.6942137586128055,0.9115240580898916,1088293
2026-10-01T07:15:15.022Z,RTX,stock,185.65,-0.6900609821333006,36.22685597452465,1.0077814619781997,0.5034640391679729,4641328
2026-10-01T07:15:15.022Z,NOC,stock,483.48,-4.187392243514792,52.0066463436835,0.741135388743722,0.39453745602222573,1470166
2026-10-01T07:15:15.022Z,DE,stock,671.55,-1.0797195380626976,55.83999313919397,2.043567015689613,0.32868073419089777,1698029
2026-10-01T07:15:15.022Z,BABA,stock,107.54,-0.1856320772229336,13.683965370468528,1.0944572061007871,-8.513365535642598e-7,6387110
2026-10-01T07:15:15.022Z,PDD,stock,77.94,0.5677419354838681,41.5710947715921,0.3197370937462219,0.7562492633696831,6131832
2026-10-01T07:15:15.022Z,SNOW,stock,339.56,2.8003996245950775,43.24903308687868,2.394439132395176,1.5445838472528526,5704820
2026-10-01T07:15:15.022Z,DDOG,stock,273.85,1.9697646708370646,34.05748378237605,1.2088008388126017,0.8711401278324548,2787589
2026-10-01T07:15:15.022Z,PANW,stock,397.31,2.2913931155222516,40.37216544034555,1.8151261695652283,1.1237127247185366,6033488
2026-10-01T07:15:15.022Z,CRWD,stock,264.75,0.7650148435715881,51.73101982836548,1.5213496479705821,0.29571956365439045,8749894
2026-10-01T07:15:15.022Z,NET,stock,347.28,-1.41372849599728,27.63168461723791,2.138810049207206,3.5150400311160427e-7,2574022
2026-10-01T07:15:15.022Z,ROKU,stock,152.28,0.09202050742737926,25.390997520503532,0.7171761949368431,8.016175045457304e-7,1444014
2026-10-01T07:15:15.022Z,PINS,stock,18.89,1.8878101402373324,57.49986887090698,1.0735759137269045,2.3848196144488765,16139869
2026-10-01T07:15:15.022Z,ADBE,stock,239.94,2.903460994124463,49.2504541711866,0.290890704547829,2.7954531206435727,4383865
2026-10-01T07:15:15.022Z,AMAT,stock,511.38,-0.12304447178765952,50.79466087226447,0.7009826021535053,0.8410340549495139,6130383
2026-10-01T07:15:15.022Z,LRCX,stock,328.51,1.4358055950101825,60.388593608715794,0.5087987004404784,1.9109644113070745,7659183
2026-10-01T07:15:15.022Z,KLAC,stock,194.93,-0.8141250699638704,42.229759916420946,1.0678342918123194,0.32037100907356764,6793073
2026-10-01T07:15:15.022Z,TXN,stock,280.09,-0.56800028400015,29.822071188223802,0.9880374247970006,0.22005327240481762,3874709
2026-10-01T07:15:15.022Z,ADI,stock,396.71,-0.3791873838581808,37.44031178315622,0.601334328793717,0.8106350567663986,2357197
2026-10-01T07:15:15.022Z,MRVL,stock,264.21,0.35704789759562344,76.96803247611913,0.10964083175804176,2.8014435083446214,11736310
2026-10-01T07:15:15.022Z,CDNS,stock,330.185,1.855507912515034,47.619069941871366,1.14073419449016,2.237121852886485,2964058
2026-10-01T07:15:15.022Z,SNPS,stock,434.94,4.782095449179701,61.530497526025954,1.7661960414547202,4.207196059168624,4458179
2026-10-01T07:15:15.022Z,WDAY,stock,190.46,0.6819263096685629,65.17849438926808,0.4000554734465518,1.042470587397221,2109723
2026-10-01T07:15:15.022Z,TEAM,stock,179.29,1.8924755626278607,42.70818668567978,2.411278680202797,2.14208468458475,2462946
2026-10-01T07:15:15.022Z,ZS,stock,199.42,0.5369161352121186,28.81143420404139,1.68121175381886,1.2181482466217348,2079124
2026-10-01T07:15:15.022Z,OKTA,stock,209.11,2.0646231940648274,46.04582313067124,1.4793875147231972,0.9778560593383726,3261950
2026-10-01T07:15:15.022Z,MDB,stock,348.61,3.386814555591808,28.46169718511419,4.657590516949253,0.3627447457446974,6237459
2026-10-01T07:15:15.022Z,FSLR,stock,175.16,-1.000395636692483,23.615793435368715,1.7720991444741676,0.06283744434420879,1916617
2026-10-01T07:15:15.022Z,ENPH,stock,32.99,3.6443606660383403,44.87188892312357,2.468590522115595,2.277443007914325,5711093
2026-10-01T07:15:15.022Z,NEE,stock,75.74,-0.19765449993412268,38.79879532028263,0.8638763255199016,0.14544856614688656,12811620
2026-10-01T07:15:15.022Z,DUK,stock,114.01,-0.17511601435950325,39.796029583495525,0.8436278732071327,0.035095883889149394,4424847
2026-10-01T07:15:15.022Z,SO,stock,82.89,-0.6710605152786127,35.585706332350455,1.1448998110803552,7.363392056492846e-7,8190073
2026-10-01T07:15:15.022Z,T,stock,24.4,-0.3267973856209226,30.536167596758716,1.114485291037067,0.0000015634005373168618,38784758
2026-10-01T07:15:15.022Z,VZ,stock,45.87,-0.23923444976076433,34.42604497586112,0.9394240412674423,0.20753352475014947,19456422
2026-10-01T07:15:15.022Z,CMCSA,stock,21.76,0.7407407407407414,24.58991788977343,1.0009078563153737,-0.0000010518466542592834,30518040
2026-10-01T07:15:15.022Z,TMUS,stock,163.08,0.06135722174501334,53.47240373271922,0.8873181874961497,0.3692788578521941,3902099
2026-10-01T07:15:15.022Z,AXP,stock,304.1,-0.42567125081858376,43.07142056512834,0.9446254071661164,0.07404360345537565,3901363
2026-10-01T07:15:15.022Z,MA,stock,551.47,-2.1487632634231186,33.43840722039647,1.4475413653694136,0.005439858998434684,4886142
2026-10-01T07:15:15.022Z,BLK,stock,1058.29,-0.9036088169747448,33.185792619671005,1.2270335075686376,-0.0000036910958805757838,540886
2026-10-01T07:15:15.022Z,SCHW,stock,97.74,-1.3723511604439955,30.458918345333203,1.272727272727278,0.005115250030399934,10269690
2026-10-01T07:15:15.022Z,C,stock,129.48,-1.0091743119266219,44.07697156204812,1.1150163541959535,0.0000032997073434097094,9798260
2026-10-01T07:15:15.022Z,TFC,stock,46.3,-0.30146425495262824,54.38917663868548,1.2266666666666728,0.2489956117560835,7246689
2026-10-01T07:15:15.022Z,USB,stock,57.76,0.27777777777777185,55.31102029475439,0.5338379480856981,0.29518987143893627,8874111
2026-10-01T07:15:15.022Z,CB,stock,325.25,-2.0567333172729416,28.79849893243039,1.6152927786818756,0.006146115978428353,1425917
2026-10-01T07:15:15.022Z,PGR,stock,207.31,-1.5247957438723199,37.82719323823942,1.1255774262198923,0.0000011776596792365027,2947718
2026-10-01T07:15:15.022Z,AMGN,stock,421.51,-0.5027853838164469,49.861129180973286,0.9679780174207545,0.07597463300147,3095037
2026-10-01T07:15:15.022Z,GILD,stock,149.05,-1.4740877842411355,30.77721767390186,1.2521547706612255,-0.0000020474724848355684,5239523
2026-10-01T07:15:15.022Z,BMY,stock,62.4,-0.7317849188673256,33.46306274212941,2.6369112723626174,-0.000002445318702497569,15813190
2026-10-01T07:15:15.022Z,REGN,stock,758.27,1.0339635714380875,44.65652016358647,0.45031011580172925,1.9975272969812523,872220
2026-10-01T07:15:15.022Z,ISRG,stock,406.63,-1.3464991023339345,26.442103732075978,0.7777864158642938,0.09846367891448873,1647779
2026-10-01T07:15:15.022Z,TMO,stock,675.05,-0.6709730580774355,24.852882586915214,1.2080978134603175,0.0000018083151507691076,2301587
2026-10-01T07:15:15.022Z,DHR,stock,221.55,-1.8430729697399302,45.920846241672564,1.8604651162790649,0.38058686084940757,5129770
2026-10-01T07:15:15.022Z,ELV,stock,388.82,-0.995594937998122,46.166368791289756,1.7669449724352941,0.3147559022892653,1303509
2026-10-01T07:15:15.022Z,CI,stock,271.83,-1.2460946014677057,26.074335527865827,2.3388648500188367,2.732423934130929,3080130
2026-10-01T07:15:15.022Z,CVS,stock,85.69,-1.6188289322617642,40.95258855585831,1.731647937027398,0.058384645852302464,8378085
2026-10-01T07:15:15.022Z,MDT,stock,86.29,-0.9185899644046356,41.0447803683776,1.2417739628039985,0.01738449592098945,26613729
2026-10-01T07:15:15.022Z,SYK,stock,275.39,-0.8996365468350787,51.09177288991651,0.4770306442990982,0.7684113540261119,2822589
2026-10-01T07:15:15.022Z,HON,stock,210.94,0.3854756579260469,55.499862675089254,0.4130974819162309,0.6873508353221947,1890950
2026-10-01T07:15:15.022Z,UPS,stock,93.44,-0.5216650697327894,36.73480685923075,0.7119334884775982,0.010702873586164934,3733059
2026-10-01T07:15:15.022Z,FDX,stock,285.09,-0.8279124778237911,49.153768013636125,1.0104166666666754,0.1739309464936733,1721624
2026-10-01T07:15:15.022Z,DAL,stock,83.46,-1.6613644397313665,46.09927926758003,0.8906294889284159,0.3788602677872092,6509781
2026-10-01T07:15:15.022Z,UAL,stock,110.95,-1.5090989791389282,56.20146556975651,0.9153815477461084,0.3845270013604888,4073171
2026-10-01T07:15:15.022Z,AAL,stock,13.37,-1.7634092578986058,64.70584935402982,1.072884496036242,1.096405401495788,55183838
2026-10-01T07:15:15.022Z,LUV,stock,41.64,-1.0456273764258501,52.08328918088375,0.7744552636867988,0.3252594347924843,4737757
2026-10-01T07:15:15.022Z,CARR,stock,54.86,-0.9389671361502403,46.15393644179701,1.1887616216173515,0.1460409318836266,6241931
2026-10-01T07:15:15.022Z,ETN,stock,429.71,-0.8216585500957838,32.39445700482261,0.8399690901691474,0.19820330118713944,1862004
2026-10-01T07:15:15.022Z,EMR,stock,155.1,-1.3609768506741382,36.07240919098583,1.953348753851114,-0.000003935213017729207,4612046
2026-10-01T07:15:15.022Z,MMM,stock,164.15,-2.575820523473205,29.64583367091754,2.9559527501634095,0.0000037182551676080576,3271947
2026-10-01T07:15:15.022Z,WM,stock,203.92,-1.5307354290405215,34.53209505199757,1.2733009019122563,0.014714115670880294,2336015
2026-10-01T07:15:15.022Z,LIN,stock,474.65,0.27040158860932734,25.403891947369132,1.2277573494623861,0.000001285898173548431,2639975
2026-10-01T07:15:15.022Z,APD,stock,278.23,-0.3438518571582003,18.43316262153938,1.4766267657969199,-0.00000394864956079449,988232
2026-10-01T07:15:15.022Z,FCX,stock,70,-1.1159768328860096,27.458631946268426,5.418189461539596,0.05717683826588528,16652497
2026-10-01T07:15:15.022Z,NEM,stock,115.34,-1.4945768212486121,29.22696185402367,2.1215176642760682,0.0000031750559170145876,5839958
2026-10-01T07:15:15.022Z,EOG,stock,137.76,-1.3604467993699025,25.19780024835906,1.4133900609903913,0.0617373861326333,3525509
2026-10-01T07:15:15.022Z,COP,stock,125.15,-0.2311862244897896,36.04652194355976,1.0358999635905408,-0.0000012192400175481677,6253430
2026-10-01T07:15:15.022Z,MPC,stock,395.42,0.864729740070924,7.244064026306887,2.131029578325967,0.13421087692844072,1647478
2026-10-01T07:15:15.022Z,PSX,stock,255.31,1.2130822596630337,17.301857917628737,1.8868654206710083,0.04506070749070612,2491476
2026-10-01T07:15:15.022Z,HAL,stock,31.8,0.8243500317057754,46.808268876461945,0.578398020388621,1.3707336603855518,13815277
2026-10-01T07:15:15.022Z,BKR,stock,54.9,-1.824034334763954,22.067598670190094,2.0167745920323163,0.03644120170468327,8364819
2026-10-01T07:15:15.022Z,WMB,stock,67.97,-0.9616785662246781,51.968617462243635,1.4784720906698126,0.6515640880449978,9504473
2026-10-01T07:15:15.022Z,KMI,stock,30.15,-0.9852216748768498,46.05257213987783,1.502778834300326,0.11622191315904155,11694276
2026-10-01T07:15:15.022Z,PG,stock,145.28,-2.049622437971947,26.598451500109263,2.0726676963651745,8.402416963062534e-7,8551038
2026-10-01T07:15:15.022Z,CL,stock,85.32,-1.3185287994448307,16.57315680203446,1.625738847409924,0.011724817363138674,4670812
2026-10-01T07:15:15.022Z,KMB,stock,97.43,-1.575916759268601,22.598665494232662,1.9226861368043964,-3.132256732760965e-7,4133581
2026-10-01T07:15:15.022Z,PM,stock,190.82,-1.5884476534296093,33.391488067608876,1.7935682597700109,-0.000003838286592441412,4352490
2026-10-01T07:15:15.022Z,MO,stock,67.34,-2.0081490104772928,61.76761056544146,2.122097364820548,0.6125798490285026,7519547
2026-10-01T07:15:15.022Z,MDLZ,stock,57.82,-1.6666666666666614,25.69459161615734,1.9584544366337202,5.278031531389562e-7,9931680
2026-10-01T07:15:15.022Z,GIS,stock,32.16,-4.908338261383808,26.086884409817102,4.4279389548705,0.39019869887086994,12271398
2026-10-01T07:15:15.022Z,KR,stock,58.62,-3.5696660634972885,17.721109458598107,3.601383528751097,0.0000018221003945397102,7505022
2026-10-01T07:15:15.022Z,DG,stock,119.58,-2.4951076320939354,56.741627614584516,2.634045008426098,0.5085114802590242,2563528
2026-10-01T07:15:15.022Z,DLTR,stock,114.02,0.6354810238305374,77.86884904173667,0.2013129102844674,1.1622756864238235,2676108
2026-10-01T07:15:15.022Z,TJX,stock,132.31,-1.113602391629304,48.92089489977386,1.3440231229314787,0.1324444700037513,7692654
2026-10-01T07:15:15.022Z,ROST,stock,233.4,-0.42662116040955633,48.309007813651775,0.8116941814672121,0.0000026150453257472333,1728443
2026-10-01T07:15:15.022Z,BKNG,stock,162.91,0.35111494394480297,53.66796276658418,1.7786088264173394,0.9731025770084618,7761242
2026-10-01T07:15:15.022Z,MAR,stock,355.67,-1.6453735965931058,28.125,1.773038858521702,-0.000003775334959974666,1099207
2026-10-01T07:15:15.022Z,HLT,stock,318.12,-1.6448182043037325,45.95050558235996,1.5717858957805846,0.050323483841358006,1326655
2026-10-01T07:15:15.022Z,CMG,stock,31.95,0.21957340025094194,60.439652570508734,0.24976204291516946,1.171627856832887,14108329
2026-10-01T07:15:15.022Z,YUM,stock,136.34,-1.0092209395193397,32.11233945979403,1.303025479659382,0.0000026860125251395934,1911843
2026-10-01T07:15:15.022Z,EL,stock,92.77,-1.695454063791468,20.765430554687015,3.253727614462007,0.0000036185552562719173,3371957
2026-10-01T07:15:15.022Z,LULU,stock,96.19,-0.7019717146691512,44.07428129008924,1.646219837954164,0.15618396818278535,4120945
2026-10-01T07:15:15.022Z,BTC-USD,crypto,84002.37,0.521781881163247,36.41472734783806,0.3909087035064208,0.7665460007577839,36947996672
2026-10-01T07:15:15.022Z,ETH-USD,crypto,2711.27,1.0057396542199912,46.02513613838066,0.32535758739399717,1.2385609624068479,14063749120
2026-10-01T07:15:15.022Z,SOL-USD,crypto,118.92,0.7748656705869426,34.99973773681174,0.5020052375488513,0.8908095604913507,4255171584
2026-10-01T07:15:15.022Z,XRP-USD,crypto,1.5017,0.886581903216601,39.89121584210012,0.4903558757992553,1.083737573940094,3343137536
2026-10-01T07:15:15.022Z,BNB-USD,crypto,770,0.21194696638004276,40.98395101256704,0.2526086114638562,0.47497451824388603,1721042944
2026-10-01T07:15:15.022Z,DOGE-USD,crypto,0.09564,1.2307945685931871,49.65521848152259,0.2919062867305374,1.5394399504887242,1182459648
2026-10-01T07:15:15.022Z,ADA-USD,crypto,0.25262,2.4470081475016396,50.359932033682995,0.48454321630027436,2.946331187494858,549582656
2026-10-01T07:15:15.022Z,AVAX-USD,crypto,11.098,1.5102786703196256,45.62469079876737,0.5644677927502741,2.4367765842226383,658420096
2026-10-01T07:15:15.022Z,LINK-USD,crypto,14.419,0.4219616750124122,38.723475056712346,0.7571084049168838,1.1575718624455607,578040064
2026-10-01T07:15:15.022Z,DOT-USD,crypto,1.2557,2.8026640765558586,65.34967733519818,0.45187763044363427,3.3582996667752587,191700864
2026-10-01T07:15:15.022Z,LTC-USD,crypto,67.175,0.002813625869046492,43.93341047366653,0.706546463264266,0.3885512679001126,384253440
2026-10-01T07:15:15.022Z,BCH-USD,crypto,307.93,0.6601439538453336,44.171576214488994,0.4300619943176458,0.8482359642276514,229521040
2026-10-01T14:29:03.200Z,AAPL,stock,330.94,-0.6245871118851674,49.855778334603066,0.2937524727177012,0.6278981375902692,7289567
2026-10-01T14:29:03.200Z,MSFT,stock,517.99,0.9923961785923245,46.50022233266198,0.394196237589248,0.2574278877022074,5622022
2026-10-01T14:29:03.200Z,NVDA,stock,229.75,0.5998773973202577,46.80376650772446,0.815920995781568,0.04136692917989697,23512392
2026-10-01T14:29:03.200Z,TSLA,stock,355.055,0.06905104140244202,42.16404207387594,0.6630727772008798,0.13396509834814693,7375771
2026-10-01T14:29:03.200Z,AMZN,stock,246.7,-0.9833433674493346,24.35947142257116,1.5464419816166268,0.0000012370319573905698,9010472
2026-10-01T14:29:03.200Z,META,stock,724.6,-0.07998014286107273,41.74063949002507,1.0312127517997065,0.2129840464976736,3693055
2026-10-01T14:29:03.200Z,GOOGL,stock,341.6,-0.7207626133457223,24.07151893991157,2.0586039349808747,-0.000001786743411360793,9312552
2026-10-01T14:29:03.200Z,AMD,stock,606.52,-0.8565450503465426,41.86978925764862,1.4493699476831632,0.3715155343569479,5292733
2026-10-01T14:29:03.200Z,NFLX,stock,68.17,-2.0264443805691243,17.154930722034862,1.7015118963000766,0.03669140533465635,9236339
2026-10-01T14:29:03.200Z,JPM,stock,325.95,-1.4750778345373745,9.474599224751245,1.993501365069368,-0.0000037450623728202945,1653732
2026-10-01T14:29:03.200Z,V,stock,359.53,0.05565914340577982,32.60283751226912,0.6576230659629538,0.07237203058399713,786886
2026-10-01T14:29:03.200Z,XOM,stock,163.608,0.5271889400921684,81.05961349492303,-0.0001201992016402996,1.2175207979353648,1762761
2026-10-01T14:29:03.200Z,SPY,stock,760.12,-0.32912421488795235,28.060092644743037,0.6093293650932992,0.003943367689647893,9850051
2026-10-01T14:29:03.200Z,QQQ,stock,737.91,-0.2514294983575995,32.96467829153275,0.6636727528453439,0.0067783386320425095,9762117
2026-10-01T14:29:03.200Z,DIA,stock,505.65,-0.570248746435952,16.30240678056451,0.907344750014283,0.0000012070633196748602,974834
2026-10-01T14:29:03.200Z,IWM,stock,276.19,-0.6117528518478494,31.688729833339124,0.69394331622014,0.19408362738651852,8725720
2026-10-01T14:29:03.200Z,XLK,stock,196.23,0.24521072796934346,41.510878799769884,0.522150732798613,0.06506716158174458,1952968
2026-10-01T14:29:03.200Z,XLF,stock,52.9,-0.9363295880149813,15.690453321901003,1.1861396268273396,0.00945182378875071,13046685
2026-10-01T14:29:03.200Z,PLTR,stock,190.33,1.7535418337342963,68.56673508315141,0.6550652033755081,1.794354211507259,5637816
2026-10-01T14:29:03.200Z,SOFI,stock,15.665,-0.34987277353690516,19.338298280225885,1.6943860213791864,2.435172160644313e-7,9351018
2026-10-01T14:29:03.200Z,COIN,stock,189.25,1.5235234161257463,59.20777917965117,0.7837663663306205,1.0680907877169559,1755074
2026-10-01T14:29:03.200Z,HOOD,stock,112.115,-0.3422222222222268,47.33014899836031,0.818295212345747,0.40299026622770345,4924922
2026-10-01T14:29:03.200Z,RIVN,stock,14.58,-2.4096385542168637,27.777695361094572,1.619431172512351,5.232780917886405e-7,5670747
2026-10-01T14:29:03.200Z,LCID,stock,4.067,-0.0737100737100765,18.06801568485531,3.511272769397708,0.2959351952992245,2283092
2026-10-01T14:29:03.200Z,F,stock,11.985,-0.6218905472636904,21.889250038694612,1.1146774459301858,0.31471204302573397,6620473
2026-10-01T14:29:03.200Z,GM,stock,76.915,-0.11038961038960227,25.342279634623026,0.9274194840196367,0.3850133683676155,910045
2026-10-01T14:29:03.200Z,BAC,stock,53.025,-2.581297078816831,14.8573148399349,2.330080851344295,0.028299715038288577,11349571
2026-10-01T14:29:03.200Z,WFC,stock,78.481,-1.9600249843847628,19.865356051399488,2.0823474661320165,0.3208444743651602,3289980
2026-10-01T14:29:03.200Z,GS,stock,885.79,-1.6182415922519937,21.672166664994933,1.5329394637349458,0.25465989413176054,479299
2026-10-01T14:29:03.200Z,MS,stock,184.17,-2.0789025946405917,22.08842724515121,1.487027009158953,0.04345899489427912,1296703
2026-10-01T14:29:03.200Z,PYPL,stock,52.925,0.7519512659432629,32.31679837340431,1.0379538138592428,0.0000014415483444137368,1322661
2026-10-01T14:29:03.200Z,SHOP,stock,150.47,1.4632501685771997,43.01770800166548,1.1431618402974975,-8.112601290847282e-7,1329620
2026-10-01T14:29:03.200Z,CRM,stock,235.33,2.5090386374526377,32.289980128454516,0.9762229985559798,0.04463551653100299,1676876
2026-10-01T14:29:03.200Z,ORCL,stock,136.07,-0.8958485069191682,26.21465076660988,1.8678808551172235,0.19144573012312144,5311741
2026-10-01T14:29:03.200Z,AVGO,stock,347.24,-1.1247472877929292,25.62083517813808,1.5718054107322237,0.0000028123560890850987,4226444
2026-10-01T14:29:03.200Z,MU,stock,1031.717,-3.1351691374599624,17.119124989341856,3.1806071292251583,0.39087759258375965,13684403
2026-10-01T14:29:03.200Z,INTC,stock,118.56,-1.3890044082175843,47.55553370338848,0.8363981089106921,0.4150083056172511,24779656
2026-10-01T14:29:03.200Z,TSM,stock,455.86,-0.07233828010258535,50.01901435231483,0.19485495347564014,0.14912448078754992,2177566
2026-10-01T14:29:03.200Z,ASML,stock,1799,-0.6993547389977244,20.660902378624712,1.1345630224387537,0.017787837720355238,479692
2026-10-01T14:29:03.200Z,QCOM,stock,183.13,-0.4944577265811762,38.17584849097679,0.6321377034212019,-0.0000026663093836927785,1174482
2026-10-01T14:29:03.200Z,ARM,stock,290.1,0.15190223020092444,47.95917350512947,0.7101866619873142,0.49885551154368923,1011525
2026-10-01T14:29:03.200Z,SMCI,stock,40.5,-1.3878743608473345,39.3854730744887,1.794378390758369,0.5711436295551032,6061390
2026-10-01T14:29:03.200Z,NOW,stock,137.8,2.8281471531975377,33.614681263516474,1.2787954493753255,-0.0000022146282536619925,3101456
2026-10-01T14:29:03.200Z,UBER,stock,67.84,-0.9779594219821948,28.386986532722418,1.2085338686397822,0.25122186442249245,2951939
2026-10-01T14:29:03.200Z,ABNB,stock,159.63,-0.6349206349206412,32.754865616311406,0.9862307459770375,-0.000003058831269304315,591693
2026-10-01T14:29:03.200Z,DIS,stock,102.11,-2.6596758817921886,5.069918906838652,1.9587148305245228,-5.977392610127542e-7,1350348
2026-10-01T14:29:03.200Z,WMT,stock,104.09,0.16358737490377379,39.55053714034913,0.4447422923997246,0.32287866170320656,3903266
2026-10-01T14:29:03.200Z,COST,stock,911.445,0.12138321945646881,55.30443274456522,0.05428015440500482,0.6754424126809282,267571
2026-10-01T14:29:03.200Z,HD,stock,277.595,-2.4236352771626355,10.467412477438032,1.908402522839186,-4.3974246378616646e-7,1638159
2026-10-01T14:29:03.200Z,LOW,stock,179.6,-2.5449020565413196,9.554354727934793,2.077315078804771,-0.00000339839388823098,501587
2026-10-01T14:29:03.200Z,NKE,stock,35.75,0.9887005649717555,46.57995329480372,0.34843205574912894,0.23832632073661464,10535401
2026-10-01T14:29:03.200Z,SBUX,stock,94.275,0.3352490421456066,51.863523279232325,0.25920085883157135,0.4207528314213449,594452
2026-10-01T14:29:03.200Z,MCD,stock,230.449,-0.2126093357581993,31.173245778050344,0.6621577733787495,0.0017325937444350374,1063018
2026-10-01T14:29:03.200Z,PEP,stock,126.4,-0.2525252525252471,43.780853128559976,0.605487284762216,0.05540898276794855,1209121
2026-10-01T14:29:03.200Z,KO,stock,86.274,0.22537174721189895,53.50522764193777,0.39369378534865435,0.13812456896200667,3529323
2026-10-01T14:29:03.200Z,TGT,stock,157.312,0.3969621545727322,60.98422278951932,-0.0000022503300155016735,1.028831299889832,332985
2026-10-01T14:29:03.200Z,CVX,stock,206.2,0.9744870476470204,86.17163519414349,-0.0000014799989555273036,1.2198432647479853,856167
2026-10-01T14:29:03.200Z,OXY,stock,57.08,3.1814895155459113,82.70685461665545,0.07877461706783669,2.339755156287336,2573703
2026-10-01T14:29:03.200Z,SLB,stock,48.21,-1.0467980295566461,39.83359187702722,0.45426451329645906,0.5107887973161855,2737958
2026-10-01T14:29:03.200Z,UNH,stock,365.275,-0.4917184265010371,19.74511487854788,1.4155751833076844,0.42614444167284615,872699
2026-10-01T14:29:03.200Z,LLY,stock,1143.521,-1.1718290870121315,43.32347045910088,0.7730667629024006,0.01582312308393972,398719
2026-10-01T14:29:03.200Z,NVO,stock,37.54,-0.9759957794777038,26.785921076831897,0.6878286833551961,-0.000002438804800944929,2670211
2026-10-01T14:29:03.200Z,PFE,stock,28.455,-0.22791023842917701,47.04284270639938,0.24539743897069966,0.12315244057739314,4860090
2026-10-01T14:29:03.200Z,MRK,stock,144.475,-0.57463354208245,47.83217414867673,0.21238838817571112,0.13515471468876986,913689
2026-10-01T14:29:03.200Z,JNJ,stock,262.35,-0.902772531540374,40.90919900122864,0.5232665714330261,0.059113511490177094,799031
2026-10-01T14:29:03.200Z,ABBV,stock,259.73,-0.7110363546006946,45.43088290757651,0.8115219862792915,-0.000004229903223385461,484647
2026-10-01T14:29:03.200Z,BA,stock,186,-0.026874496103204172,47.23494770150304,0.8792933387435019,0,1687422
2026-10-01T14:29:03.200Z,CAT,stock,806.305,-0.5531641978810806,35.69699026671435,0.9416773319664216,0.25551756294683864,364750
2026-10-01T14:29:03.200Z,GE,stock,312.02,-0.08645809984310693,27.891189415118887,0.6400658494762275,0.11711707565505401,578578
2026-10-01T14:29:03.200Z,LMT,stock,507.365,-0.37015218458517246,27.678848394912677,0.7132951793442904,0.05620679878553359,108318
2026-10-01T14:29:03.200Z,RTX,stock,184.75,-0.48478319418260474,19.632566487192037,0.7627427528127784,0,356471
2026-10-01T14:29:03.200Z,NOC,stock,484.2,0.14892032762471466,44.76261198297224,0.3498649758877238,0.19451024611593085,91596
2026-10-01T14:29:03.200Z,DE,stock,651.92,-2.9230883776338317,26.054890058695648,1.627423485822449,0.0000026214633938330983,302444
2026-10-01T14:29:03.200Z,BABA,stock,107.62,0.07439092430723293,8.337302779589464,1.586578852062723,-0.0000025521110914390466,1933268
2026-10-01T14:29:03.200Z,PDD,stock,77.488,-0.5799332820118016,12.269823788546262,1.3312798518449873,0.0000013390430385209734,638807
2026-10-01T14:29:03.200Z,SNOW,stock,343.35,1.1161503121686949,72.2748178666325,0.12944150157893258,1.953859073250443,935787
2026-10-01T14:29:03.200Z,DDOG,stock,274.16,0.11320065729413994,59.773317005752716,1.2071671823493046,1.1175091235854073,597109
2026-10-01T14:29:03.200Z,PANW,stock,392.76,-1.1452014799526846,63.37792141724272,1.2359308339320356,1.4805057072515555,1369011
2026-10-01T14:29:03.200Z,CRWD,stock,265.87,0.42304060434372226,68.58701307611821,1.108427017244785,2.2901454354050754,2033702
2026-10-01T14:29:03.200Z,NET,stock,347.725,0.12813867772404114,61.141088929888774,0.9922814099449827,1.398246705342029,547400
2026-10-01T14:29:03.200Z,ROKU,stock,151.35,-0.6107171000788066,19.92280810404317,0.6302918875856748,-0.0000040327158140382574,299086
2026-10-01T14:29:03.200Z,PINS,stock,18.835,-0.29115934356802387,35.51515477342508,1.0247014167600668,0.5069382606303436,1300912
2026-10-01T14:29:03.200Z,ADBE,stock,242.88,1.2253063265816444,30.31472981919586,1.0974231830328371,0.078288168726529,827433
2026-10-01T14:29:03.200Z,AMAT,stock,526.23,2.9039070749736053,36.3412129616887,0.862831819230791,0.019005781130044197,1850565
2026-10-01T14:29:03.200Z,LRCX,stock,333.43,1.4976713037654914,19.39271072667478,1.8312951592102913,0.07953760097300315,2130476
2026-10-01T14:29:03.200Z,KLAC,stock,195.29,0.1846816806032859,19.60505448859024,2.1022788013857836,0.0000034378961597407463,1611272
2026-10-01T14:29:03.200Z,TXN,stock,278.86,-0.4391445606769115,40.212738310942996,0.772159124905751,0.000005252972202223614,552175
2026-10-01T14:29:03.200Z,ADI,stock,394.6,-0.531874669153779,45.64323808482403,0.8717078052535836,0.04056321813291243,351741
2026-10-01T14:29:03.200Z,MRVL,stock,261.51,-1.0219143862836337,55.44512422917748,0.42645732094178035,0.9067743111141955,3881308
2026-10-01T14:29:03.200Z,CDNS,stock,349.57,5.870951133455484,61.71668268164684,1.2988150473876803,1.3540174503213351,666377
2026-10-01T14:29:03.200Z,SNPS,stock,487.075,11.98671081068653,69.56522505763644,0.8640005008828207,3.1261253239879863,2466380
2026-10-01T14:29:03.200Z,WDAY,stock,188.27,-1.1498477370576485,21.128241934095684,3.2503410575945426,0.5393599929467062,443296
2026-10-01T14:29:03.200Z,TEAM,stock,185.84,3.653299124323728,54.53314089500341,0.5405437894158132,1.438278509107093,350687
2026-10-01T14:29:03.200Z,ZS,stock,200.58,0.5816868919867743,55.02466216368582,1.1775145126517002,0.511125703490137,414387
2026-10-01T14:29:03.200Z,OKTA,stock,209.58,0.22476208693988756,65.74016826545802,1.4274653315857477,1.9655574807006513,564759
2026-10-01T14:29:03.200Z,MDB,stock,354.42,1.666618857749348,73.86306617924046,0.02538990808312907,2.7691608484430215,801382
2026-10-01T14:29:03.200Z,FSLR,stock,169.55,-3.202786024206431,24.045615347821766,1.9658843644037038,0.4142751359912504,469795
2026-10-01T14:29:03.200Z,ENPH,stock,31.82,-3.546529251288274,26.85961346772777,2.3746754862468893,0.4425531925141642,884229
2026-10-01T14:29:03.200Z,NEE,stock,74.995,-0.9836282017427916,39.39417292170795,0.418267917680739,0.6306587916779722,2934854
2026-10-01T14:29:03.200Z,DUK,stock,112.815,-1.048153670730644,30.487795727566734,0.6985358714909643,0.09759830278890194,612986
2026-10-01T14:29:03.200Z,SO,stock,82.57,-0.3860538062492549,50.33007496617876,0.13304342618501663,0.5969763133703008,1550429
2026-10-01T14:29:03.200Z,T,stock,24.43,0.12295081967213582,38.31775367744052,0.6102519290953631,0.04094972839808452,4384182
2026-10-01T14:29:03.200Z,VZ,stock,45.945,0.16350555918901863,49.397463002114165,0.476553473766633,0.2290572579899564,2664216
2026-10-01T14:29:03.200Z,CMCSA,stock,21.64,-0.5514705882352987,29.578015957562442,0.9837545034985051,0.0000028204786519559598,2466081
2026-10-01T14:29:03.200Z,TMUS,stock,162.447,-0.3881530537159736,31.740643299669017,0.7623979158673485,0.04434180138568297,527083
2026-10-01T14:29:03.200Z,AXP,stock,299.82,-1.407431765866501,8.248603825543697,1.6274029789233682,-0.000002442871915782779,617864
2026-10-01T14:29:03.200Z,MA,stock,551.218,-0.045696048742464024,30.103635263164392,0.708281408834058,0.0000853933519787213,395649
2026-10-01T14:29:03.200Z,BLK,stock,1054.34,-0.3732436288729975,3.4693893408548746,1.367680874097293,0.0000032418089540552046,66199
2026-10-01T14:29:03.200Z,SCHW,stock,97.19,-0.5627174135461399,22.455896131709267,0.8012232573072647,0.22687302931569203,975115
2026-10-01T14:29:03.200Z,C,stock,124.92,-3.5217794253938743,8.158959916825637,2.948371554102641,0.0000014657818732345263,3204426
2026-10-01T14:29:03.200Z,TFC,stock,45.185,-2.408207343412516,14.915313852114124,2.239292932427529,0.1551553118230633,1554209
2026-10-01T14:29:03.200Z,USB,stock,56.25,-2.614265927977836,9.939792260318043,2.3098329085800344,0.08006079081817567,1427367
2026-10-01T14:29:03.200Z,CB,stock,327.68,0.7471176018447369,64.22202596271339,0.24050939743879576,0.43985498759821645,185464
2026-10-01T14:29:03.200Z,PGR,stock,209.42,1.0665508421408134,57.55822979644522,0.12399498515019383,0.5618247298919508,313420
2026-10-01T14:29:03.200Z,AMGN,stock,415.75,-1.3665156224051602,25.235934611996242,1.2470308788598574,0.040909917038271806,260325
2026-10-01T14:29:03.200Z,GILD,stock,147.75,-0.8721905400872266,38.232240702813066,0.985123447713237,0.003387514283330042,480926
2026-10-01T14:29:03.200Z,BMY,stock,61.58,-1.3141025641025645,14.601598131125073,1.4877593129175348,0.016242171878100894,1700620
2026-10-01T14:29:03.200Z,REGN,stock,737.795,-2.7002255133395785,5.209431531034028,4.644999390228227,0.0000023163404610944373,162798
2026-10-01T14:29:03.200Z,ISRG,stock,407.48,0.20903524088238024,42.028795238720406,0.46168384095821335,0.34228956010845163,205485
2026-10-01T14:29:03.200Z,TMO,stock,665.82,-1.3673061254721732,46.25634847273143,0.7963732021675811,0.009010789698253138,358290
2026-10-01T14:29:03.200Z,DHR,stock,220.405,-0.5168133604152607,60.99251625567415,0.24666076296432474,0.39857934021254343,620797
2026-10-01T14:29:03.200Z,ELV,stock,381.48,-1.8877629751555924,28.76341552798283,1.9098374799636573,1.1883289124668484,148347
2026-10-01T14:29:03.200Z,CI,stock,266.62,-1.9166390758930139,33.275467629868885,1.7720932857728453,0.9599214748836244,349148
2026-10-01T14:29:03.200Z,CVS,stock,84.76,-1.0853075037927327,26.08471283814916,1.154518950437312,0.42642045326143274,1128888
2026-10-01T14:29:03.200Z,MDT,stock,86.145,-0.16803801135706364,60.191075064509704,0.22584705369631122,0.6366840369087964,2617915
2026-10-01T14:29:03.200Z,SYK,stock,274.83,-0.20334797922945724,34.440505442123566,0.7833607091890938,0.46425005583435586,323588
2026-10-01T14:29:03.200Z,HON,stock,211.93,0.4693277709301266,56.45889519904829,0.1342960407175205,0.7894591210394906,264861
2026-10-01T14:29:03.200Z,UPS,stock,93.905,0.4976455479452091,59.21447504898006,0.2390282162786292,0.5622218483871457,653678
2026-10-01T14:29:03.200Z,FDX,stock,284.095,-0.3490125925146262,26.970555891145096,0.6348164243509061,-4.2968130113871274e-7,161513
2026-10-01T14:29:03.200Z,DAL,stock,82.91,-0.6589983225497211,29.00451487398317,1.1564106881017409,0.19335347432023758,962832
2026-10-01T14:29:03.200Z,UAL,stock,110.08,-0.7841369986480438,34.84843071193323,0.9893868520924751,0.4196289380519194,685443
2026-10-01T14:29:03.200Z,AAL,stock,13.12,-1.8698578908002992,17.413830824002062,1.8698570508523886,8.72263095925144e-7,6845775
2026-10-01T14:29:03.200Z,LUV,stock,41.68,0.09606147934677989,49.35075872797262,0.095880200222226,0.5427527656668972,682630
2026-10-01T14:29:03.200Z,CARR,stock,54.22,-1.1666059059423999,25.24603687714493,1.4808755331548056,0.14887404940658183,511132
2026-10-01T14:29:03.200Z,ETN,stock,425.38,-1.0076563263596343,25.61927979045811,1.1433855292916997,0.07764079908455054,192339
2026-10-01T14:29:03.200Z,EMR,stock,156.245,0.7382333978078726,56.64613852805871,0.3508432106584383,0.4371147416976877,407652
2026-10-01T14:29:03.200Z,MMM,stock,162.95,-0.7310386841303789,28.27327894334718,0.9181604354998947,0.0000018728185690611863,263538
2026-10-01T14:29:03.200Z,WM,stock,202.775,-0.561494703805405,36.3540420106921,0.6783912800087866,0.08143694247637902,310078
2026-10-01T14:29:03.200Z,LIN,stock,462.95,-2.464974191509531,27.670557688092572,1.0367652671071017,0.05943960972325074,297456
2026-10-01T14:29:03.200Z,APD,stock,268.785,-2.7621011504232658,40.110863327479294,0.593592426304767,0.3940495911479173,254469
2026-10-01T14:29:03.200Z,FCX,stock,68.79,-1.7285714285714195,39.94977667874327,0.6355674355019656,0.22582918182458764,2194367
2026-10-01T14:29:03.200Z,NEM,stock,114.86,-0.41616091555401763,47.35070893674647,0.10436889322490857,0.47675068622169303,725098
2026-10-01T14:29:03.200Z,EOG,stock,140.71,2.1414053426248674,88.69806363724823,0.06392262060159161,1.9342269224345277,372833
2026-10-01T14:29:03.200Z,COP,stock,126.56,1.1266480223731494,77.75315906088659,0.00395246814660603,1.2879488968366326,542331
2026-10-01T14:29:03.200Z,MPC,stock,411.5,4.066562136462491,83.03370388727608,0,2.846720918106929,326914
2026-10-01T14:29:03.200Z,PSX,stock,260.984,2.2223963025341655,69.26433818870747,0.00015538000339152113,1.6866642552728948,348311
2026-10-01T14:29:03.200Z,HAL,stock,31.865,0.2044025157232633,58.39415042170536,-7.182860066478336e-7,0.9664148897934979,1463858
2026-10-01T14:29:03.200Z,BKR,stock,54.97,0.12750455373406244,54.93675653620414,0.3986204605602546,0.410998397123335,1425737
2026-10-01T14:29:03.200Z,WMB,stock,68.06,0.1324113579520427,69.20715113114593,0.23453711204942962,0.9343017825492486,1281552
2026-10-01T14:29:03.200Z,KMI,stock,30.195,0.14925373134328923,73.71615856023583,0.16531935144977,0.9359822025856044,1465931
2026-10-01T14:29:03.200Z,PG,stock,143.91,-0.9430066079295186,36.03107569721115,0.38417357280966663,0.22285930097550172,1172457
2026-10-01T14:29:03.200Z,CL,stock,84.465,-1.0021097046413383,37.5383228556807,0.6703165021010737,0.04737571429836997,587641
2026-10-01T14:29:03.200Z,KMB,stock,94.37,-3.1407164117828206,29.77674117462199,2.1311931415286023,-0.0000029104397019867676,1185223
2026-10-01T14:29:03.200Z,PM,stock,187.535,-1.7215176606225746,25.69291546259346,1.7601321130778618,0.06403261113904894,453916
2026-10-01T14:29:03.200Z,MO,stock,66.572,-1.1404811404811415,19.430809693253266,0.9860944513020254,0.0016524286463028381,995049
2026-10-01T14:29:03.200Z,MDLZ,stock,57.67,-0.2594258042199906,48.770390567105565,0.7230162704159987,0.2869297084080122,1164051
2026-10-01T14:29:03.200Z,GIS,stock,31.48,-2.1144278606965057,23.117324044459068,1.8856135319805618,-0.0009558463917996939,2667157
2026-10-01T14:29:03.200Z,KR,stock,59.56,1.6035482770385616,75.28095907555678,0.2679189843145133,1.7771694020866275,1065970
2026-10-01T14:29:03.200Z,DG,stock,119.83,0.20906506104699782,40.92023578277979,0.41138330421492736,0.4105946682971335,219802
2026-10-01T14:29:03.200Z,DLTR,stock,114.71,0.6051569900017522,26.666786342584288,1.0267484988886746,0.32359950495009315,246644
2026-10-01T14:29:03.200Z,TJX,stock,132.81,0.37790038545839316,53.19135121096033,0.15787420366548005,0.8964484338035449,972380
2026-10-01T14:29:03.200Z,ROST,stock,232.37,-0.44130248500428493,32.781298189687575,0.5207929672253477,0.16379779207649495,207036
2026-10-01T14:29:03.200Z,BKNG,stock,161.19,-1.0557976797004476,32.19637909391997,1.59340842681981,0.031029297840975564,775625
2026-10-01T14:29:03.200Z,MAR,stock,355.65,-0.005623190035718125,41.67895153171293,0.3697793137208281,0.14219853917428102,107277
2026-10-01T14:29:03.200Z,HLT,stock,316.715,-0.4416572362630547,31.53409337205774,0.4745089400750798,0.04896463311904555,185344
2026-10-01T14:29:03.200Z,CMG,stock,32.04,0.28169014084507,54.794645819888224,0.40409753293304373,0.43887267443226363,2392899
2026-10-01T14:29:03.200Z,YUM,stock,136.07,-0.1980343259498388,30.608659653741228,0.8127693103741354,0.0036729199309684948,180800
2026-10-01T14:29:03.200Z,EL,stock,89.55,-3.4709496604505756,11.586180769675991,3.0161900818613785,0.10619659829052806,400404
2026-10-01T14:29:03.200Z,LULU,stock,97.33,1.1851543819523864,46.716117790443185,0.8253509218320578,0.27818096867687603,961954
2026-10-01T14:29:03.200Z,BTC-USD,crypto,84081.2,0.6161141251903176,62.435228056349125,0.30447984453922405,1.117728130661647,30970714112
2026-10-01T14:29:03.200Z,ETH-USD,crypto,2696.55,0.45736030147751333,57.92317058284062,0.8665101602891866,0.8097569728748212,12993129472
2026-10-01T14:29:03.200Z,SOL-USD,crypto,117.88,-0.10644832451405847,62.5352457748053,1.3721525176779281,0.8728387680310182,3438265088
2026-10-01T14:29:03.200Z,XRP-USD,crypto,1.4868,-0.1144236707049153,57.09016825318767,1.477699351493871,0.6158222230253518,2846365184
2026-10-01T14:29:03.200Z,BNB-USD,crypto,769.7,0.17290335067886164,59.713999226125345,0.29147123148535786,0.8265742583060207,1281898112
2026-10-01T14:29:03.200Z,DOGE-USD,crypto,0.09452,0.04532311400489817,56.910570747259534,1.4595460290858426,1.0152811394570855,864311040
2026-10-01T14:29:03.200Z,ADA-USD,crypto,0.24667,0.03405708077043917,55.13108003879884,2.828446976347042,1.2602644006787738,521656896
2026-10-01T14:29:03.200Z,AVAX-USD,crypto,10.969,0.3303520215116092,56.57013839919119,1.7202781779309686,1.2460805868028457,569745536
2026-10-01T14:29:03.200Z,LINK-USD,crypto,14.359,0.004088195540826476,57.443354459191916,1.1700755660033,1.4913785696812853,430224288
2026-10-01T14:29:03.200Z,DOT-USD,crypto,1.1853,-2.9609001115380607,49.815468125912766,6.032978064318581,0.19442362911580835,174810672
2026-10-01T14:29:03.200Z,LTC-USD,crypto,67.138,-0.05226793876297952,61.99880452023138,0.7612373122535985,0.6521401604228243,325375840
2026-10-01T14:29:03.200Z,BCH-USD,crypto,307.38,0.48035283516701033,53.977244813325974,0.8963127512527168,1.161755414045235,183067840
2026-10-01T19:41:23.329Z,AAPL,stock,329.65,-1.011951234160112,52.83754103393713,0.6824061842974324,1.0189190741098468,23870108
2026-10-01T19:41:23.329Z,MSFT,stock,515.77,0.5595632676935084,38.52906138315882,0.821086494838528,0.5693720489557044,12171737
2026-10-01T19:41:23.329Z,NVDA,stock,231.555,1.3902268149575319,43.19578114700066,0.2691845531470879,1.2948659259784392,73703973
2026-10-01T19:41:23.329Z,TSLA,stock,357.33,0.7102392829965282,48.36881605146271,0.501212613354285,0.7755692740356877,24300725
2026-10-01T19:41:23.329Z,AMZN,stock,248.68,-0.18864138069436037,18.78762657788876,0.7562593919271219,0.9622031037706726,23814352
2026-10-01T19:41:23.329Z,META,stock,728.635,0.47643343721559356,48.484601153553164,0.48009619570464024,0.7710290239026072,9775966
2026-10-01T19:41:23.329Z,GOOGL,stock,339.09,-1.450244129272265,47.52296639242552,2.7782552936553557,1.0068239346323222,25494919
2026-10-01T19:41:23.329Z,AMD,stock,615.61,0.6293317640904967,35.10546956582276,0.46484319258425844,1.8757974643960365,13414410
2026-10-01T19:41:23.329Z,NFLX,stock,68.038,-2.2161540672607094,35.534856318628286,1.891850761338787,0.33623720633411425,30327728
2026-10-01T19:41:23.329Z,JPM,stock,333,0.6559260042922396,54.73169416793422,0.019516443015559826,2.056450176026254,5583106
2026-10-01T19:41:23.329Z,V,stock,360.2,0.24211727381515724,55.156082824595636,0.47249416838609964,0.7383383094954906,2953176
2026-10-01T19:41:23.329Z,XOM,stock,163.55,0.4915514592934018,46.97711870093269,0.21963495458854942,1.181638590425466,6638614
2026-10-01T19:41:23.329Z,SPY,stock,764.8,0.28454165191507796,44.045503841982594,0.041169005756710585,0.7230251753642368,36018184
2026-10-01T19:41:23.329Z,QQQ,stock,743.215,0.4656852805601809,45.38337344259299,0.08402705325108345,0.8610752133832589,30827099
2026-10-01T19:41:23.329Z,DIA,stock,509.01,0.09045324943466317,48.79757806587075,0.2488827275877956,0.8100266306538444,3934420
2026-10-01T19:41:23.329Z,IWM,stock,279.07,0.4246284501061596,28.987271900772782,0.4068346917818202,1.2388678731842402,29266776
2026-10-01T19:41:23.329Z,XLK,stock,198.155,1.2286079182630911,49.796747967479675,0.10334775646338815,1.2286079182630911,9724683
2026-10-01T19:41:23.329Z,XLF,stock,53.435,0.06554307116105561,58.97433389412731,0.1867934018812575,1.15475480975006,35363754
2026-10-01T19:41:23.329Z,PLTR,stock,191.16,2.1972734562951004,73.56154838327082,0.22183714746631494,2.238263810601198,12070070
2026-10-01T19:41:23.329Z,SOFI,stock,15.896,1.119592875318067,45.84839616686751,0.24474690046877665,2.1593802784201888,32593760
2026-10-01T19:41:23.329Z,COIN,stock,190.115,1.9875543157555993,44.06983204170618,0.6609911435560313,1.8837051347867881,4668425
2026-10-01T19:41:23.329Z,HOOD,stock,111.86,-0.5688888888888894,49.49252436696239,1.0438790746376025,0.9430109060786195,15391826
2026-10-01T19:41:23.329Z,RIVN,stock,14.911,-0.19410977242302485,47.16977736991502,0.29421547262135533,2.3755607935801484,23175701
2026-10-01T19:41:23.329Z,LCID,stock,4.215,3.562653562653552,63.90604738889544,0.08059931549045136,3.9457503929643964,6994967
2026-10-01T19:41:23.329Z,F,stock,12.25,1.5754560530679893,69.9470738429801,0.05058531040246719,2.5327678370517566,32613273
2026-10-01T19:41:23.329Z,GM,stock,79.065,2.681818181818179,82.51396648044692,0.06951813027383853,3.1910691278682264,4908790
2026-10-01T19:41:23.329Z,BAC,stock,53.57,-1.58001102333272,43.99990844796412,1.32621275259809,1.2282725879535725,44972293
2026-10-01T19:41:23.329Z,WFC,stock,79.91,-0.17489069331667778,63.753089490292396,0.2994404507920287,2.147509358271686,11371533
2026-10-01T19:41:23.329Z,GS,stock,894.84,-0.6130880980940937,45.665704877519765,0.5269144489422689,1.4385280547224841,1789719
2026-10-01T19:41:23.329Z,MS,stock,187.542,-0.2860484900042593,63.56854689270323,0.041570791609275244,2.743033520934472,7099975
2026-10-01T19:41:23.329Z,PYPL,stock,53.54,1.922710831905574,64.54546085074803,0.08397701827281827,1.574655530153187,7222613
2026-10-01T19:41:23.329Z,SHOP,stock,149.607,0.8813216453135455,33.45306108650823,1.7101416457857888,0.9493947913164923,3798061
2026-10-01T19:41:23.329Z,CRM,stock,236.945,3.2125277693078367,84.98661807414156,0.29665218371159024,2.6069056484511135,6145148
2026-10-01T19:41:23.329Z,ORCL,stock,138.315,0.7392571012381546,61.30114437999686,0.42474985384385877,2.0247787323759123,15303914
2026-10-01T19:41:23.329Z,AVGO,stock,346.46,-1.346849283863441,26.2711263862807,1.7929031868514258,0.031758017769885655,14330888
2026-10-01T19:41:23.329Z,MU,stock,1087.4,2.092741594764878,60.102097405885424,0.43036129392968453,5.809093282533465,39541607
2026-10-01T19:41:23.329Z,INTC,stock,120.35,0.09980869999167458,31.79622976926781,1.1580175028683901,1.9310581105013107,86480637
2026-10-01T19:41:23.329Z,TSM,stock,458.38,0.4800631315899072,32.03613823752997,0.3781611613606026,0.9603125615239879,6188559
2026-10-01T19:41:23.329Z,ASML,stock,1812.22,0.030358729790743045,46.754632466352554,0.42774634475874634,1.0139167352875431,1198085
2026-10-01T19:41:23.329Z,QCOM,stock,183.34,-0.38035209737013076,22.768851954447513,1.461892719705733,0.12560722455452747,4700581
2026-10-01T19:41:23.329Z,ARM,stock,293.39,1.2877166332941936,48.634734863566074,0.8650150705992916,1.6386046829775915,2468073
2026-10-01T19:41:23.329Z,SMCI,stock,41.81,1.8018018018018067,42.28686947009872,0.36935577749147186,3.8241855593012124,22295811
2026-10-01T19:41:23.329Z,NOW,stock,138.88,3.6340571599134432,73.18593513088543,0.5050733817797299,2.8207540306382244,8105456
2026-10-01T19:41:23.329Z,UBER,stock,67.945,-0.8246971245073885,53.0454179317182,1.0556284449400206,0.8984313855225843,12482221
2026-10-01T19:41:23.329Z,ABNB,stock,160.595,-0.034235916588862006,65.60332003281104,0.38766977792508933,1.5716902030583777,3375131
2026-10-01T19:41:23.329Z,DIS,stock,101.53,-3.212583412774075,41.35803631979503,2.5156039246220216,0.08871998859201083,5929789
2026-10-01T19:41:23.329Z,WMT,stock,104.425,0.48595073133178934,32.57578822645435,0.576024741815129,0.6457546762259267,12317063
2026-10-01T19:41:23.329Z,COST,stock,916.93,0.7239053540435352,41.11149659918832,0.6657110338561597,1.281298829287026,1380485
2026-10-01T19:41:23.329Z,HD,stock,282.68,-0.6362262293929496,41.52072655636989,0.21884497694430566,1.8978754908372488,6276451
2026-10-01T19:41:23.329Z,LOW,stock,182.755,-0.8329263660535009,38.82366457709514,0.35712537431495434,1.9269363577449818,3084433
2026-10-01T19:41:23.329Z,NKE,stock,35.615,0.6073446327683713,27.416829390676668,1.6839158034937414,0.9638510543271319,52855847
2026-10-01T19:41:23.329Z,SBUX,stock,94.5,0.5747126436781675,46.49993514866215,0.42149791301091516,0.6604204992767597,2616206
2026-10-01T19:41:23.329Z,MCD,stock,231.41,0.20351606477872994,31.231744282171405,0.54153873677792,0.6918425833735891,4242374
2026-10-01T19:41:23.329Z,PEP,stock,125.805,-0.7220643939393877,42.04194566838983,1.073364935597393,0.05169567149261512,5255792
2026-10-01T19:41:23.329Z,KO,stock,85.945,-0.1568308550185933,40.579838344077224,0.7563492906028578,0.2215646349104762,10006306
2026-10-01T19:41:23.329Z,TGT,stock,155.9,-0.5041802284766048,11.918211472670862,1.344720125650734,0.12201738998184616,1968062
2026-10-01T19:41:23.329Z,CVX,stock,207.06,1.3956221536653417,60.638280603217375,0.11095243069227124,1.642001679916194,3983100
2026-10-01T19:41:23.329Z,OXY,stock,57.695,4.293203181489515,76.99069635550994,0.13847083300044782,3.4423996801331125,8918866
2026-10-01T19:41:23.329Z,SLB,stock,48.675,-0.09236453201970793,67.4287408337475,0.1640879219825436,1.480245689885189,10473273
2026-10-01T19:41:23.329Z,UNH,stock,365.36,-0.46856271112563214,52.681167326662774,1.392634450683162,0.6917442067696494,2693261
2026-10-01T19:41:23.329Z,LLY,stock,1155.16,-0.16593493967572212,62.93484141262911,0.08736119315682546,1.2445694457877596,1504045
2026-10-01T19:41:23.329Z,NVO,stock,37.556,-0.9337905565813749,20.34886944564579,0.6455006401728268,0.3366275548942302,9346477
2026-10-01T19:41:23.329Z,PFE,stock,28.16,-1.262272089761569,40.38470003081122,1.2622736745632588,0.1066506936667146,19125879
2026-10-01T19:41:23.329Z,MRK,stock,143.5,-1.2456128277475755,36.8419467534032,1.2659944848305544,0.09067788745213867,4278797
2026-10-01T19:41:23.329Z,JNJ,stock,259.66,-1.9188637908891681,54.18975364419061,1.5432490868622044,0.37884929332245476,4672013
2026-10-01T19:41:23.329Z,ABBV,stock,260.305,-0.4912267288504791,34.577779127319104,0.5919348193833291,0.4844671940437439,2094435
2026-10-01T19:41:23.329Z,BA,stock,193.81,4.170921795216334,78.3191334940349,-0.0000012596905644847536,4.109366237323346,10333809
2026-10-01T19:41:23.329Z,CAT,stock,825.24,1.7822124101185322,43.009354453321194,0.6656498671401533,2.609884986011813,1504460
2026-10-01T19:41:23.329Z,GE,stock,313.41,0.35864100675654187,56.34669108153157,0.1974329782845335,0.6260863669236791,2330830
2026-10-01T19:41:23.329Z,LMT,stock,506.5,-0.5400098183603338,63.93663633299629,0.8825677930836459,0.5792902069345506,573102
2026-10-01T19:41:23.329Z,RTX,stock,185.225,-0.22892539725290137,60.51169121663214,0.5075996015683217,0.4310618423199353,1821611
2026-10-01T19:41:23.329Z,NOC,stock,484.215,0.15202283445022685,56.923152295061215,0.4727530660280953,0.5012478763426131,637376
2026-10-01T19:41:23.329Z,DE,stock,663.04,-1.267217630853993,49.21904787842475,0.4167828047176656,2.798494556336602,1142403
2026-10-01T19:41:23.329Z,BABA,stock,107.32,-0.20457504184490707,33.57165433282836,1.8609147222019378,0.5715501562698115,5850674
2026-10-01T19:41:23.329Z,PDD,stock,76.529,-1.8103669489350802,33.2691360236485,2.5524147710851404,0.26070766955536334,3640364
2026-10-01T19:41:23.329Z,SNOW,stock,342,0.718576981976675,66.78407605977662,0.37867399918252354,1.552991999567931,2749272
2026-10-01T19:41:23.329Z,DDOG,stock,279.47,2.052218367719556,80.26822723313202,0.09295069392493815,3.075978533587737,2167243
2026-10-01T19:41:23.329Z,PANW,stock,396.55,-0.19128640104703906,81.71476362197501,0.28289126233767864,2.4597579646873573,3679481
2026-10-01T19:41:23.329Z,CRWD,stock,267.84,1.1671388101982907,62.65494821936093,0.37567642945366575,3.048078208970145,5357723
2026-10-01T19:41:23.329Z,NET,stock,351.63,1.2525915687629645,49.06239652021765,0.4205401286955741,2.5369630857701195,2145368
2026-10-01T19:41:23.329Z,ROKU,stock,150.81,-0.9653270291568157,53.614236340907425,0.98483197599468,0.366035879988697,1244747
2026-10-01T19:41:23.329Z,PINS,stock,19.36,2.4880889359449383,78.49487064845997,0.07741935483871261,4.002150083491968,7199571
2026-10-01T19:41:23.329Z,ADBE,stock,241.875,0.8064516129032269,41.20626904124154,1.5066668000496832,1.5684054001529981,2745559
2026-10-01T19:41:23.329Z,AMAT,stock,530.43,3.7252141264812773,51.41827086592749,0.5773105863520952,1.3586319223939511,4619414
2026-10-01T19:41:23.329Z,LRCX,stock,339.87,3.4580378070682825,61.33508940056269,0.029414719046990633,2.0354870265247054,6223580
2026-10-01T19:41:23.329Z,KLAC,stock,200.425,2.8189606525419406,41.33171801438452,0.7551359105160165,2.571651105668763,5673571
2026-10-01T19:41:23.329Z,TXN,stock,282.125,0.726552179656548,32.726978855958976,0.5060648790199075,1.2380056905553034,1983068
2026-10-01T19:41:23.329Z,ADI,stock,405.04,2.0997706132943565,48.71171131325343,0.03948968465219926,2.68735358812102,2046625
2026-10-01T19:41:23.329Z,MRVL,stock,267.58,1.275500548805876,43.37348680883971,0.6497555636256979,3.2489567135785853,11760748
2026-10-01T19:41:23.329Z,CDNS,stock,351.67,6.506958220391603,72.9262480240316,0.7058794739675124,3.5759315658662048,2425274
2026-10-01T19:41:23.329Z,SNPS,stock,492.375,13.205269692371363,63.32018841055976,0.5656196649792637,4.501605821828749,4952930
2026-10-01T19:41:23.329Z,WDAY,stock,186.765,-1.9400399033917997,61.29047380190046,4.023742219268323,1.6878593238710735,1729172
2026-10-01T19:41:23.329Z,TEAM,stock,190.555,6.283116738245309,52.43678514643278,0.19379496967063115,4.156875200117837,1633697
2026-10-01T19:41:23.329Z,ZS,stock,200.05,0.3159161568548911,55.54338494330796,1.4386368444310138,0.7402548873959371,1039210
2026-10-01T19:41:23.329Z,OKTA,stock,212.88,1.802878867581647,74.40900439719104,0.3813880981235199,3.571084437883161,2015753
2026-10-01T19:41:23.329Z,MDB,stock,353.64,1.4428731246952102,50.22944063521039,0.4027395428285235,2.5429886644190143,2064331
2026-10-01T19:41:23.329Z,FSLR,stock,171.99,-1.8097739209865196,30.182394096557488,1.4719358737054604,1.8593404933007072,1830860
2026-10-01T19:41:23.329Z,ENPH,stock,32.86,-0.3940588056987043,44.67005665908888,0.9047040072152555,3.7254021969206583,3869310
2026-10-01T19:41:23.329Z,NEE,stock,76.11,0.4885133350937478,45.555499042096876,0.43171432609412613,2.1268009951944786,10149419
2026-10-01T19:41:23.329Z,DUK,stock,113.55,-0.4034733795281185,30.000092478706776,0.35102848526084207,0.7497432724520654,3135007
2026-10-01T19:41:23.329Z,SO,stock,83.375,0.5851128000965128,48.45362446513969,0.07790321129472212,1.5777267788209945,4711144
2026-10-01T19:41:23.329Z,T,stock,24.375,-0.1024590163934368,59.61524354460094,0.8340110835734527,0.22615257346194134,17402979
2026-10-01T19:41:23.329Z,VZ,stock,45.92,0.10900370612601758,51.816480698593104,0.5307070522442843,0.27295957212081723,10637656
2026-10-01T19:41:23.329Z,CMCSA,stock,21.705,-0.2527573529411915,41.17642658927543,0.6863397180422958,0.6958927984250557,11839555
2026-10-01T19:41:23.329Z,TMUS,stock,161.67,-0.8646063281825024,49.309151113786875,1.237061140299764,0.1300590099100773,2217138
2026-10-01T19:41:23.329Z,AXP,stock,300.935,-1.040776060506419,61.023622047244096,1.261565324068784,1.2005481085084084,2449817
2026-10-01T19:41:23.329Z,MA,stock,551.815,0.06256006673074278,72.40210451889284,0.6007429104560382,1.011371651482092,1770719
2026-10-01T19:41:23.329Z,BLK,stock,1064.815,0.6165606780750164,45.637234585987876,0.6869232164360971,1.0284897331681189,338470
2026-10-01T19:41:23.329Z,SCHW,stock,98.274,0.5463474524248068,52.92626879390717,0.10774268792153807,1.3499754669694777,4147534
2026-10-01T19:41:23.329Z,C,stock,126.69,-2.154772937905462,50,1.5732404113773932,2.3881677577663685,10855218
2026-10-01T19:41:23.329Z,TFC,stock,46.125,-0.3779697624190004,67.3833937052909,0.20554136346619462,2.2273960370265753,6199842
2026-10-01T19:41:23.329Z,USB,stock,57.145,-1.0647506925207668,77.30884802690834,0.7554738055254356,1.8899900736930066,6022632
2026-10-01T19:41:23.329Z,CB,stock,331.07,1.7893927747886218,57.63755290496344,0.04226667633519105,1.4789513877689822,846234
2026-10-01T19:41:23.329Z,PGR,stock,210.615,1.6432604604024907,65.8317652443676,0.0000026081541723689507,1.1356542617046863,1475685
2026-10-01T19:41:23.329Z,AMGN,stock,409.85,-2.7662451661882206,22.88084774304842,2.6484560570071207,0.07569259379066141,1441646
2026-10-01T19:41:23.329Z,GILD,stock,147.38,-1.1204293861120536,30.02989377035179,1.2330794837494234,0.12228468443589698,2242783
2026-10-01T19:41:23.329Z,BMY,stock,61.389,-1.620192307692301,36.61081605209709,1.7933104329440417,0.17787405821547336,6879806
2026-10-01T19:41:23.329Z,REGN,stock,739.73,-2.4450393659250618,39.68833902399646,4.394913761862741,1.7720334108396316,727562
2026-10-01T19:41:23.329Z,ISRG,stock,401.01,-1.3820918279517016,56.652008101746254,2.0421611786165106,0.3365297002044002,1042824
2026-10-01T19:41:23.329Z,TMO,stock,655.71,-2.864972964965546,21.71362556960399,2.3027092493366164,0.07936591777288143,1700200
2026-10-01T19:41:23.329Z,DHR,stock,212.28,-4.18415707515234,12.357501139990873,3.923963370894793,5.750438727889801e-7,3026826
2026-10-01T19:41:23.329Z,ELV,stock,381.295,-1.9353428321588337,42.307858629913575,1.9574066318620713,1.1392572944297126,654653
2026-10-01T19:41:23.329Z,CI,stock,267.52,-1.585549792149506,49.14349021206325,1.440516074600382,1.30072084975195,1292275
2026-10-01T19:41:23.329Z,CVS,stock,85.275,-0.4843038861010527,49.79264408861537,0.5539358600583024,1.0366092986298812,4030024
2026-10-01T19:41:23.329Z,MDT,stock,86.435,0.16803801135704718,51.21920357275773,0.40903434932886296,1.3603030822216573,22153931
2026-10-01T19:41:23.329Z,SYK,stock,273.32,-0.7516612803660239,50.38350910834133,1.328487243152357,0.5444392591404242,1697083
2026-10-01T19:41:23.329Z,HON,stock,214.84,1.8488669763913934,57.80571973062412,0.004657250747668402,2.173394033709828,1473822
2026-10-01T19:41:23.329Z,UPS,stock,94.02,0.62071917808219,52.225442032102514,0.4025439827717972,0.6853745613690317,2719880
2026-10-01T19:41:23.329Z,FDX,stock,287.2,0.7401171559858339,43.60312779359029,0.3331495175975453,1.065379234267531,1078469
2026-10-01T19:41:23.329Z,DAL,stock,83.87,0.49125329499162573,66.67797702865481,0.22567295883696792,1.3534743202416974,4752014
2026-10-01T19:41:23.329Z,UAL,stock,111.49,0.48670572329877604,70.61844086383964,0.1790692425771756,1.9476951149969322,3083133
2026-10-01T19:41:23.329Z,AAL,stock,13.115,-1.9072550486162978,62.49990065883064,1.9072542089884896,0.6137334370876389,48434395
2026-10-01T19:41:23.329Z,LUV,stock,41.9,0.6243996157540778,58.51108730236031,0.344864253204821,1.0734486775778043,3567128
2026-10-01T19:41:23.329Z,CARR,stock,55.105,0.4465913233685699,58.33318195854753,0.17210282903336208,1.8200315734576236,4310410
2026-10-01T19:41:23.329Z,ETN,stock,437.695,1.8582299690488968,39.83170545887227,0.3800917850746749,2.9059467932882908,1188232
2026-10-01T19:41:23.329Z,EMR,stock,159.035,2.537072856221794,65.44641921854813,0.022007495195119332,2.2305772533258086,2118019
2026-10-01T19:41:23.329Z,MMM,stock,163.14,-0.6152908924764053,44.878880443276266,0.8026308281525193,0.40311375646245057,1616668
2026-10-01T19:41:23.329Z,WM,stock,202.3,-0.7944291879168185,61.77162332279161,0.9110519341426555,0.36713755227702943,1640784
2026-10-01T19:41:23.329Z,LIN,stock,470.34,-0.9080375013167602,72.64009917234841,0.029759178511033206,1.6951351351351298,1364677
2026-10-01T19:41:23.329Z,APD,stock,272.69,-1.3493958468996519,63.503519558050435,0.15377883420185956,1.8526085272992272,913752
2026-10-01T19:41:23.329Z,FCX,stock,69.13,-1.2428571428571493,50.2329054510543,0.603886460573206,0.8755307622803907,8445468
2026-10-01T19:41:23.329Z,NEM,stock,114.79,-0.4768510490723055,47.392233987433684,0.5027327145480268,0.4155163788210763,3656728
2026-10-01T19:41:23.329Z,EOG,stock,141.44,2.6713124274099935,40.49139098471658,0.38735507562928023,2.4630591706995846,1949840
2026-10-01T19:41:23.329Z,COP,stock,126.91,1.4063124250898849,48.461782243297804,0.275029176768203,1.5680593749805345,4033729
2026-10-01T19:41:23.329Z,MPC,stock,418.49,5.834302766678467,71.16132437086829,0.09546484295999312,4.5937405516854675,1507953
2026-10-01T19:41:23.329Z,PSX,stock,263.42,3.1765304923426476,52.46963969507831,0.22537151882433878,2.635797972764574,1717944
2026-10-01T19:41:23.329Z,HAL,stock,31.935,0.4245283018867862,64.63402152978722,0.09385312824865759,1.1882146400613647,6926550
2026-10-01T19:41:23.329Z,BKR,stock,55.77,1.5846994535519208,57.22938083406437,0.4729184404991925,1.8723190941889907,4107986
2026-10-01T19:41:23.329Z,WMB,stock,69.22,1.8390466382227453,80.00083231605815,0.20184632226007995,2.6546043107266915,4836273
2026-10-01T19:41:23.329Z,KMI,stock,30.525,1.2437810945273633,68.64187919664045,0.35906717173167235,2.039107691138447,7489377
2026-10-01T19:41:23.329Z,PG,stock,143.865,-0.9739812775330342,23.17616240995416,0.6662996746905799,0.23340153525553817,4312492
2026-10-01T19:41:23.329Z,CL,stock,84.435,-1.037271448663843,35.75774950062885,0.7055960913384749,0.011841217507639317,2900316
2026-10-01T19:41:23.329Z,KMB,stock,94.455,-3.053474289233304,6.802233848197972,2.0430417313032185,0.196248396649539,4549941
2026-10-01T19:41:23.329Z,PM,stock,188.87,-1.0219054606435325,75.0992419314638,1.0607947966886977,0.9406228335777542,1828246
2026-10-01T19:41:23.329Z,MO,stock,67.035,-0.45292545292546305,69.82807382170716,0.2974650234788183,0.8045112781954836,3860889
2026-10-01T19:41:23.329Z,MDLZ,stock,57.7,-0.20754064337599004,38.00048828125,0.671372269863066,0.3390990840149543,4908057
2026-10-01T19:41:23.329Z,GIS,stock,31.615,-1.6946517412935267,42.96449706788812,1.4648561567206373,1.346370601970113,12882190
2026-10-01T19:41:23.329Z,KR,stock,59.51,1.5182531559194825,19.117688307462743,1.2364136667644405,1.6917285278404093,5642560
2026-10-01T19:41:23.329Z,DG,stock,118.8,-0.6522829904666342,39.208852248464524,1.2673982854104437,-0.000002568819643895637,930640
2026-10-01T19:41:23.329Z,DLTR,stock,114.285,0.23241536572531185,32.653288194707045,1.3934439211532725,-0.000003204365630715519,1073260
2026-10-01T19:41:23.329Z,TJX,stock,133.425,0.8427178595722236,73.98982763492512,0.1720839335584135,1.363667135609057,3392975
2026-10-01T19:41:23.329Z,ROST,stock,234.55,0.49271636675235886,49.49095655416745,0.3483855776855603,1.1034934463637414,958107
2026-10-01T19:41:23.329Z,BKNG,stock,160.49,-1.4854827819041112,35.49223617216407,2.0207588462082646,0.45064512003845203,3955317
2026-10-01T19:41:23.329Z,MAR,stock,355.405,-0.07450726797313328,51.8137063703735,0.43841253196387275,0.8412772494764292,668165
2026-10-01T19:41:23.329Z,HLT,stock,316.63,-0.4683767131899941,55.172677700181765,0.5012196002588146,0.8680974279798069,904323
2026-10-01T19:41:23.329Z,CMG,stock,32.225,0.8607198748043885,58.49053887733289,-0.000004735078293010539,1.4960629921259887,12355446
2026-10-01T19:41:23.329Z,YUM,stock,137.11,0.5647645591902671,47.081804471993635,0.20379895981680907,0.8235858971946662,977148
2026-10-01T19:41:23.329Z,EL,stock,90.265,-2.7002263662821986,58.961127492945245,2.241835820650106,1.6555007166707714,2270654
2026-10-01T19:41:23.329Z,LULU,stock,96.475,0.29628859548809294,16.35216102006673,2.343355495569682,0.19212699419843743,3750736
2026-10-01T19:41:23.329Z,BTC-USD,crypto,84650.54,1.2974171800472356,27.61150443738515,0.5768498922063345,1.7969761177166512,33380675584
2026-10-01T19:41:23.329Z,ETH-USD,crypto,2695.9,0.4331451806023322,28.21191341831961,0.8904061638477414,0.8114594729020095,13786502144
2026-10-01T19:41:23.329Z,SOL-USD,crypto,117.83,-0.14881918966314242,27.777795891219355,1.413986521530285,0.8732150181705114,3306930944
2026-10-01T19:41:23.329Z,XRP-USD,crypto,1.4954,0.4633379357195897,28.730800539119528,0.9078232514285167,1.2389130818131187,2859763712
2026-10-01T19:41:23.329Z,BNB-USD,crypto,768.68,0.04015505729481332,33.998117086479525,0.6334208461430191,0.6929597257043815,1340660224
2026-10-01T19:41:23.329Z,DOGE-USD,crypto,0.09445,-0.028768851906870813,27.63804232249562,1.5325235129830501,0.9404708381477112,816661056
2026-10-01T19:41:23.329Z,ADA-USD,crypto,0.24695,0.14760771920484939,29.53741183957011,2.7181456229330756,1.5002030906342756,537747840
2026-10-01T19:41:23.329Z,AVAX-USD,crypto,10.968,0.32120530330380026,45.918421961746,1.7292379483587208,1.8573584460492922,554284864
2026-10-01T19:41:23.329Z,LINK-USD,crypto,14.347,-0.07948650035349314,36.80003662100061,1.2526689982205856,1.4065609261938405,406484704
2026-10-01T19:41:23.329Z,DOT-USD,crypto,1.1755,-3.763214444539773,32.211743736549664,6.809892613352312,1.0921952256206064,178170512
2026-10-01T19:41:23.329Z,LTC-USD,crypto,67.769,0.8870960418536694,46.45812802661835,0.2971865492510663,1.5981245573549168,288670144
2026-10-01T19:41:23.329Z,BCH-USD,crypto,306.31,0.1305773861019182,32.01815319070111,1.2412959816390754,0.8096079799472857,185316848
2026-10-01T23:24:52.568Z,AAPL,stock,330.32,-0.8107621163894028,56.22213783310769,0.48054727983353934,1.2242358518427612,35017775
2026-10-01T23:24:52.568Z,MSFT,stock,512.8,-0.01949697796841933,16.814547697563526,1.3921964335909416,0.000002380466360200768,18901325
2026-10-01T23:24:52.568Z,NVDA,stock,230.86,1.0859094491636827,26.723709513623305,0.5685212840989659,0.9908347808139888,97538145
2026-10-01T23:24:52.568Z,TSLA,stock,354.11,-0.19728868972125604,27.164790888555345,1.3978238561410543,0.000004136691457344634,30302824
2026-10-01T23:24:52.568Z,AMZN,stock,248.23,-0.36925546859322333,20.05499802979618,0.9358463441292872,0.7795065001165848,32645635
2026-10-01T23:24:52.568Z,META,stock,725.93,0.10342259852726221,39.01919350967871,0.8495559935329399,0.3969245223213481,12256112
2026-10-01T23:24:52.568Z,GOOGL,stock,338.24,-1.6972797023947848,46.296170712961704,3.0219619290630337,0.7536292065529508,33110940
2026-10-01T23:24:52.568Z,AMD,stock,615.73,0.6489472995946167,35.196190326262354,0.4454409430806923,1.8956559717232857,16633581
2026-10-01T23:24:52.568Z,NFLX,stock,67.85,-2.486346651336597,10.228406351317645,2.1629394479090647,0.05899195228797748,40467844
2026-10-01T23:24:52.568Z,JPM,stock,333.18,0.7103346129432104,76.05885526729914,0.044996423456520086,2.111615824770054,8061036
2026-10-01T23:24:52.568Z,V,stock,359.85,0.14471377285504652,49.735688985067235,0.5692032939859372,0.6404526392891609,5269567
2026-10-01T23:24:52.568Z,XOM,stock,163.82,0.6574500768049113,60.75880099714234,0.12193895089083666,1.348676452971556,11699884
2026-10-01T23:24:52.568Z,SPY,stock,763.99,0.17833025189148258,38.84498480243161,0.14703544548648517,0.6163493772574905,47246631
2026-10-01T23:24:52.568Z,QQQ,stock,742.03,0.3055003582194454,36.165383056343735,0.24333550093029252,0.7002598717555131,35370061
2026-10-01T23:24:52.568Z,DIA,stock,508.62,0.013764624913969754,58.53051778999132,0.32531135519086707,0.7327866739025948,4293798
2026-10-01T23:24:52.568Z,IWM,stock,279.02,0.4066357191694539,45.33208530034185,0.4246784523630795,1.2207292578058033,33673375
2026-10-01T23:24:52.568Z,XLK,stock,197.81,1.0523627075351225,34.72216335353707,0.2772739507255567,1.0523627075351225,10880753
2026-10-01T23:24:52.568Z,XLF,stock,53.46,0.11235955056180201,72.72727272727272,0.14009498015480806,1.2020808857347818,40900255
2026-10-01T23:24:52.568Z,PLTR,stock,190.04,1.5985030740443626,49.11071430509799,0.8064340421871674,1.6392532672455076,17755532
2026-10-01T23:24:52.568Z,SOFI,stock,15.84,0.7633587786259493,48.57139743107667,0.5961745661440309,1.7994831158892606,37169281
2026-10-01T23:24:52.568Z,COIN,stock,189.29,1.5449814924092031,42.963783183544045,1.0920706601989472,1.4415829627530148,5815637
2026-10-01T23:24:52.568Z,HOOD,stock,111.15,-1.199999999999995,35.41680647930008,1.6719753186659119,0.30230343474556765,18051102
2026-10-01T23:24:52.568Z,RIVN,stock,14.76,-1.2048192771084318,37.97472633068235,1.3039112317008372,1.3388288721912016,32014878
2026-10-01T23:24:52.568Z,LCID,stock,4.19,2.948402948402951,41.567726900761976,0.6732410751850387,3.3292275555209665,7979647
2026-10-01T23:24:52.568Z,F,stock,12.27,1.741293532338301,77.7095273888941,0.12209888155000333,2.7001682743367352,45281371
2026-10-01T23:24:52.568Z,GM,stock,79.31,3.000000000000003,90.09910712936804,0.03780733460444753,3.510828970229931,8190811
2026-10-01T23:24:52.568Z,BAC,stock,53.73,-1.2860554841080338,67.28369102689294,1.0314991823239819,1.530615757900786,60012656
2026-10-01T23:24:52.568Z,WFC,stock,80.25,0.24984384759525652,81.84088698159941,0.031144846345280114,2.582125215884159,16376104
2026-10-01T23:24:52.568Z,GS,stock,896.67,-0.4098360655737766,71.51907624880599,0.3234861862825438,1.6459757619552127,2538318
2026-10-01T23:24:52.568Z,MS,stock,188.01,-0.037218205019152274,78.34200850993514,0.01595048245251851,2.9994227014262886,9459289
2026-10-01T23:24:52.568Z,PYPL,stock,53.06,1.0089472682276814,34.42631835672864,0.9797501043996157,0.6640123726172659,11209763
2026-10-01T23:24:52.568Z,SHOP,stock,149.09,0.5327039784221119,24.031728192271117,2.0498039394560608,0.6005418826483804,4839741
2026-10-01T23:24:52.568Z,CRM,stock,236.69,3.1014505379622794,69.44232115844109,0.40395283868701953,2.4964801870978266,9563732
2026-10-01T23:24:52.568Z,ORCL,stock,138.07,0.5608157319737668,49.689623472994874,0.6011293953672561,1.8440602941050628,23001832
2026-10-01T23:24:52.568Z,AVGO,stock,343.64,-2.14983342350295,6.708196597401127,2.5922566851285094,-0.000004262727531492097,22261651
2026-10-01T23:24:52.568Z,MU,stock,1097.39,3.0306728882463037,65.488269866794,0.025968416466167956,6.781166891042304,44760261
2026-10-01T23:24:52.568Z,INTC,stock,120,-0.19130000831739497,30.435055026868454,1.4454682205584233,1.634623791110576,102280238
2026-10-01T23:24:52.568Z,TSM,stock,459.2,0.6598127972993689,54.66615355012507,0.1999467806116965,1.1409213496483583,8157975
2026-10-01T23:24:52.568Z,ASML,stock,1808.49,-0.17552865588104144,44.01752674975852,0.6326908361196472,0.8060049423360116,1403447
2026-10-01T23:24:52.568Z,QCOM,stock,182.09,-1.0595522712453753,18.884595268441544,2.1337190211149606,0.03296227056281925,9284821
2026-10-01T23:24:52.568Z,ARM,stock,292.34,0.9252226748601636,50.637929723151814,1.2198047163809198,1.2748549474135722,3259961
2026-10-01T23:24:52.568Z,SMCI,stock,41.92,2.0696372047723433,53.08372807980676,0.10723258054155842,4.097341751875311,26394062
2026-10-01T23:24:52.568Z,NOW,stock,137.76,2.798298634430267,40.21512997709568,1.3074518222492515,1.9915544013588808,10143956
2026-10-01T23:24:52.568Z,UBER,stock,67.88,-0.9195737848489411,41.57041800643088,1.1502841834208313,0.8019062837482265,17260440
2026-10-01T23:24:52.568Z,ABNB,stock,160.47,-0.1120448179271751,60.335009803085846,0.4652035820768958,1.4926313203074681,4802704
2026-10-01T23:24:52.568Z,DIS,stock,101.33,-3.403241182078177,29.82402912621359,2.707634646724611,-0.0000018070212731844025,9123978
2026-10-01T23:24:52.568Z,WMT,stock,104.26,0.32717474980754757,36.44415508670559,0.7331227156489782,0.48672619146100954,19662489
2026-10-01T23:24:52.568Z,COST,stock,914.94,0.505305709954525,52.40344379779712,0.8812948134714149,1.0614894821500902,2108200
2026-10-01T23:24:52.568Z,HD,stock,282.46,-0.7135575942915496,50.55279859563837,0.29650117513687313,1.8185719228169184,7762894
2026-10-01T23:24:52.568Z,LOW,stock,182.38,-1.0364100059688515,39.75021171731352,0.5615853233430624,1.7177896797654222,4326500
2026-10-01T23:24:52.568Z,NKE,stock,35.15,-0.7062146892655368,22.7405377511255,2.9675597499032804,0.15671399738954528,95217681
2026-10-01T23:24:52.568Z,SBUX,stock,94.88,0.9791400595998315,76.1136954735561,0.02107642313731307,1.0651925605436878,5099550
2026-10-01T23:24:52.568Z,MCD,stock,231.83,0.3853814843682406,52.46522912572057,0.36102556219361137,0.8745942962858163,5858151
2026-10-01T23:24:52.568Z,PEP,stock,125.6,-0.8838383838383874,38.96965000039142,1.234566479162464,0.000001214871750878288,8281937
2026-10-01T23:24:52.568Z,KO,stock,86.1,0.0232342007434898,58.219873777432866,0.5773654537309435,0.4023121189806518,16154533
2026-10-01T23:24:52.568Z,TGT,stock,156.7,0.006382028208558877,47.785791906668244,0.8384710948651166,0.6810592485918832,4571584
2026-10-01T23:24:52.568Z,CVX,stock,207.1,1.415209833015027,59.37546833063121,0.09165579250637579,1.6616369550402927,5998039
2026-10-01T23:24:52.568Z,OXY,stock,57.84,4.555314533622566,79.48506455439065,2.638103160647515e-7,3.702372779251227,11625831
2026-10-01T23:24:52.568Z,SLB,stock,48.66,-0.12315270935961058,65.0717860545596,0.31752254649082534,1.4489728868990905,14312140
2026-10-01T23:24:52.568Z,UNH,stock,365.2,-0.512149940067559,68.29001895338752,1.435817006211663,0.647648851303573,3933201
2026-10-01T23:24:52.568Z,LLY,stock,1149.85,-0.624848757216443,50.82168139647364,0.5466361958095787,0.7791718699046347,2170988
2026-10-01T23:24:52.568Z,NVO,stock,37.4,-1.3452914798206226,1.4495798319327662,1.0581990612009695,-0.000004079889961007767,11841791
2026-10-01T23:24:52.568Z,PFE,stock,28.12,-1.4025245441795182,37.77815453736278,1.4025261267300695,0.017784915250020888,29869633
2026-10-01T23:24:52.568Z,MRK,stock,143.81,-1.0322758241001995,51.8519774394448,1.0527015112437756,0.306901651529563,7853281
2026-10-01T23:24:52.568Z,JNJ,stock,258.66,-2.2965928835838874,33.519734038018925,1.9224247431555794,-0.0000014158003936212543,8156115
2026-10-01T23:24:52.568Z,ABBV,stock,259.93,-0.6345808326006225,33.130303180667894,0.735143841272003,0.33970748832250763,3846203
2026-10-01T23:24:52.568Z,BA,stock,192.28,3.3485622144584735,71.7112384361154,0.7254034005234236,3.2874925964219233,13490917
2026-10-01T23:24:52.568Z,CAT,stock,826.35,1.9191159239753892,70.06525720585358,0.5320388828840874,2.747901771837118,2116981
2026-10-01T23:24:52.568Z,GE,stock,312.39,0.03202151846039447,42.75984694089756,0.5222427111014621,0.29859647159721847,3415495
2026-10-01T23:24:52.568Z,LMT,stock,505.5,-0.7363770250368188,59.58766569753117,1.078258676019315,0.38071312853981304,892732
2026-10-01T23:24:52.568Z,RTX,stock,185.01,-0.3447347158631914,64.30541267192862,0.6230854489737105,0.3144864432318039,3165835
2026-10-01T23:24:52.568Z,NOC,stock,482,-0.306114006784152,47.90313053750739,0.9280319234751906,0.04151353509730598,1038870
2026-10-01T23:24:52.568Z,DE,stock,667.26,-0.6388206388206334,72.4504011633228,0.02696908197708172,3.4527682759127107,1593102
2026-10-01T23:24:52.568Z,BABA,stock,107.45,-0.083689789845642,53.56779907084785,1.7420358451416071,0.693375552471042,6976633
2026-10-01T23:24:52.568Z,PDD,stock,76.5,-1.8475750577367178,37.313823730357555,2.5893416873082478,0.22271474501150754,4787906
2026-10-01T23:24:52.568Z,SNOW,stock,341.99,0.7156319943456257,61.39751552795031,0.38158690345155066,1.5500226138369524,3604951
2026-10-01T23:24:52.568Z,DDOG,stock,276.46,0.9530765017345103,53.1778154216182,1.1689882593569727,1.965810374622181,2930639
2026-10-01T23:24:52.568Z,PANW,stock,396.25,-0.26679419093403195,76.94366105753626,0.3583297508543848,2.3822445933863676,5258404
2026-10-01T23:24:52.568Z,CRWD,stock,266.09,0.5061378659112276,50.280910114478736,1.0265970023645683,2.374787674077307,6859136
2026-10-01T23:24:52.568Z,NET,stock,351,1.0711817553559166,53.86109577041002,0.5989522656546542,2.353252120425767,2772956
2026-10-01T23:24:52.568Z,ROKU,stock,151.26,-0.6698187549251446,68.9995422409847,0.6893819023205121,0.6655167907107564,1893679
2026-10-01T23:24:52.568Z,PINS,stock,19.46,3.017469560614083,75,-0.000004704662834918427,4.539351271939766,13203474
2026-10-01T23:24:52.568Z,ADBE,stock,241.28,0.5584729515712276,27.597669602782204,1.7489553096268213,1.318552371881821,4494944
2026-10-01T23:24:52.568Z,AMAT,stock,529.3,3.504243419766115,43.342710198050746,0.7891154221219832,1.14270285715951,6050018
2026-10-01T23:24:52.568Z,LRCX,stock,340.1,3.5280508964719592,57.166256839856686,0.27854796275360333,2.104537434080837,8547754
2026-10-01T23:24:52.568Z,KLAC,stock,200.33,2.7702252090494053,43.905363482381155,0.8021772580949157,2.523032885112254,8596275
2026-10-01T23:24:52.568Z,TXN,stock,281.31,0.43557427969582185,30.840113123081665,0.7934820066179528,0.9455503085870185,3668164
2026-10-01T23:24:52.568Z,ADI,stock,404.6,1.988858360011102,47.131071676931,0.1850267897428058,2.575803036129185,3157737
2026-10-01T23:24:52.568Z,MRVL,stock,268.08,1.4647439536732163,48.42211574596016,0.4641096924163879,3.4418877187239216,17678170
2026-10-01T23:24:52.568Z,CDNS,stock,350.73,6.222269333858296,67.81603147599253,0.9712887306412984,3.2990771976462425,3278707
2026-10-01T23:24:52.568Z,SNPS,stock,490.54,12.78337241918426,54.4821850652193,0.9361951164436172,4.1121456610101585,6317284
2026-10-01T23:24:52.568Z,WDAY,stock,186.75,-1.947915572823694,46.42975437128462,4.031450536494299,1.6796922803144292,2454103
2026-10-01T23:24:52.568Z,TEAM,stock,189.91,5.92336438172793,44.38693491174161,0.5316239547120284,3.8043198512470275,2479607
2026-10-01T23:24:52.568Z,ZS,stock,198.78,-0.320930699027172,46.94600309802485,2.0643450734116366,0.11332242074928012,1451968
2026-10-01T23:24:52.568Z,OKTA,stock,212.63,1.6833245660178766,66.10200175865101,0.49837726091696755,3.449453607793576,3179686
2026-10-01T23:24:52.568Z,MDB,stock,351.73,0.8949829322165183,51.653669064321065,0.9406616316001398,1.9891567778987196,2617759
2026-10-01T23:24:52.568Z,FSLR,stock,172.11,-1.741265129024882,34.465058996464194,1.4031913670762624,1.9304092813651097,2542546
2026-10-01T23:24:52.568Z,ENPH,stock,32.82,-0.5153076689906083,41.05246250527034,1.0253312695314851,3.5991387736742575,5075022
2026-10-01T23:24:52.568Z,NEE,stock,76.35,0.8053868497491411,63.29106589278299,0.11774259357886009,2.4488405726330043,17057919
2026-10-01T23:24:52.568Z,DUK,stock,113.74,-0.2368213314621614,58.175868257151905,0.18428868263820702,0.9183249652901602,4821107
2026-10-01T23:24:52.568Z,SO,stock,83.47,0.6997225238267563,69.29862133583188,0.11965980039415176,1.6934675169797697,7566088
2026-10-01T23:24:52.568Z,T,stock,24.3,-0.40983606557376173,35.615912208504795,1.1391372033163005,0.000003139668632877833,25833369
2026-10-01T23:24:52.568Z,VZ,stock,45.98,0.23980815347721698,56.321798761772804,0.4007384638979241,0.40397824751991923,21206009
2026-10-01T23:24:52.568Z,CMCSA,stock,21.7,-0.27573529411765746,39.464195489412525,0.7092177784620003,0.6726963246175448,20042477
2026-10-01T23:24:52.568Z,TMUS,stock,161.73,-0.8278145695364378,54.16719657467464,1.2004076094555611,0.16721991509096942,3787756
2026-10-01T23:24:52.568Z,AXP,stock,302.09,-0.6609667872410548,84.56323604710701,0.882603448412254,1.5889596693614978,3713408
2026-10-01T23:24:52.568Z,MA,stock,550,-0.2665602843309749,39.2752215761718,0.9276815613037457,0.6791305207635623,2876158
2026-10-01T23:24:52.568Z,BLK,stock,1064.36,0.5735667917111508,60.907526983079606,0.7293601185613836,0.9853198277586279,511377
2026-10-01T23:24:52.568Z,SCHW,stock,98.37,0.6445672191528644,66.82199318142926,0.035566058361898724,1.4489802662534128,6549035
2026-10-01T23:24:52.568Z,C,stock,127,-1.9153537225826305,65.35968245419821,1.332398233837941,2.638703174965104,13548947
2026-10-01T23:24:52.568Z,TFC,stock,46.28,-0.04319654427644929,85.03349964362081,0.0431948971708351,2.570924413953171,8774930
2026-10-01T23:24:52.568Z,USB,stock,57.36,-0.6925207756232663,90.83999697151476,0.3820802779760146,2.2733367858435645,10416537
2026-10-01T23:24:52.568Z,CB,stock,331.3,1.8601076095311333,58.598974284626955,0.16573936820843316,1.5494505535622851,1367504
2026-10-01T23:24:52.568Z,PGR,stock,210.96,1.809758216302302,72.74835253902809,0.08525120307320337,1.3013205282112883,2445795
2026-10-01T23:24:52.568Z,AMGN,stock,407.27,-3.3783302887238755,11.974717297911198,3.2612826603325455,0.000002697554055828381,2490728
2026-10-01T23:24:52.568Z,GILD,stock,147.5,-1.0399194901039994,38.82359980852083,1.1526613098998475,0.20380642525644768,4362454
2026-10-01T23:24:52.568Z,BMY,stock,61.46,-1.5064102564102528,35.29399764997714,1.6797286029865448,0.2937356793223996,10764463
2026-10-01T23:24:52.568Z,REGN,stock,734.81,-3.093884764002273,21.778972027008408,5.030790398326913,1.0951399437890343,1042690
2026-10-01T23:24:52.568Z,ISRG,stock,401.24,-1.3255293510070547,42.08290946083418,1.985977285624017,0.39407789558867695,1510795
2026-10-01T23:24:52.568Z,TMO,stock,652.51,-3.339011925042584,8.217776309534358,2.779492172278355,0.004600835603940597,2375143
2026-10-01T23:24:52.568Z,DHR,stock,211.76,-4.418867072895518,18.052443266933253,4.159310737802348,0.12766300998779603,5302507
2026-10-01T23:24:52.568Z,ELV,stock,381.67,-1.8388971760711839,53.14054255823572,1.8609826753112335,1.2387267904509325,1176084
2026-10-01T23:24:52.568Z,CI,stock,267.96,-1.4236839200971212,53.151166220011035,1.2784116602493967,1.467333877465357,1972849
2026-10-01T23:24:52.568Z,CVS,stock,85.2,-0.5718286847940189,53.71408641060295,0.6413994169096177,0.9477468454208805,6419602
2026-10-01T23:24:52.568Z,MDT,stock,86.44,0.17383242554176784,46.078587812905155,0.403273317012638,1.366166465288825,28588923
2026-10-01T23:24:52.568Z,SYK,stock,272.96,-0.8823849812992508,30.59064395256307,1.4584511850243989,0.4120084156847974,2453064
2026-10-01T23:24:52.568Z,HON,stock,213.8,1.3558357826870264,44.46695894583011,0.48871588256307347,1.6787918656077174,2394969
2026-10-01T23:24:52.568Z,UPS,stock,93.89,0.48159246575342773,47.57275260872383,0.5402558449526014,0.5461584510416809,4480809
2026-10-01T23:24:52.568Z,FDX,stock,287.07,0.6945175207829171,51.61293665350619,0.37826334267662565,1.0196323704080106,1730012
2026-10-01T23:24:52.568Z,DAL,stock,84.13,0.8027797747423937,75.25699081725674,0.023768895444119115,1.6676737160120791,6414514
2026-10-01T23:24:52.568Z,UAL,stock,111.78,0.7480847228481282,70.31704850270437,0.05364479600782812,2.2128743380963107,4350144
2026-10-01T23:24:52.568Z,AAL,stock,13.13,-1.7950635751682757,68.00030518043793,1.795062734580161,0.728808237053813,54688591
2026-10-01T23:24:52.568Z,LUV,stock,41.84,0.48030739673391654,55.42196361764516,0.48756850487086467,0.9287134288748404,5114267
2026-10-01T23:24:52.568Z,CARR,stock,55.22,0.6562158220925983,64.84377793937082,0.000002210617709438227,2.0325223389226053,7339922
2026-10-01T23:24:52.568Z,ETN,stock,437.28,1.7616532079774716,43.43314481922844,0.47454628400474275,2.8083766407409305,1605739
2026-10-01T23:24:52.568Z,EMR,stock,158.57,2.2372662798194707,63.38042294687374,0.32999227925133146,1.9316668347211186,3333560
2026-10-01T23:24:52.568Z,MMM,stock,163.02,-0.6883947608894275,46.62967915247366,0.8755968959508479,0.3292607856964024,3210425
2026-10-01T23:24:52.568Z,WM,stock,201.9,-0.9905845429580139,46.32608952918387,1.1069766955185503,0.16868547604909379,2657379
2026-10-01T23:24:52.568Z,LIN,stock,469.45,-1.095544085115346,42.94265458135152,0.20620156456914843,1.5027027027027002,2120421
2026-10-01T23:24:52.568Z,APD,stock,273.33,-1.1178641198176802,63.049606672692605,0.0036571076405093285,2.0916553183713975,1479322
2026-10-01T23:24:52.568Z,FCX,stock,69.28,-1.028571428571427,55.66286682840905,0.38821429174759364,1.0944130075334304,12037416
2026-10-01T23:24:52.568Z,NEM,stock,114.67,-0.580891277960813,31.325201533215065,0.6067458870739846,0.31054328042000495,5613699
2026-10-01T23:24:52.568Z,EOG,stock,141.31,2.5769454123112743,40.626592745919964,0.47891081544947073,2.3688835648441655,3143654
2026-10-01T23:24:52.568Z,COP,stock,127.06,1.526168597682778,58.82352941176471,0.1571602489966693,1.688106722756499,5978962
2026-10-01T23:24:52.568Z,MPC,stock,420.15,6.254109554397845,82.26411497586514,0.06184526054198441,5.0086264732506045,2113004
2026-10-01T23:24:52.568Z,PSX,stock,264.23,3.493791860875021,68.69906092220666,0.0000041578653635141256,2.951396622669439,2529348
2026-10-01T23:24:52.568Z,HAL,stock,31.88,0.25157232704401983,60.39589376359681,0.26591632154586425,1.0139434077080425,9731765
2026-10-01T23:24:52.568Z,BKR,stock,55.62,1.3114754098360635,45.8842119657427,0.7406082779373436,1.5983214634891714,6480883
2026-10-01T23:24:52.568Z,WMB,stock,69.22,1.8390466382227453,66.10241820768137,0.20184632226007995,2.6546043107266915,7204115
2026-10-01T23:24:52.568Z,KMI,stock,30.53,1.2603648424544032,56.525587338817196,0.34274597061319256,2.055821713692286,11132658
2026-10-01T23:24:52.568Z,PG,stock,143.95,-0.915473568281947,27.49987284471797,0.6076101774004172,0.29262260452530264,7304861
2026-10-01T23:24:52.568Z,CL,stock,84.53,-0.9259259259259167,33.98118657877194,0.5938773920867104,0.12436712401161412,5010263
2026-10-01T23:24:52.568Z,KMB,stock,94.34,-3.1715077491532413,7.856216416527701,2.1623054039610943,0.07425836366436948,6024894
2026-10-01T23:24:52.568Z,PM,stock,188.18,-1.3835027774866295,50,1.4222500388673633,0.571855799346969,3567588
2026-10-01T23:24:52.568Z,MO,stock,66.95,-0.57915057915058,53.65925022858884,0.42388727264721804,0.6766917293233126,5935490
2026-10-01T23:24:52.568Z,MDLZ,stock,57.76,-0.10377032168800117,49.32405438494748,0.5680842687572126,0.4434378352288263,7586431
2026-10-01T23:24:52.568Z,GIS,stock,31.67,-1.5236318407960041,48.09705004866064,1.293436485318433,1.5226809098337437,17137642
2026-10-01T23:24:52.568Z,KR,stock,59.48,1.4670760832480372,31.386820665036836,1.2862020651848267,1.6404640032926805,7944794
2026-10-01T23:24:52.568Z,DG,stock,118.93,-0.5435691587221873,42.84749109996622,1.1593575596284775,0.31546294148824605,1864798
2026-10-01T23:24:52.568Z,DLTR,stock,114.43,0.35958603753728363,38.85716029575893,1.2683360712041647,0.3771929824561463,1868158
2026-10-01T23:24:52.568Z,TJX,stock,133.59,0.9674249867734873,67.95076808798191,0.04863176079497289,1.4890184946300404,5819998
2026-10-01T23:24:52.568Z,ROST,stock,234.1,0.2999143101970817,40.00008360959336,0.5395739234116025,0.9095195727723305,1727255
2026-10-01T23:24:52.568Z,BKNG,stock,160.28,-1.6143883125652174,22.903305469702985,2.148963972024808,0.3192061800720437,6492958
2026-10-01T23:24:52.568Z,MAR,stock,354.79,-0.247420361571118,48.7892469463308,0.6106959165331317,0.6667794638278786,1108747
2026-10-01T23:24:52.568Z,HLT,stock,315.44,-0.8424493901672346,37.17234822762462,0.8751688428311918,0.4890018402613477,1509939
2026-10-01T23:24:52.568Z,CMG,stock,32.32,1.158059467918626,71.71723399172325,-9.442320062369569e-7,1.795275590551182,18523580
2026-10-01T23:24:52.568Z,YUM,stock,136.69,0.2567111632682957,40.565829502595946,0.5094980659132172,0.514739670976131,1743958
2026-10-01T23:24:52.568Z,EL,stock,90.19,-2.781071467069094,53.34172275650276,2.3230617921058365,1.5710364996015798,3507187
2026-10-01T23:24:52.568Z,LULU,stock,95.86,-0.3430710053020047,11.91340512848761,2.9658881348049673,-6.367114116234677e-7,5461687
2026-10-01T23:24:52.568Z,BTC-USD,crypto,84726.79,1.3886620564529693,51.327070752255274,0.4872658910719821,1.8941275410396328,33251692544
2026-10-01T23:24:52.568Z,ETH-USD,crypto,2700.89,0.6190428008594573,55.80118564378121,0.7069583826828696,0.9980573373516399,13815786496
2026-10-01T23:24:52.568Z,SOL-USD,crypto,118.35,0.2918378078873521,61.70216219725992,0.9789128814657525,1.3010341052149799,3174893056
2026-10-01T23:24:52.568Z,XRP-USD,crypto,1.4921,0.2416387146497203,46.40888344431052,1.126496638662898,1.0291840132503185,2797837568
2026-10-01T23:24:52.568Z,BNB-USD,crypto,770.37,0.26010075907817404,42.39143414401146,0.4149560509486291,0.9143406669757114,1349549952
2026-10-01T23:24:52.568Z,DOGE-USD,crypto,0.09417,-0.32513671555394674,50.41317225157326,1.82443344857188,0.6412296329102141,829826816
2026-10-01T23:24:52.568Z,ADA-USD,crypto,0.24582,-0.31065021447687036,45.01209135042437,3.163290370639433,1.0856127906593456,525266080
2026-10-01T23:24:52.568Z,AVAX-USD,crypto,10.963,0.2754717122647232,48.520673329232714,1.7740368004975142,1.8109245663784017,551153984
2026-10-01T23:24:52.568Z,LINK-USD,crypto,14.302,-0.39289160995717937,52.29894822228191,1.562394369035395,1.0884947631159345,402490496
2026-10-01T23:24:52.568Z,DOT-USD,crypto,1.1753,-3.779588206437765,55.31920290161398,6.825748012312181,1.1097722532381065,172687232
2026-10-01T23:24:52.568Z,LTC-USD,crypto,68.09,1.3649658323099965,50.59846500578668,0.8922505619075489,2.079362261657927,318236032
2026-10-01T23:24:52.568Z,BCH-USD,crypto,308.9,0.9772301086052694,50,0.40624311556368664,1.6620022363152167,187250432
2026-10-02T02:21:07.338Z,AAPL,stock,330.32,-0.8107621163894028,56.22213783310769,0.48054727983353934,1.2242358518427612,35017775
2026-10-02T02:21:07.338Z,MSFT,stock,512.8,-0.01949697796841933,16.814547697563526,1.3921964335909416,0.000002380466360200768,18901325
2026-10-02T02:21:07.338Z,NVDA,stock,230.86,1.0859094491636827,26.723709513623305,0.5685212840989659,0.9908347808139888,97538145
2026-10-02T02:21:07.338Z,TSLA,stock,354.11,-0.19728868972125604,27.164790888555345,1.3978238561410543,0.000004136691457344634,30302824
2026-10-02T02:21:07.338Z,AMZN,stock,248.23,-0.36925546859322333,20.05499802979618,0.9358463441292872,0.7795065001165848,32645635
2026-10-02T02:21:07.338Z,META,stock,725.93,0.10342259852726221,39.01919350967871,0.8495559935329399,0.3969245223213481,12256112
2026-10-02T02:21:07.338Z,GOOGL,stock,338.24,-1.6972797023947848,46.296170712961704,3.0219619290630337,0.7536292065529508,33110940
2026-10-02T02:21:07.338Z,AMD,stock,615.73,0.6489472995946167,35.196190326262354,0.4454409430806923,1.8956559717232857,16633581
2026-10-02T02:21:07.338Z,NFLX,stock,67.85,-2.486346651336597,10.228406351317645,2.1629394479090647,0.05899195228797748,40467844
2026-10-02T02:21:07.338Z,JPM,stock,333.18,0.7103346129432104,76.05885526729914,0.044996423456520086,2.111615824770054,8061036
2026-10-02T02:21:07.338Z,V,stock,359.85,0.14471377285504652,49.735688985067235,0.5692032939859372,0.6404526392891609,5269567
2026-10-02T02:21:07.338Z,XOM,stock,163.82,0.6574500768049113,60.75880099714234,0.12193895089083666,1.348676452971556,11699884
2026-10-02T02:21:07.338Z,SPY,stock,763.99,0.17833025189148258,38.84498480243161,0.14703544548648517,0.6163493772574905,47246631
2026-10-02T02:21:07.338Z,QQQ,stock,742.03,0.3055003582194454,36.165383056343735,0.24333550093029252,0.7002598717555131,35370061
2026-10-02T02:21:07.338Z,DIA,stock,508.62,0.013764624913969754,58.53051778999132,0.32531135519086707,0.7327866739025948,4293798
2026-10-02T02:21:07.338Z,IWM,stock,279.02,0.4066357191694539,45.33208530034185,0.4246784523630795,1.2207292578058033,33673375
2026-10-02T02:21:07.338Z,XLK,stock,197.81,1.0523627075351225,34.72216335353707,0.2772739507255567,1.0523627075351225,10880753
2026-10-02T02:21:07.338Z,XLF,stock,53.46,0.11235955056180201,72.72727272727272,0.14009498015480806,1.2020808857347818,40900255
2026-10-02T02:21:07.338Z,PLTR,stock,190.04,1.5985030740443626,49.11071430509799,0.8064340421871674,1.6392532672455076,17755532
2026-10-02T02:21:07.338Z,SOFI,stock,15.84,0.7633587786259493,48.57139743107667,0.5961745661440309,1.7994831158892606,37169281
2026-10-02T02:21:07.338Z,COIN,stock,189.29,1.5449814924092031,42.963783183544045,1.0920706601989472,1.4415829627530148,5815637
2026-10-02T02:21:07.338Z,HOOD,stock,111.15,-1.199999999999995,35.41680647930008,1.6719753186659119,0.30230343474556765,18051102
2026-10-02T02:21:07.338Z,RIVN,stock,14.76,-1.2048192771084318,37.97472633068235,1.3039112317008372,1.3388288721912016,32014878
2026-10-02T02:21:07.338Z,LCID,stock,4.19,2.948402948402951,41.567726900761976,0.6732410751850387,3.3292275555209665,7979647
2026-10-02T02:21:07.338Z,F,stock,12.27,1.741293532338301,77.7095273888941,0.12209888155000333,2.7001682743367352,45281371
2026-10-02T02:21:07.338Z,GM,stock,79.31,3.000000000000003,90.09910712936804,0.03780733460444753,3.510828970229931,8190811
2026-10-02T02:21:07.338Z,BAC,stock,53.73,-1.2860554841080338,67.28369102689294,1.0314991823239819,1.530615757900786,60012656
2026-10-02T02:21:07.338Z,WFC,stock,80.25,0.24984384759525652,81.84088698159941,0.031144846345280114,2.582125215884159,16376104
2026-10-02T02:21:07.338Z,GS,stock,896.67,-0.4098360655737766,71.51907624880599,0.3234861862825438,1.6459757619552127,2538318
2026-10-02T02:21:07.338Z,MS,stock,188.01,-0.037218205019152274,78.34200850993514,0.01595048245251851,2.9994227014262886,9459289
2026-10-02T02:21:07.338Z,PYPL,stock,53.06,1.0089472682276814,34.42631835672864,0.9797501043996157,0.6640123726172659,11209763
2026-10-02T02:21:07.338Z,SHOP,stock,149.09,0.5327039784221119,24.031728192271117,2.0498039394560608,0.6005418826483804,4839741
2026-10-02T02:21:07.338Z,CRM,stock,236.69,3.1014505379622794,69.44232115844109,0.40395283868701953,2.4964801870978266,9563732
2026-10-02T02:21:07.338Z,ORCL,stock,138.07,0.5608157319737668,49.689623472994874,0.6011293953672561,1.8440602941050628,23001832
2026-10-02T02:21:07.338Z,AVGO,stock,343.64,-2.14983342350295,6.708196597401127,2.5922566851285094,-0.000004262727531492097,22261651
2026-10-02T02:21:07.338Z,MU,stock,1097.39,3.0306728882463037,65.488269866794,0.025968416466167956,6.781166891042304,44760261
2026-10-02T02:21:07.338Z,INTC,stock,120,-0.19130000831739497,30.435055026868454,1.4454682205584233,1.634623791110576,102280238
2026-10-02T02:21:07.338Z,TSM,stock,459.2,0.6598127972993689,54.66615355012507,0.1999467806116965,1.1409213496483583,8157975
2026-10-02T02:21:07.338Z,ASML,stock,1808.49,-0.17552865588104144,44.01752674975852,0.6326908361196472,0.8060049423360116,1403447
2026-10-02T02:21:07.338Z,QCOM,stock,182.09,-1.0595522712453753,18.884595268441544,2.1337190211149606,0.03296227056281925,9284821
2026-10-02T02:21:07.338Z,ARM,stock,292.34,0.9252226748601636,50.637929723151814,1.2198047163809198,1.2748549474135722,3259961
2026-10-02T02:21:07.338Z,SMCI,stock,41.92,2.0696372047723433,53.08372807980676,0.10723258054155842,4.097341751875311,26394062
2026-10-02T02:21:07.338Z,NOW,stock,137.76,2.798298634430267,40.21512997709568,1.3074518222492515,1.9915544013588808,10143956
2026-10-02T02:21:07.338Z,UBER,stock,67.88,-0.9195737848489411,41.57041800643088,1.1502841834208313,0.8019062837482265,17260440
2026-10-02T02:21:07.338Z,ABNB,stock,160.47,-0.1120448179271751,60.335009803085846,0.4652035820768958,1.4926313203074681,4802704
2026-10-02T02:21:07.338Z,DIS,stock,101.33,-3.403241182078177,29.82402912621359,2.707634646724611,-0.0000018070212731844025,9123978
2026-10-02T02:21:07.338Z,WMT,stock,104.26,0.32717474980754757,36.44415508670559,0.7331227156489782,0.48672619146100954,19662489
2026-10-02T02:21:07.338Z,COST,stock,914.94,0.505305709954525,52.40344379779712,0.8812948134714149,1.0614894821500902,2108200
2026-10-02T02:21:07.338Z,HD,stock,282.46,-0.7135575942915496,50.55279859563837,0.29650117513687313,1.8185719228169184,7762894
2026-10-02T02:21:07.338Z,LOW,stock,182.38,-1.0364100059688515,39.75021171731352,0.5615853233430624,1.7177896797654222,4326500
2026-10-02T02:21:07.338Z,NKE,stock,35.15,-0.7062146892655368,22.7405377511255,2.9675597499032804,0.15671399738954528,95217681
2026-10-02T02:21:07.338Z,SBUX,stock,94.88,0.9791400595998315,76.1136954735561,0.02107642313731307,1.0651925605436878,5099550
2026-10-02T02:21:07.338Z,MCD,stock,231.83,0.3853814843682406,52.46522912572057,0.36102556219361137,0.8745942962858163,5858151
2026-10-02T02:21:07.338Z,PEP,stock,125.6,-0.8838383838383874,38.96965000039142,1.234566479162464,0.000001214871750878288,8281937
2026-10-02T02:21:07.338Z,KO,stock,86.1,0.0232342007434898,58.219873777432866,0.5773654537309435,0.4023121189806518,16154533
2026-10-02T02:21:07.338Z,TGT,stock,156.7,0.006382028208558877,47.785791906668244,0.8384710948651166,0.6810592485918832,4571584
2026-10-02T02:21:07.338Z,CVX,stock,207.1,1.415209833015027,59.37546833063121,0.09165579250637579,1.6616369550402927,5998039
2026-10-02T02:21:07.338Z,OXY,stock,57.84,4.555314533622566,79.48506455439065,2.638103160647515e-7,3.702372779251227,11625831
2026-10-02T02:21:07.338Z,SLB,stock,48.66,-0.12315270935961058,65.0717860545596,0.31752254649082534,1.4489728868990905,14312140
2026-10-02T02:21:07.338Z,UNH,stock,365.2,-0.512149940067559,68.29001895338752,1.435817006211663,0.647648851303573,3933201
2026-10-02T02:21:07.338Z,LLY,stock,1149.85,-0.624848757216443,50.82168139647364,0.5466361958095787,0.7791718699046347,2170988
2026-10-02T02:21:07.338Z,NVO,stock,37.4,-1.3452914798206226,1.4495798319327662,1.0581990612009695,-0.000004079889961007767,11841791
2026-10-02T02:21:07.338Z,PFE,stock,28.12,-1.4025245441795182,37.77815453736278,1.4025261267300695,0.017784915250020888,29869633
2026-10-02T02:21:07.338Z,MRK,stock,143.81,-1.0322758241001995,51.8519774394448,1.0527015112437756,0.306901651529563,7853281
2026-10-02T02:21:07.338Z,JNJ,stock,258.66,-2.2965928835838874,33.519734038018925,1.9224247431555794,-0.0000014158003936212543,8156115
2026-10-02T02:21:07.338Z,ABBV,stock,259.93,-0.6345808326006225,33.130303180667894,0.735143841272003,0.33970748832250763,3846203
2026-10-02T02:21:07.338Z,BA,stock,192.28,3.3485622144584735,71.7112384361154,0.7254034005234236,3.2874925964219233,13490917
2026-10-02T02:21:07.338Z,CAT,stock,826.35,1.9191159239753892,70.06525720585358,0.5320388828840874,2.747901771837118,2116981
2026-10-02T02:21:07.338Z,GE,stock,312.39,0.03202151846039447,42.75984694089756,0.5222427111014621,0.29859647159721847,3415495
2026-10-02T02:21:07.338Z,LMT,stock,505.5,-0.7363770250368188,59.58766569753117,1.078258676019315,0.38071312853981304,892732
2026-10-02T02:21:07.338Z,RTX,stock,185.01,-0.3447347158631914,64.30541267192862,0.6230854489737105,0.3144864432318039,3165835
2026-10-02T02:21:07.338Z,NOC,stock,482,-0.306114006784152,47.90313053750739,0.9280319234751906,0.04151353509730598,1038870
2026-10-02T02:21:07.338Z,DE,stock,667.26,-0.6388206388206334,72.4504011633228,0.02696908197708172,3.4527682759127107,1593102
2026-10-02T02:21:07.338Z,BABA,stock,107.45,-0.083689789845642,53.56779907084785,1.7420358451416071,0.693375552471042,6976633
2026-10-02T02:21:07.338Z,PDD,stock,76.5,-1.8475750577367178,37.313823730357555,2.5893416873082478,0.22271474501150754,4787906
2026-10-02T02:21:07.338Z,SNOW,stock,341.99,0.7156319943456257,61.39751552795031,0.38158690345155066,1.5500226138369524,3604951
2026-10-02T02:21:07.338Z,DDOG,stock,276.46,0.9530765017345103,53.1778154216182,1.1689882593569727,1.965810374622181,2930639
2026-10-02T02:21:07.338Z,PANW,stock,396.25,-0.26679419093403195,76.94366105753626,0.3583297508543848,2.3822445933863676,5258404
2026-10-02T02:21:07.338Z,CRWD,stock,266.09,0.5061378659112276,50.280910114478736,1.0265970023645683,2.374787674077307,6859136
2026-10-02T02:21:07.338Z,NET,stock,351,1.0711817553559166,53.86109577041002,0.5989522656546542,2.353252120425767,2772956
2026-10-02T02:21:07.338Z,ROKU,stock,151.26,-0.6698187549251446,68.9995422409847,0.6893819023205121,0.6655167907107564,1893679
2026-10-02T02:21:07.338Z,PINS,stock,19.46,3.017469560614083,75,-0.000004704662834918427,4.539351271939766,13203474
2026-10-02T02:21:07.338Z,ADBE,stock,241.28,0.5584729515712276,27.597669602782204,1.7489553096268213,1.318552371881821,4494944
2026-10-02T02:21:07.338Z,AMAT,stock,529.3,3.504243419766115,43.342710198050746,0.7891154221219832,1.14270285715951,6050018
2026-10-02T02:21:07.338Z,LRCX,stock,340.1,3.5280508964719592,57.166256839856686,0.27854796275360333,2.104537434080837,8547754
2026-10-02T02:21:07.338Z,KLAC,stock,200.33,2.7702252090494053,43.905363482381155,0.8021772580949157,2.523032885112254,8596275
2026-10-02T02:21:07.338Z,TXN,stock,281.31,0.43557427969582185,30.840113123081665,0.7934820066179528,0.9455503085870185,3668164
2026-10-02T02:21:07.338Z,ADI,stock,404.6,1.988858360011102,47.131071676931,0.1850267897428058,2.575803036129185,3157737
2026-10-02T02:21:07.338Z,MRVL,stock,268.08,1.4647439536732163,48.42211574596016,0.4641096924163879,3.4418877187239216,17678170
2026-10-02T02:21:07.338Z,CDNS,stock,350.73,6.222269333858296,67.81603147599253,0.9712887306412984,3.2990771976462425,3278707
2026-10-02T02:21:07.338Z,SNPS,stock,490.54,12.78337241918426,54.4821850652193,0.9361951164436172,4.1121456610101585,6317284
2026-10-02T02:21:07.338Z,WDAY,stock,186.75,-1.947915572823694,46.42975437128462,4.031450536494299,1.6796922803144292,2454103
2026-10-02T02:21:07.338Z,TEAM,stock,189.91,5.92336438172793,44.38693491174161,0.5316239547120284,3.8043198512470275,2479607
2026-10-02T02:21:07.338Z,ZS,stock,198.78,-0.320930699027172,46.94600309802485,2.0643450734116366,0.11332242074928012,1451968
2026-10-02T02:21:07.338Z,OKTA,stock,212.63,1.6833245660178766,66.10200175865101,0.49837726091696755,3.449453607793576,3179686
2026-10-02T02:21:07.338Z,MDB,stock,351.73,0.8949829322165183,51.653669064321065,0.9406616316001398,1.9891567778987196,2617759
2026-10-02T02:21:07.338Z,FSLR,stock,172.11,-1.741265129024882,34.465058996464194,1.4031913670762624,1.9304092813651097,2542546
2026-10-02T02:21:07.338Z,ENPH,stock,32.82,-0.5153076689906083,41.05246250527034,1.0253312695314851,3.5991387736742575,5075022
2026-10-02T02:21:07.338Z,NEE,stock,76.35,0.8053868497491411,63.29106589278299,0.11774259357886009,2.4488405726330043,17057919
2026-10-02T02:21:07.338Z,DUK,stock,113.74,-0.2368213314621614,58.175868257151905,0.18428868263820702,0.9183249652901602,4821107
2026-10-02T02:21:07.338Z,SO,stock,83.47,0.6997225238267563,69.29862133583188,0.11965980039415176,1.6934675169797697,7566088
2026-10-02T02:21:07.338Z,T,stock,24.3,-0.40983606557376173,35.615912208504795,1.1391372033163005,0.000003139668632877833,25833369
2026-10-02T02:21:07.338Z,VZ,stock,45.98,0.23980815347721698,56.321798761772804,0.4007384638979241,0.40397824751991923,21206009
2026-10-02T02:21:07.338Z,CMCSA,stock,21.7,-0.27573529411765746,39.464195489412525,0.7092177784620003,0.6726963246175448,20042477
2026-10-02T02:21:07.338Z,TMUS,stock,161.73,-0.8278145695364378,54.16719657467464,1.2004076094555611,0.16721991509096942,3787756
2026-10-02T02:21:07.338Z,AXP,stock,302.09,-0.6609667872410548,84.56323604710701,0.882603448412254,1.5889596693614978,3713408
2026-10-02T02:21:07.338Z,MA,stock,550,-0.2665602843309749,39.2752215761718,0.9276815613037457,0.6791305207635623,2876158
2026-10-02T02:21:07.338Z,BLK,stock,1064.36,0.5735667917111508,60.907526983079606,0.7293601185613836,0.9853198277586279,511377
2026-10-02T02:21:07.338Z,SCHW,stock,98.37,0.6445672191528644,66.82199318142926,0.035566058361898724,1.4489802662534128,6549035
2026-10-02T02:21:07.338Z,C,stock,127,-1.9153537225826305,65.35968245419821,1.332398233837941,2.638703174965104,13548947
2026-10-02T02:21:07.338Z,TFC,stock,46.28,-0.04319654427644929,85.03349964362081,0.0431948971708351,2.570924413953171,8774930
2026-10-02T02:21:07.338Z,USB,stock,57.36,-0.6925207756232663,90.83999697151476,0.3820802779760146,2.2733367858435645,10416537
2026-10-02T02:21:07.338Z,CB,stock,331.3,1.8601076095311333,58.598974284626955,0.16573936820843316,1.5494505535622851,1367504
2026-10-02T02:21:07.338Z,PGR,stock,210.96,1.809758216302302,72.74835253902809,0.08525120307320337,1.3013205282112883,2445795
2026-10-02T02:21:07.338Z,AMGN,stock,407.27,-3.3783302887238755,11.974717297911198,3.2612826603325455,0.000002697554055828381,2490728
2026-10-02T02:21:07.338Z,GILD,stock,147.5,-1.0399194901039994,38.82359980852083,1.1526613098998475,0.20380642525644768,4362454
2026-10-02T02:21:07.338Z,BMY,stock,61.46,-1.5064102564102528,35.29399764997714,1.6797286029865448,0.2937356793223996,10764463
2026-10-02T02:21:07.338Z,REGN,stock,734.81,-3.093884764002273,21.778972027008408,5.030790398326913,1.0951399437890343,1042690
2026-10-02T02:21:07.338Z,ISRG,stock,401.24,-1.3255293510070547,42.08290946083418,1.985977285624017,0.39407789558867695,1510795
2026-10-02T02:21:07.338Z,TMO,stock,652.51,-3.339011925042584,8.217776309534358,2.779492172278355,0.004600835603940597,2375143
2026-10-02T02:21:07.338Z,DHR,stock,211.76,-4.418867072895518,18.052443266933253,4.159310737802348,0.12766300998779603,5302507
2026-10-02T02:21:07.338Z,ELV,stock,381.67,-1.8388971760711839,53.14054255823572,1.8609826753112335,1.2387267904509325,1176084
2026-10-02T02:21:07.338Z,CI,stock,267.96,-1.4236839200971212,53.151166220011035,1.2784116602493967,1.467333877465357,1972849
2026-10-02T02:21:07.338Z,CVS,stock,85.2,-0.5718286847940189,53.71408641060295,0.6413994169096177,0.9477468454208805,6419602
2026-10-02T02:21:07.338Z,MDT,stock,86.44,0.17383242554176784,46.078587812905155,0.403273317012638,1.366166465288825,28588923
2026-10-02T02:21:07.338Z,SYK,stock,272.96,-0.8823849812992508,30.59064395256307,1.4584511850243989,0.4120084156847974,2453064
2026-10-02T02:21:07.338Z,HON,stock,213.8,1.3558357826870264,44.46695894583011,0.48871588256307347,1.6787918656077174,2394969
2026-10-02T02:21:07.338Z,UPS,stock,93.89,0.48159246575342773,47.57275260872383,0.5402558449526014,0.5461584510416809,4480809
2026-10-02T02:21:07.338Z,FDX,stock,287.07,0.6945175207829171,51.61293665350619,0.37826334267662565,1.0196323704080106,1730012
2026-10-02T02:21:07.338Z,DAL,stock,84.13,0.8027797747423937,75.25699081725674,0.023768895444119115,1.6676737160120791,6414514
2026-10-02T02:21:07.338Z,UAL,stock,111.78,0.7480847228481282,70.31704850270437,0.05364479600782812,2.2128743380963107,4350144
2026-10-02T02:21:07.338Z,AAL,stock,13.13,-1.7950635751682757,68.00030518043793,1.795062734580161,0.728808237053813,54688591
2026-10-02T02:21:07.338Z,LUV,stock,41.84,0.48030739673391654,55.42196361764516,0.48756850487086467,0.9287134288748404,5114267
2026-10-02T02:21:07.338Z,CARR,stock,55.22,0.6562158220925983,64.84377793937082,0.000002210617709438227,2.0325223389226053,7339922
2026-10-02T02:21:07.338Z,ETN,stock,437.28,1.7616532079774716,43.43314481922844,0.47454628400474275,2.8083766407409305,1605739
2026-10-02T02:21:07.338Z,EMR,stock,158.57,2.2372662798194707,63.38042294687374,0.32999227925133146,1.9316668347211186,3333560
2026-10-02T02:21:07.338Z,MMM,stock,163.02,-0.6883947608894275,46.62967915247366,0.8755968959508479,0.3292607856964024,3210425
2026-10-02T02:21:07.338Z,WM,stock,201.9,-0.9905845429580139,46.32608952918387,1.1069766955185503,0.16868547604909379,2657379
2026-10-02T02:21:07.338Z,LIN,stock,469.45,-1.095544085115346,42.94265458135152,0.20620156456914843,1.5027027027027002,2120421
2026-10-02T02:21:07.338Z,APD,stock,273.33,-1.1178641198176802,63.049606672692605,0.0036571076405093285,2.0916553183713975,1479322
2026-10-02T02:21:07.338Z,FCX,stock,69.28,-1.028571428571427,55.66286682840905,0.38821429174759364,1.0944130075334304,12037416
2026-10-02T02:21:07.338Z,NEM,stock,114.67,-0.580891277960813,31.325201533215065,0.6067458870739846,0.31054328042000495,5613699
2026-10-02T02:21:07.338Z,EOG,stock,141.31,2.5769454123112743,40.626592745919964,0.47891081544947073,2.3688835648441655,3143654
2026-10-02T02:21:07.338Z,COP,stock,127.06,1.526168597682778,58.82352941176471,0.1571602489966693,1.688106722756499,5978962
2026-10-02T02:21:07.338Z,MPC,stock,420.15,6.254109554397845,82.26411497586514,0.06184526054198441,5.0086264732506045,2113004
2026-10-02T02:21:07.338Z,PSX,stock,264.23,3.493791860875021,68.69906092220666,0.0000041578653635141256,2.951396622669439,2529348
2026-10-02T02:21:07.338Z,HAL,stock,31.88,0.25157232704401983,60.39589376359681,0.26591632154586425,1.0139434077080425,9731765
2026-10-02T02:21:07.338Z,BKR,stock,55.62,1.3114754098360635,45.8842119657427,0.7406082779373436,1.5983214634891714,6480883
2026-10-02T02:21:07.338Z,WMB,stock,69.22,1.8390466382227453,66.10241820768137,0.20184632226007995,2.6546043107266915,7204115
2026-10-02T02:21:07.338Z,KMI,stock,30.53,1.2603648424544032,56.525587338817196,0.34274597061319256,2.055821713692286,11132658
2026-10-02T02:21:07.338Z,PG,stock,143.95,-0.915473568281947,27.49987284471797,0.6076101774004172,0.29262260452530264,7304861
2026-10-02T02:21:07.338Z,CL,stock,84.53,-0.9259259259259167,33.98118657877194,0.5938773920867104,0.12436712401161412,5010263
2026-10-02T02:21:07.338Z,KMB,stock,94.34,-3.1715077491532413,7.856216416527701,2.1623054039610943,0.07425836366436948,6024894
2026-10-02T02:21:07.338Z,PM,stock,188.18,-1.3835027774866295,50,1.4222500388673633,0.571855799346969,3567588
2026-10-02T02:21:07.338Z,MO,stock,66.95,-0.57915057915058,53.65925022858884,0.42388727264721804,0.6766917293233126,5935490
2026-10-02T02:21:07.338Z,MDLZ,stock,57.76,-0.10377032168800117,49.32405438494748,0.5680842687572126,0.4434378352288263,7586431
2026-10-02T02:21:07.338Z,GIS,stock,31.67,-1.5236318407960041,48.09705004866064,1.293436485318433,1.5226809098337437,17137642
2026-10-02T02:21:07.338Z,KR,stock,59.48,1.4670760832480372,31.386820665036836,1.2862020651848267,1.6404640032926805,7944794
2026-10-02T02:21:07.338Z,DG,stock,118.93,-0.5435691587221873,42.84749109996622,1.1593575596284775,0.31546294148824605,1864798
2026-10-02T02:21:07.338Z,DLTR,stock,114.43,0.35958603753728363,38.85716029575893,1.2683360712041647,0.3771929824561463,1868158
2026-10-02T02:21:07.338Z,TJX,stock,133.59,0.9674249867734873,67.95076808798191,0.04863176079497289,1.4890184946300404,5819998
2026-10-02T02:21:07.338Z,ROST,stock,234.1,0.2999143101970817,40.00008360959336,0.5395739234116025,0.9095195727723305,1727255
2026-10-02T02:21:07.338Z,BKNG,stock,160.28,-1.6143883125652174,22.903305469702985,2.148963972024808,0.3192061800720437,6492958
2026-10-02T02:21:07.338Z,MAR,stock,354.79,-0.247420361571118,48.7892469463308,0.6106959165331317,0.6667794638278786,1108747
2026-10-02T02:21:07.338Z,HLT,stock,315.44,-0.8424493901672346,37.17234822762462,0.8751688428311918,0.4890018402613477,1509939
2026-10-02T02:21:07.338Z,CMG,stock,32.32,1.158059467918626,71.71723399172325,-9.442320062369569e-7,1.795275590551182,18523580
2026-10-02T02:21:07.338Z,YUM,stock,136.69,0.2567111632682957,40.565829502595946,0.5094980659132172,0.514739670976131,1743958
2026-10-02T02:21:07.338Z,EL,stock,90.19,-2.781071467069094,53.34172275650276,2.3230617921058365,1.5710364996015798,3507187
2026-10-02T02:21:07.338Z,LULU,stock,95.86,-0.3430710053020047,11.91340512848761,2.9658881348049673,-6.367114116234677e-7,5461687
2026-10-02T02:21:07.338Z,BTC-USD,crypto,84919.45,0.08193289022159958,70.42069914900718,0.16938992203714237,0.43539200350674256,33059076096
2026-10-02T02:21:07.338Z,ETH-USD,crypto,2714.2,0.31858969404825055,71.48113165114918,0.174330493074395,0.5348619944788501,13657403392
2026-10-02T02:21:07.338Z,SOL-USD,crypto,119.74,1.1352503646451928,68.93928885189808,0.4323982429681115,1.2086911257842157,3252387840
2026-10-02T02:21:07.338Z,XRP-USD,crypto,1.4988,0.3221849513241931,66.53859203491945,0.21304755696748354,0.8410151694082417,2838404352
2026-10-02T02:21:07.338Z,BNB-USD,crypto,771.9,0.09514160564329625,61.11128236744759,0.13971648633061645,0.4097560975609727,1341026304
2026-10-02T02:21:07.338Z,DOGE-USD,crypto,0.094,-0.3477967904993707,56.81804712436396,0.4659024535636479,0.8151004825537436,856784448
2026-10-02T02:21:07.338Z,ADA-USD,crypto,0.24769,0.5826230879291633,75.3968465152308,0.05245937305088453,1.246732904230553,526126304
2026-10-02T02:21:07.338Z,AVAX-USD,crypto,10.998,-0.0050915756244464365,69.13061686521182,0.2267963714521372,1.1868576682598029,540866176
2026-10-02T02:21:07.338Z,LINK-USD,crypto,14.394,0.07446836394652559,86.19438039115211,0.10410435363664265,1.3947583786596236,417679136
2026-10-02T02:21:07.338Z,DOT-USD,crypto,1.1946,1.5065730306909138,91.18803695972888,-0.0000011655487433487576,1.8674811648415346,167819760
2026-10-02T02:21:07.338Z,LTC-USD,crypto,68.82,1.1042874123692914,44.61164862901067,0.4657057923902564,0.984604182559129,338109952
2026-10-02T02:21:07.338Z,BCH-USD,crypto,308.48,-0.28870312186412217,84.32808203189497,0.14243603800609347,1.4469921145858493,235293264
2026-10-02T08:40:02.882Z,AAPL,stock,330.32,-0.8107621163894028,56.22213783310769,0.48054727983353934,1.2242358518427612,35017775
2026-10-02T08:40:02.882Z,MSFT,stock,512.8,-0.01949697796841933,16.814547697563526,1.3921964335909416,0.000002380466360200768,18901325
2026-10-02T08:40:02.882Z,NVDA,stock,230.86,1.0859094491636827,26.723709513623305,0.5685212840989659,0.9908347808139888,97538145
2026-10-02T08:40:02.882Z,TSLA,stock,354.11,-0.19728868972125604,27.164790888555345,1.3978238561410543,0.000004136691457344634,30302824
2026-10-02T08:40:02.882Z,AMZN,stock,248.23,-0.36925546859322333,20.05499802979618,0.9358463441292872,0.7795065001165848,32645635
2026-10-02T08:40:02.882Z,META,stock,725.93,0.10342259852726221,39.01919350967871,0.8495559935329399,0.3969245223213481,12256112
2026-10-02T08:40:02.882Z,GOOGL,stock,338.24,-1.6972797023947848,46.296170712961704,3.0219619290630337,0.7536292065529508,33110940
2026-10-02T08:40:02.882Z,AMD,stock,615.73,0.6489472995946167,35.196190326262354,0.4454409430806923,1.8956559717232857,16633581
2026-10-02T08:40:02.882Z,NFLX,stock,67.85,-2.486346651336597,10.228406351317645,2.1629394479090647,0.05899195228797748,40467844
2026-10-02T08:40:02.882Z,JPM,stock,333.18,0.7103346129432104,76.05885526729914,0.044996423456520086,2.111615824770054,8061036
2026-10-02T08:40:02.882Z,V,stock,359.85,0.14471377285504652,49.735688985067235,0.5692032939859372,0.6404526392891609,5269567
2026-10-02T08:40:02.882Z,XOM,stock,163.82,0.6574500768049113,60.75880099714234,0.12193895089083666,1.348676452971556,11699884
2026-10-02T08:40:02.882Z,SPY,stock,763.99,0.17833025189148258,38.84498480243161,0.14703544548648517,0.6163493772574905,47246631
2026-10-02T08:40:02.882Z,QQQ,stock,742.03,0.3055003582194454,36.165383056343735,0.24333550093029252,0.7002598717555131,35370061
2026-10-02T08:40:02.882Z,DIA,stock,508.62,0.013764624913969754,58.53051778999132,0.32531135519086707,0.7327866739025948,4293798
2026-10-02T08:40:02.882Z,IWM,stock,279.02,0.4066357191694539,45.33208530034185,0.4246784523630795,1.2207292578058033,33673375
2026-10-02T08:40:02.882Z,XLK,stock,197.81,1.0523627075351225,34.72216335353707,0.2772739507255567,1.0523627075351225,10880753
2026-10-02T08:40:02.882Z,XLF,stock,53.46,0.11235955056180201,72.72727272727272,0.14009498015480806,1.2020808857347818,40900255
2026-10-02T08:40:02.882Z,PLTR,stock,190.04,1.5985030740443626,49.11071430509799,0.8064340421871674,1.6392532672455076,17755532
2026-10-02T08:40:02.882Z,SOFI,stock,15.84,0.7633587786259493,48.57139743107667,0.5961745661440309,1.7994831158892606,37169281
2026-10-02T08:40:02.882Z,COIN,stock,189.29,1.5449814924092031,42.963783183544045,1.0920706601989472,1.4415829627530148,5815637
2026-10-02T08:40:02.882Z,HOOD,stock,111.15,-1.199999999999995,35.41680647930008,1.6719753186659119,0.30230343474556765,18051102
2026-10-02T08:40:02.882Z,RIVN,stock,14.76,-1.2048192771084318,37.97472633068235,1.3039112317008372,1.3388288721912016,32014878
2026-10-02T08:40:02.882Z,LCID,stock,4.19,2.948402948402951,41.567726900761976,0.6732410751850387,3.3292275555209665,7979647
2026-10-02T08:40:02.882Z,F,stock,12.27,1.741293532338301,77.7095273888941,0.12209888155000333,2.7001682743367352,45281371
2026-10-02T08:40:02.882Z,GM,stock,79.31,3.000000000000003,90.09910712936804,0.03780733460444753,3.510828970229931,8190811
2026-10-02T08:40:02.882Z,BAC,stock,53.73,-1.2860554841080338,67.28369102689294,1.0314991823239819,1.530615757900786,60012656
2026-10-02T08:40:02.882Z,WFC,stock,80.25,0.24984384759525652,81.84088698159941,0.031144846345280114,2.582125215884159,16376104
2026-10-02T08:40:02.882Z,GS,stock,896.67,-0.4098360655737766,71.51907624880599,0.3234861862825438,1.6459757619552127,2538318
2026-10-02T08:40:02.882Z,MS,stock,188.01,-0.037218205019152274,78.34200850993514,0.01595048245251851,2.9994227014262886,9459289
2026-10-02T08:40:02.882Z,PYPL,stock,53.06,1.0089472682276814,34.42631835672864,0.9797501043996157,0.6640123726172659,11209763
2026-10-02T08:40:02.882Z,SHOP,stock,149.09,0.5327039784221119,24.031728192271117,2.0498039394560608,0.6005418826483804,4839741
2026-10-02T08:40:02.882Z,CRM,stock,236.69,3.1014505379622794,69.44232115844109,0.40395283868701953,2.4964801870978266,9563732
2026-10-02T08:40:02.882Z,ORCL,stock,138.07,0.5608157319737668,49.689623472994874,0.6011293953672561,1.8440602941050628,23001832
2026-10-02T08:40:02.882Z,AVGO,stock,343.64,-2.14983342350295,6.708196597401127,2.5922566851285094,-0.000004262727531492097,22261651
2026-10-02T08:40:02.882Z,MU,stock,1097.39,3.0306728882463037,65.488269866794,0.025968416466167956,6.781166891042304,44760261
2026-10-02T08:40:02.882Z,INTC,stock,120,-0.19130000831739497,30.435055026868454,1.4454682205584233,1.634623791110576,102280238
2026-10-02T08:40:02.882Z,TSM,stock,459.2,0.6598127972993689,54.66615355012507,0.1999467806116965,1.1409213496483583,8157975
2026-10-02T08:40:02.882Z,ASML,stock,1808.49,-0.17552865588104144,44.01752674975852,0.6326908361196472,0.8060049423360116,1403447
2026-10-02T08:40:02.882Z,QCOM,stock,182.09,-1.0595522712453753,18.884595268441544,2.1337190211149606,0.03296227056281925,9284821
2026-10-02T08:40:02.882Z,ARM,stock,292.34,0.9252226748601636,50.637929723151814,1.2198047163809198,1.2748549474135722,3259961
2026-10-02T08:40:02.882Z,SMCI,stock,41.92,2.0696372047723433,53.08372807980676,0.10723258054155842,4.097341751875311,26394062
2026-10-02T08:40:02.882Z,NOW,stock,137.76,2.798298634430267,40.21512997709568,1.3074518222492515,1.9915544013588808,10143956
2026-10-02T08:40:02.882Z,UBER,stock,67.88,-0.9195737848489411,41.57041800643088,1.1502841834208313,0.8019062837482265,17260440
2026-10-02T08:40:02.882Z,ABNB,stock,160.47,-0.1120448179271751,60.335009803085846,0.4652035820768958,1.4926313203074681,4802704
2026-10-02T08:40:02.882Z,DIS,stock,101.33,-3.403241182078177,29.82402912621359,2.707634646724611,-0.0000018070212731844025,9123978
2026-10-02T08:40:02.882Z,WMT,stock,104.26,0.32717474980754757,36.44415508670559,0.7331227156489782,0.48672619146100954,19662489
2026-10-02T08:40:02.882Z,COST,stock,914.94,0.505305709954525,52.40344379779712,0.8812948134714149,1.0614894821500902,2108200
2026-10-02T08:40:02.882Z,HD,stock,282.46,-0.7135575942915496,50.55279859563837,0.29650117513687313,1.8185719228169184,7762894
2026-10-02T08:40:02.882Z,LOW,stock,182.38,-1.0364100059688515,39.75021171731352,0.5615853233430624,1.7177896797654222,4326500
2026-10-02T08:40:02.882Z,NKE,stock,35.15,-0.7062146892655368,22.7405377511255,2.9675597499032804,0.15671399738954528,95217681
2026-10-02T08:40:02.882Z,SBUX,stock,94.88,0.9791400595998315,76.1136954735561,0.02107642313731307,1.0651925605436878,5099550
2026-10-02T08:40:02.882Z,MCD,stock,231.83,0.3853814843682406,52.46522912572057,0.36102556219361137,0.8745942962858163,5858151
2026-10-02T08:40:02.882Z,PEP,stock,125.6,-0.8838383838383874,38.96965000039142,1.234566479162464,0.000001214871750878288,8281937
2026-10-02T08:40:02.882Z,KO,stock,86.1,0.0232342007434898,58.219873777432866,0.5773654537309435,0.4023121189806518,16154533
2026-10-02T08:40:02.882Z,TGT,stock,156.7,0.006382028208558877,47.785791906668244,0.8384710948651166,0.6810592485918832,4571584
2026-10-02T08:40:02.882Z,CVX,stock,207.1,1.415209833015027,59.37546833063121,0.09165579250637579,1.6616369550402927,5998039
2026-10-02T08:40:02.882Z,OXY,stock,57.84,4.555314533622566,79.48506455439065,2.638103160647515e-7,3.702372779251227,11625831
2026-10-02T08:40:02.882Z,SLB,stock,48.66,-0.12315270935961058,65.0717860545596,0.31752254649082534,1.4489728868990905,14312140
2026-10-02T08:40:02.882Z,UNH,stock,365.2,-0.512149940067559,68.29001895338752,1.435817006211663,0.647648851303573,3933201
2026-10-02T08:40:02.882Z,LLY,stock,1149.85,-0.624848757216443,50.82168139647364,0.5466361958095787,0.7791718699046347,2170988
2026-10-02T08:40:02.882Z,NVO,stock,37.4,-1.3452914798206226,1.4495798319327662,1.0581990612009695,-0.000004079889961007767,11841791
2026-10-02T08:40:02.882Z,PFE,stock,28.12,-1.4025245441795182,37.77815453736278,1.4025261267300695,0.017784915250020888,29869633
2026-10-02T08:40:02.882Z,MRK,stock,143.81,-1.0322758241001995,51.8519774394448,1.0527015112437756,0.306901651529563,7853281
2026-10-02T08:40:02.882Z,JNJ,stock,258.66,-2.2965928835838874,33.519734038018925,1.9224247431555794,-0.0000014158003936212543,8156115
2026-10-02T08:40:02.882Z,ABBV,stock,259.93,-0.6345808326006225,33.130303180667894,0.735143841272003,0.33970748832250763,3846203
2026-10-02T08:40:02.882Z,BA,stock,192.28,3.3485622144584735,71.7112384361154,0.7254034005234236,3.2874925964219233,13490917
2026-10-02T08:40:02.882Z,CAT,stock,826.35,1.9191159239753892,70.06525720585358,0.5320388828840874,2.747901771837118,2116981
2026-10-02T08:40:02.882Z,GE,stock,312.39,0.03202151846039447,42.75984694089756,0.5222427111014621,0.29859647159721847,3415495
2026-10-02T08:40:02.882Z,LMT,stock,505.5,-0.7363770250368188,59.58766569753117,1.078258676019315,0.38071312853981304,892732
2026-10-02T08:40:02.882Z,RTX,stock,185.01,-0.3447347158631914,64.30541267192862,0.6230854489737105,0.3144864432318039,3165835
2026-10-02T08:40:02.882Z,NOC,stock,482,-0.306114006784152,47.90313053750739,0.9280319234751906,0.04151353509730598,1038870
2026-10-02T08:40:02.882Z,DE,stock,667.26,-0.6388206388206334,72.4504011633228,0.02696908197708172,3.4527682759127107,1593102
2026-10-02T08:40:02.882Z,BABA,stock,107.45,-0.083689789845642,53.56779907084785,1.7420358451416071,0.693375552471042,6976633
2026-10-02T08:40:02.882Z,PDD,stock,76.5,-1.8475750577367178,37.313823730357555,2.5893416873082478,0.22271474501150754,4787906
2026-10-02T08:40:02.882Z,SNOW,stock,341.99,0.7156319943456257,61.39751552795031,0.38158690345155066,1.5500226138369524,3604951
2026-10-02T08:40:02.882Z,DDOG,stock,276.46,0.9530765017345103,53.1778154216182,1.1689882593569727,1.965810374622181,2930639
2026-10-02T08:40:02.882Z,PANW,stock,396.25,-0.26679419093403195,76.94366105753626,0.3583297508543848,2.3822445933863676,5258404
2026-10-02T08:40:02.882Z,CRWD,stock,266.09,0.5061378659112276,50.280910114478736,1.0265970023645683,2.374787674077307,6859136
2026-10-02T08:40:02.882Z,NET,stock,351,1.0711817553559166,53.86109577041002,0.5989522656546542,2.353252120425767,2772956
2026-10-02T08:40:02.882Z,ROKU,stock,151.26,-0.6698187549251446,68.9995422409847,0.6893819023205121,0.6655167907107564,1893679
2026-10-02T08:40:02.882Z,PINS,stock,19.46,3.017469560614083,75,-0.000004704662834918427,4.539351271939766,13203474
2026-10-02T08:40:02.882Z,ADBE,stock,241.28,0.5584729515712276,27.597669602782204,1.7489553096268213,1.318552371881821,4494944
2026-10-02T08:40:02.882Z,AMAT,stock,529.3,3.504243419766115,43.342710198050746,0.7891154221219832,1.14270285715951,6050018
2026-10-02T08:40:02.882Z,LRCX,stock,340.1,3.5280508964719592,57.166256839856686,0.27854796275360333,2.104537434080837,8547754
2026-10-02T08:40:02.882Z,KLAC,stock,200.33,2.7702252090494053,43.905363482381155,0.8021772580949157,2.523032885112254,8596275
2026-10-02T08:40:02.882Z,TXN,stock,281.31,0.43557427969582185,30.840113123081665,0.7934820066179528,0.9455503085870185,3668164
2026-10-02T08:40:02.882Z,ADI,stock,404.6,1.988858360011102,47.131071676931,0.1850267897428058,2.575803036129185,3157737
2026-10-02T08:40:02.882Z,MRVL,stock,268.08,1.4647439536732163,48.42211574596016,0.4641096924163879,3.4418877187239216,17678170
2026-10-02T08:40:02.882Z,CDNS,stock,350.73,6.222269333858296,67.81603147599253,0.9712887306412984,3.2990771976462425,3278707
2026-10-02T08:40:02.882Z,SNPS,stock,490.54,12.78337241918426,54.4821850652193,0.9361951164436172,4.1121456610101585,6317284
2026-10-02T08:40:02.882Z,WDAY,stock,186.75,-1.947915572823694,46.42975437128462,4.031450536494299,1.6796922803144292,2454103
2026-10-02T08:40:02.882Z,TEAM,stock,189.91,5.92336438172793,44.38693491174161,0.5316239547120284,3.8043198512470275,2479607
2026-10-02T08:40:02.882Z,ZS,stock,198.78,-0.320930699027172,46.94600309802485,2.0643450734116366,0.11332242074928012,1451968
2026-10-02T08:40:02.882Z,OKTA,stock,212.63,1.6833245660178766,66.10200175865101,0.49837726091696755,3.449453607793576,3179686
2026-10-02T08:40:02.882Z,MDB,stock,351.73,0.8949829322165183,51.653669064321065,0.9406616316001398,1.9891567778987196,2617759
2026-10-02T08:40:02.882Z,FSLR,stock,172.11,-1.741265129024882,34.465058996464194,1.4031913670762624,1.9304092813651097,2542546
2026-10-02T08:40:02.882Z,ENPH,stock,32.82,-0.5153076689906083,41.05246250527034,1.0253312695314851,3.5991387736742575,5075022
2026-10-02T08:40:02.882Z,NEE,stock,76.35,0.8053868497491411,63.29106589278299,0.11774259357886009,2.4488405726330043,17057919
2026-10-02T08:40:02.882Z,DUK,stock,113.74,-0.2368213314621614,58.175868257151905,0.18428868263820702,0.9183249652901602,4821107
2026-10-02T08:40:02.882Z,SO,stock,83.47,0.6997225238267563,69.29862133583188,0.11965980039415176,1.6934675169797697,7566088
2026-10-02T08:40:02.882Z,T,stock,24.3,-0.40983606557376173,35.615912208504795,1.1391372033163005,0.000003139668632877833,25833369
2026-10-02T08:40:02.882Z,VZ,stock,45.98,0.23980815347721698,56.321798761772804,0.4007384638979241,0.40397824751991923,21206009
2026-10-02T08:40:02.882Z,CMCSA,stock,21.7,-0.27573529411765746,39.464195489412525,0.7092177784620003,0.6726963246175448,20042477
2026-10-02T08:40:02.882Z,TMUS,stock,161.73,-0.8278145695364378,54.16719657467464,1.2004076094555611,0.16721991509096942,3787756
2026-10-02T08:40:02.882Z,AXP,stock,302.09,-0.6609667872410548,84.56323604710701,0.882603448412254,1.5889596693614978,3713408
2026-10-02T08:40:02.882Z,MA,stock,550,-0.2665602843309749,39.2752215761718,0.9276815613037457,0.6791305207635623,2876158
2026-10-02T08:40:02.882Z,BLK,stock,1064.36,0.5735667917111508,60.907526983079606,0.7293601185613836,0.9853198277586279,511377
2026-10-02T08:40:02.882Z,SCHW,stock,98.37,0.6445672191528644,66.82199318142926,0.035566058361898724,1.4489802662534128,6549035
2026-10-02T08:40:02.882Z,C,stock,127,-1.9153537225826305,65.35968245419821,1.332398233837941,2.638703174965104,13548947
2026-10-02T08:40:02.882Z,TFC,stock,46.28,-0.04319654427644929,85.03349964362081,0.0431948971708351,2.570924413953171,8774930
2026-10-02T08:40:02.882Z,USB,stock,57.36,-0.6925207756232663,90.83999697151476,0.3820802779760146,2.2733367858435645,10416537
2026-10-02T08:40:02.882Z,CB,stock,331.3,1.8601076095311333,58.598974284626955,0.16573936820843316,1.5494505535622851,1367504
2026-10-02T08:40:02.882Z,PGR,stock,210.96,1.809758216302302,72.74835253902809,0.08525120307320337,1.3013205282112883,2445795
2026-10-02T08:40:02.882Z,AMGN,stock,407.27,-3.3783302887238755,11.974717297911198,3.2612826603325455,0.000002697554055828381,2490728
2026-10-02T08:40:02.882Z,GILD,stock,147.5,-1.0399194901039994,38.82359980852083,1.1526613098998475,0.20380642525644768,4362454
2026-10-02T08:40:02.882Z,BMY,stock,61.46,-1.5064102564102528,35.29399764997714,1.6797286029865448,0.2937356793223996,10764463
2026-10-02T08:40:02.882Z,REGN,stock,734.81,-3.093884764002273,21.778972027008408,5.030790398326913,1.0951399437890343,1042690
2026-10-02T08:40:02.882Z,ISRG,stock,401.24,-1.3255293510070547,42.08290946083418,1.985977285624017,0.39407789558867695,1510795
2026-10-02T08:40:02.882Z,TMO,stock,652.51,-3.339011925042584,8.217776309534358,2.779492172278355,0.004600835603940597,2375143
2026-10-02T08:40:02.882Z,DHR,stock,211.76,-4.418867072895518,18.052443266933253,4.159310737802348,0.12766300998779603,5302507
2026-10-02T08:40:02.882Z,ELV,stock,381.67,-1.8388971760711839,53.14054255823572,1.8609826753112335,1.2387267904509325,1176084
2026-10-02T08:40:02.882Z,CI,stock,267.96,-1.4236839200971212,53.151166220011035,1.2784116602493967,1.467333877465357,1972849
2026-10-02T08:40:02.882Z,CVS,stock,85.2,-0.5718286847940189,53.71408641060295,0.6413994169096177,0.9477468454208805,6419602
2026-10-02T08:40:02.882Z,MDT,stock,86.44,0.17383242554176784,46.078587812905155,0.403273317012638,1.366166465288825,28588923
2026-10-02T08:40:02.882Z,SYK,stock,272.96,-0.8823849812992508,30.59064395256307,1.4584511850243989,0.4120084156847974,2453064
2026-10-02T08:40:02.882Z,HON,stock,213.8,1.3558357826870264,44.46695894583011,0.48871588256307347,1.6787918656077174,2394969
2026-10-02T08:40:02.882Z,UPS,stock,93.89,0.48159246575342773,47.57275260872383,0.5402558449526014,0.5461584510416809,4480809
2026-10-02T08:40:02.882Z,FDX,stock,287.07,0.6945175207829171,51.61293665350619,0.37826334267662565,1.0196323704080106,1730012
2026-10-02T08:40:02.882Z,DAL,stock,84.13,0.8027797747423937,75.25699081725674,0.023768895444119115,1.6676737160120791,6414514
2026-10-02T08:40:02.882Z,UAL,stock,111.78,0.7480847228481282,70.31704850270437,0.05364479600782812,2.2128743380963107,4350144
2026-10-02T08:40:02.882Z,AAL,stock,13.13,-1.7950635751682757,68.00030518043793,1.795062734580161,0.728808237053813,54688591
2026-10-02T08:40:02.882Z,LUV,stock,41.84,0.48030739673391654,55.42196361764516,0.48756850487086467,0.9287134288748404,5114267
2026-10-02T08:40:02.882Z,CARR,stock,55.22,0.6562158220925983,64.84377793937082,0.000002210617709438227,2.0325223389226053,7339922
2026-10-02T08:40:02.882Z,ETN,stock,437.28,1.7616532079774716,43.43314481922844,0.47454628400474275,2.8083766407409305,1606633
2026-10-02T08:40:02.882Z,EMR,stock,158.57,2.2372662798194707,63.38042294687374,0.32999227925133146,1.9316668347211186,3333560
2026-10-02T08:40:02.882Z,MMM,stock,163.02,-0.6883947608894275,46.62967915247366,0.8755968959508479,0.3292607856964024,3210425
2026-10-02T08:40:02.882Z,WM,stock,201.9,-0.9905845429580139,46.32608952918387,1.1069766955185503,0.16868547604909379,2657379
2026-10-02T08:40:02.882Z,LIN,stock,469.45,-1.095544085115346,42.94265458135152,0.20620156456914843,1.5027027027027002,2120421
2026-10-02T08:40:02.882Z,APD,stock,273.33,-1.1178641198176802,63.049606672692605,0.0036571076405093285,2.0916553183713975,1479322
2026-10-02T08:40:02.882Z,FCX,stock,69.28,-1.028571428571427,55.66286682840905,0.38821429174759364,1.0944130075334304,12037416
2026-10-02T08:40:02.882Z,NEM,stock,114.67,-0.580891277960813,31.325201533215065,0.6067458870739846,0.31054328042000495,5613699
2026-10-02T08:40:02.882Z,EOG,stock,141.31,2.5769454123112743,40.626592745919964,0.47891081544947073,2.3688835648441655,3143654
2026-10-02T08:40:02.882Z,COP,stock,127.06,1.526168597682778,58.82352941176471,0.1571602489966693,1.688106722756499,5978962
2026-10-02T08:40:02.882Z,MPC,stock,420.15,6.254109554397845,82.26411497586514,0.06184526054198441,5.0086264732506045,2113004
2026-10-02T08:40:02.882Z,PSX,stock,264.23,3.493791860875021,68.69906092220666,0.0000041578653635141256,2.951396622669439,2529348
2026-10-02T08:40:02.882Z,HAL,stock,31.88,0.25157232704401983,60.39589376359681,0.26591632154586425,1.0139434077080425,9731765
2026-10-02T08:40:02.882Z,BKR,stock,55.62,1.3114754098360635,45.8842119657427,0.7406082779373436,1.5983214634891714,6480883
2026-10-02T08:40:02.882Z,WMB,stock,69.22,1.8390466382227453,66.10241820768137,0.20184632226007995,2.6546043107266915,7204115
2026-10-02T08:40:02.882Z,KMI,stock,30.53,1.2603648424544032,56.525587338817196,0.34274597061319256,2.055821713692286,11132658
2026-10-02T08:40:02.882Z,PG,stock,143.95,-0.915473568281947,27.49987284471797,0.6076101774004172,0.29262260452530264,7304861
2026-10-02T08:40:02.882Z,CL,stock,84.53,-0.9259259259259167,33.98118657877194,0.5938773920867104,0.12436712401161412,5010263
2026-10-02T08:40:02.882Z,KMB,stock,94.34,-3.1715077491532413,7.856216416527701,2.1623054039610943,0.07425836366436948,6024894
2026-10-02T08:40:02.882Z,PM,stock,188.18,-1.3835027774866295,50,1.4222500388673633,0.571855799346969,3567588
2026-10-02T08:40:02.882Z,MO,stock,66.95,-0.57915057915058,53.65925022858884,0.42388727264721804,0.6766917293233126,5935490
2026-10-02T08:40:02.882Z,MDLZ,stock,57.76,-0.10377032168800117,49.32405438494748,0.5680842687572126,0.4434378352288263,7586431
2026-10-02T08:40:02.882Z,GIS,stock,31.67,-1.5236318407960041,48.09705004866064,1.293436485318433,1.5226809098337437,17137642
2026-10-02T08:40:02.882Z,KR,stock,59.48,1.4670760832480372,31.386820665036836,1.2862020651848267,1.6404640032926805,7944794
2026-10-02T08:40:02.882Z,DG,stock,118.93,-0.5435691587221873,42.84749109996622,1.1593575596284775,0.31546294148824605,1864798
2026-10-02T08:40:02.882Z,DLTR,stock,114.43,0.35958603753728363,38.85716029575893,1.2683360712041647,0.3771929824561463,1868158
2026-10-02T08:40:02.882Z,TJX,stock,133.59,0.9674249867734873,67.95076808798191,0.04863176079497289,1.4890184946300404,5819998
2026-10-02T08:40:02.882Z,ROST,stock,234.1,0.2999143101970817,40.00008360959336,0.5395739234116025,0.9095195727723305,1727255
2026-10-02T08:40:02.882Z,BKNG,stock,160.28,-1.6143883125652174,22.903305469702985,2.148963972024808,0.3192061800720437,6492958
2026-10-02T08:40:02.882Z,MAR,stock,354.79,-0.247420361571118,48.7892469463308,0.6106959165331317,0.6667794638278786,1108747
2026-10-02T08:40:02.882Z,HLT,stock,315.44,-0.8424493901672346,37.17234822762462,0.8751688428311918,0.4890018402613477,1509939
2026-10-02T08:40:02.882Z,CMG,stock,32.32,1.158059467918626,71.71723399172325,-9.442320062369569e-7,1.795275590551182,18523580
2026-10-02T08:40:02.882Z,YUM,stock,136.69,0.2567111632682957,40.565829502595946,0.5094980659132172,0.514739670976131,1743958
2026-10-02T08:40:02.882Z,EL,stock,90.19,-2.781071467069094,53.34172275650276,2.3230617921058365,1.5710364996015798,3507187
2026-10-02T08:40:02.882Z,LULU,stock,95.86,-0.3430710053020047,11.91340512848761,2.9658881348049673,-6.367114116234677e-7,5461687
2026-10-02T08:40:02.882Z,BTC-USD,crypto,86424.08,1.8552166159712904,73.98103919054483,0.3911924001013151,2.2149384309769724,38164807680
2026-10-02T08:40:02.882Z,ETH-USD,crypto,2760.18,2.018040270325732,79.28561473369835,0.21906957660104248,2.2379763392235774,15423147008
2026-10-02T08:40:02.882Z,SOL-USD,crypto,122.55,3.5086431617443514,77.55890966433881,0.712954956655609,3.5838073948960734,4245468928
2026-10-02T08:40:02.882Z,XRP-USD,crypto,1.5389,3.0062786373050465,78.48113203988245,0.05845225655715367,3.5320231101129194,3268418048
2026-10-02T08:40:02.882Z,BNB-USD,crypto,779.49,1.0793651122980907,73.39516781237363,0.3502781198833701,1.3970731707317086,1484598016
2026-10-02T08:40:02.882Z,DOGE-USD,crypto,0.09757,3.436866671818902,87.15950600104365,0.030735775688659393,4.643929298752862,1026431424
2026-10-02T08:40:02.882Z,ADA-USD,crypto,0.25625,4.058690969687297,70.22687845171968,0.15195887223566718,4.737184170272522,604583808
2026-10-02T08:40:02.882Z,AVAX-USD,crypto,11.147,1.3496312244512083,73.12244621021365,0.37536982047415524,2.5577288987172317,514427392
2026-10-02T08:40:02.882Z,LINK-USD,crypto,14.451,0.4707615900646992,73.82919024574788,1.331420931764423,1.796279931222055,468543136
2026-10-02T08:40:02.882Z,DOT-USD,crypto,1.2322,4.701489442840557,66.16043815099454,0.6610736044348502,5.073757149939498,171895104
2026-10-02T08:40:02.882Z,LTC-USD,crypto,70.578,3.686986297445522,74.02269096204017,0.000004150992342419789,3.564245771529486,370577888
2026-10-02T08:40:02.882Z,BCH-USD,crypto,316.88,2.4264644539149853,83.17957444414755,0.06307133238762475,4.209423175797334,258646384
2026-10-02T14:58:27.090Z,AAPL,stock,333.67,1.0141680794381274,77.289624873268,0.19141102143953329,0.8249222029534247,8619235
2026-10-02T14:58:27.090Z,MSFT,stock,516.17,0.657176287051483,51.899997983017,1.0929885722091626,0.056213676522185514,4594228
2026-10-02T14:58:27.090Z,NVDA,stock,236.92,2.6249675127782957,45.805712745890595,0.3155628285957222,0.34306017854159154,56709397
2026-10-02T14:58:27.090Z,TSLA,stock,372.015,5.056338425912845,60.97542855161688,0.4988244512827247,1.1625088049032568,24581453
2026-10-02T14:58:27.090Z,AMZN,stock,251.549,1.3370664303267201,52.65302795663868,0.6618643748123696,0.08315575123523361,10702640
2026-10-02T14:58:27.090Z,META,stock,732.03,0.8403014064717015,53.8564949349556,0.49208513476851157,0.29250514274245776,4099078
2026-10-02T14:58:27.090Z,GOOGL,stock,344.707,1.9119560075685857,63.16258582419984,0.20063517913438936,0.5181836999304964,8734867
2026-10-02T14:58:27.090Z,AMD,stock,638.775,3.7427119029444658,50.29669861554846,0.8975111053285443,0.4837168057135859,9051887
2026-10-02T14:58:27.090Z,NFLX,stock,67.455,-0.582166543846715,46.86974959464119,0.4071955844877662,0.15961443564403738,10305102
2026-10-02T14:58:27.090Z,JPM,stock,332.082,-0.3295515937331212,47.0514325845779,0.6114478114478133,0.29204650775264196,1365038
2026-10-02T14:58:27.090Z,V,stock,359.75,-0.02778935667639926,72.17899201029951,0.1471328408801949,0.7459014221849225,904043
2026-10-02T14:58:27.090Z,XOM,stock,163.58,-0.14650225857647461,49.65853658536585,0.31080282117895774,0.9846586928657409,2114198
2026-10-02T14:58:27.090Z,SPY,stock,771.55,0.9895417479286307,61.29832434435341,0.10357682543210416,0.17397566756035746,14421121
2026-10-02T14:58:27.090Z,QQQ,stock,752.435,1.4022344110076377,54.69420961409217,0.2690683839819248,0.2317842344500511,12723458
2026-10-02T14:58:27.090Z,DIA,stock,511.56,0.5780346820809243,54.97218007081435,0.16198884145058715,0.10567316307340763,1604184
2026-10-02T14:58:27.090Z,IWM,stock,283.22,1.5052684395384006,62.57747787023523,0.09347421036562216,0.2974697580078748,11915602
2026-10-02T14:58:27.090Z,XLK,stock,200.767,1.4948688135079082,55.32317345102803,0.2944977197825264,0.18563123810875334,2639822
2026-10-02T14:58:27.090Z,XLF,stock,53.565,0.19640852974185724,59.070346817019605,0.16104242820860165,0.27143735684172904,14231974
2026-10-02T14:58:27.090Z,PLTR,stock,193.79,1.973268785518838,74.42893423119934,0.39064664088215423,1.4203750939220108,6233486
2026-10-02T14:58:27.090Z,SOFI,stock,15.955,0.7260101010101024,52.12850394723755,0.7465054882990244,0.6624581451305755,15157740
2026-10-02T14:58:27.090Z,COIN,stock,186.42,-1.5161920862169185,19.948898483614656,6.859852268386982,0.12083711535264795,4894273
2026-10-02T14:58:27.090Z,HOOD,stock,115.24,3.6797121007647227,48.16969411559086,3.000715707266806,0.573999414456709,14364083
2026-10-02T14:58:27.090Z,RIVN,stock,14.455,-2.0663956639566377,70.82649237609684,3.857664471555957,3.0659564575074674,27740603
2026-10-02T14:58:27.090Z,LCID,stock,4.18,-0.23866348448688962,75.69730197991588,0.23866484687098205,1.9512218836161352,2720021
2026-10-02T14:58:27.090Z,F,stock,12.16,-0.8964955175224079,57.446756704110115,0.16420611391349602,0.703935338116054,10512524
2026-10-02T14:58:27.090Z,GM,stock,79.01,-0.3782625141848407,56.57541023875671,0.25878475966370107,1.100445882699459,1565909
2026-10-02T14:58:27.090Z,BAC,stock,53.848,0.2196166015261532,66.17859555622279,0.08720745405783255,0.6222565900205818,10656076
2026-10-02T14:58:27.090Z,WFC,stock,80.58,0.4112149532710259,61.3637309436946,0.07440400558353821,0.4863418714555025,1892623
2026-10-02T14:58:27.090Z,GS,stock,907.907,1.2531923673146286,57.299337958210764,0.31544711175682544,0.47720820020940014,540165
2026-10-02T14:58:27.090Z,MS,stock,190.95,1.5637466092229126,69.0208149678936,0.10457883645188665,0.6960897976051937,1353793
2026-10-02T14:58:27.090Z,PYPL,stock,52.98,-0.15077271013947494,56.190289847249964,0.6842275983704948,0.4996556999104095,2161877
2026-10-02T14:58:27.090Z,SHOP,stock,151.985,1.9417801328056947,57.207683114813726,0.5138471234581438,0.5823793371118632,1517070
2026-10-02T14:58:27.090Z,CRM,stock,236.2,-0.20702184291689937,50.613248156512405,1.0266054720902626,0.1845060172110731,2047691
2026-10-02T14:58:27.090Z,ORCL,stock,143.27,3.766205547910493,66.53489192820392,1.0972681132124689,1.1508052932614592,13871619
2026-10-02T14:58:27.090Z,AVGO,stock,354.94,3.288324991269937,60.24127838569244,0.5965237293886492,1.8070172920097234,9114534
2026-10-02T14:58:27.090Z,MU,stock,1082.1,-1.3933059349912238,40.6763637302289,1.2511345817854758,0.10036727860947081,12094143
2026-10-02T14:58:27.090Z,INTC,stock,123.65,3.0416666666666714,46.63096930829456,1.8261190980316904,0.33268593260095153,34189477
2026-10-02T14:58:27.090Z,TSM,stock,469.49,2.2408536585365897,44.054807245703664,0.449669041259204,0.8983263766817939,3147455
2026-10-02T14:58:27.090Z,ASML,stock,1869,3.3458852412786353,62.465073210882,0,0.8757121275999835,489529
2026-10-02T14:58:27.090Z,QCOM,stock,188.12,3.311549233895327,56.704096351032014,0.24921594306017333,1.8737118321635726,2806514
2026-10-02T14:58:27.090Z,ARM,stock,316.32,8.202777587740309,71.09446908980236,0.4171288890110124,4.1179151533074165,2681176
2026-10-02T14:58:27.090Z,SMCI,stock,44,4.961832061068698,58.333853189437164,1.289962429832464,2.767724889174198,21032711
2026-10-02T14:58:27.090Z,NOW,stock,136.185,-1.143292682926821,52.5789694616434,1.6643840000987193,0.34261625045280725,2424431
2026-10-02T14:58:27.090Z,UBER,stock,67.6,-0.4124926340601078,41.83005054511662,0.8143185228336767,0.16299027961521867,4772753
2026-10-02T14:58:27.090Z,ABNB,stock,162.63,1.3460459899046529,41.11117233428417,0.9320197538851102,-0.0000030024056803453443,813842
2026-10-02T14:58:27.090Z,DIS,stock,102.17,0.8289746373235994,60.40586076708655,0.3607393094252932,0.6600985221674894,1437015
2026-10-02T14:58:27.090Z,WMT,stock,104.13,-0.1246882793017549,36.487847428730035,0.8543473848656798,0.24066495301510116,5686784
2026-10-02T14:58:27.090Z,COST,stock,913.405,-0.16777056419001046,48.070021642056815,0.41484740479315346,0.3008814480371892,658809
2026-10-02T14:58:27.090Z,HD,stock,282.89,0.1522339446293305,12.217534978555861,1.3417839077435725,-0.00003754149387363851,1105878
2026-10-02T14:58:27.090Z,LOW,stock,181.125,-0.6881236977738762,11.258448076404534,1.7334023422637643,0,624532
2026-10-02T14:58:27.090Z,NKE,stock,33.18,-5.604551920341391,59.46967134995542,0.8386035859789489,0.7897990447033404,67663791
2026-10-02T14:58:27.090Z,SBUX,stock,94.87,-0.010539629005049437,61.93154526720278,0.14735515533377377,0.2907117455977083,823918
2026-10-02T14:58:27.090Z,MCD,stock,232.3,0.20273476254151698,46.26174354996036,0.12683042161477706,0.3715855295203288,1267666
2026-10-02T14:58:27.090Z,PEP,stock,125.504,-0.07643312101909987,36.74973141524514,0.527857793937285,-0.00016238211992045543,1234251
2026-10-02T14:58:27.090Z,KO,stock,85.34,-0.882694541231116,14.417172171047696,0.9861960985371777,0.000004291199362033067,4425771
2026-10-02T14:58:27.090Z,TGT,stock,155.47,-0.7849393746011423,34.465900757760934,0.9176584010867392,0.16429060859187297,443872
2026-10-02T14:58:27.090Z,CVX,stock,206.67,-0.20762916465475947,50.671113447529585,0.26541898342976533,0.9032284980113301,1410926
2026-10-02T14:58:27.090Z,OXY,stock,57.625,-0.37171507607192844,49.856702831622,0.13863933544082047,1.2163545972990877,2534075
2026-10-02T14:58:27.090Z,SLB,stock,49.105,0.9145088368269633,78.73342440095203,0.2133694095226878,2.131859671193413,3421261
2026-10-02T14:58:27.090Z,UNH,stock,367.17,0.5394304490690107,60.547954136141016,0.3054652891614851,0.6358760744617227,635293
2026-10-02T14:58:27.090Z,LLY,stock,1154.175,0.3761360177414485,57.648830445400236,0.8764221164531522,0.7080729622675473,482894
2026-10-02T14:58:27.090Z,NVO,stock,37.51,0.294117647058822,68.81711608981354,0.22609713510613696,0.4821809807562632,3450713
2026-10-02T14:58:27.090Z,PFE,stock,27.81,-1.1024182076813736,44.444444444444436,0.9971461167836491,0.000001920379813608262,6904542
2026-10-02T14:58:27.090Z,MRK,stock,142.97,-0.5841040261456112,42.455151556808026,0.7152777777777786,0.10502217342752776,1128361
2026-10-02T14:58:27.090Z,JNJ,stock,257.16,-0.5799118533982834,58.184946714031966,0.29852777794209767,0.20456688074416604,1277326
2026-10-02T14:58:27.090Z,ABBV,stock,259.66,-0.1038741199553656,50.98023574746427,0.4905351534568365,0.21613040651981738,623022
2026-10-02T14:58:27.090Z,BA,stock,192.105,-0.09101310588725367,58.30201128771901,0.7055363684760587,0.4496875237365099,2598362
2026-10-02T14:58:27.090Z,CAT,stock,847.89,2.606643673988015,49.731971859451235,1.0658993791118314,1.0595947556615002,734731
2026-10-02T14:58:27.090Z,GE,stock,312.431,0.013124619866191883,47.21269200222509,1.1937827898692048,0.9633180401926641,1059860
2026-10-02T14:58:27.090Z,LMT,stock,503.45,-0.40553907022749974,57.68466461363763,0.32863839553818003,0.8735906738466428,286985
2026-10-02T14:58:27.090Z,RTX,stock,185.09,0.0432409058969853,51.550275905671654,0.39296355623496226,0.41774774586832397,606696
2026-10-02T14:58:27.090Z,NOC,stock,477.6,-0.9128630705394145,55.17865762372987,0.5983674628220305,1.3948158796105787,781652
2026-10-02T14:58:27.090Z,DE,stock,677.75,1.572100830261069,69.9929228591649,0.24579537725741013,1.1975004502018434,162796
2026-10-02T14:58:27.090Z,BABA,stock,106.49,-0.8934388087482623,68.2719448779075,0.3648926491766933,0.6093804826474026,2945221
2026-10-02T14:58:27.090Z,PDD,stock,75.42,-1.4117647058823508,60.50164350814284,0.30759288745980873,0.6069548247004952,2034990
2026-10-02T14:58:27.090Z,SNOW,stock,341.4,-0.17251966431767943,79.55671383087268,0.23086660503517956,2.1146812166685995,1311577
2026-10-02T14:58:27.090Z,DDOG,stock,280.51,1.464949721478699,75.3304951826126,0.44010647737356134,1.8480815932430936,488567
2026-10-02T14:58:27.090Z,PANW,stock,408.14,3.000630914826495,64.87254160599451,0.000003589071639118809,1.6082472221694586,1238443
2026-10-02T14:58:27.090Z,CRWD,stock,272.24,2.3112480739599515,64.49427703807521,0.07341155469606762,1.4533468107697003,2041399
2026-10-02T14:58:27.090Z,NET,stock,350.24,-0.21652421652421394,56.144250358687614,0.8829481211514022,1.4100833748340147,678649
2026-10-02T14:58:27.090Z,ROKU,stock,152.27,0.6677244479703949,72.83576107057291,0.0000028058454110392955,0.7276588240911085,297871
2026-10-02T14:58:27.090Z,PINS,stock,19.295,-0.84789311408016,38.93802621007218,0.8988152004425509,0.44248266308378564,1438253
2026-10-02T14:58:27.090Z,ADBE,stock,238.815,-1.0216346153846168,39.52988944968286,1.6129014940261408,0.33400374475627287,790007
2026-10-02T14:58:27.090Z,AMAT,stock,540.055,2.0319289627810306,37.41920202930884,1.1838477883056056,0.3111176310405586,1859201
2026-10-02T14:58:27.090Z,LRCX,stock,348.145,2.3654807409585294,36.033720608977625,1.1443140292909886,0.4327225356974497,2488192
2026-10-02T14:58:27.090Z,KLAC,stock,207.11,3.384415714071782,49.80080488605553,0.6904833520431164,1.2911423502400714,2147950
2026-10-02T14:58:27.090Z,TXN,stock,294.25,4.599907575272829,49.713320236542046,0.41290189043314673,0.4129099849151274,1112810
2026-10-02T14:58:27.090Z,ADI,stock,418.99,3.5565991102323244,45.708017485551494,0.5954922894424652,0.2531495905451991,659999
2026-10-02T14:58:27.090Z,MRVL,stock,274.81,2.5104446433900396,41.82795889335529,1.4594107901435045,0.050965364044902456,6553597
2026-10-02T14:58:27.090Z,CDNS,stock,345.04,-1.6223305676731383,26.558760112041313,2.4814897808119922,0.6989773856674093,543942
2026-10-02T14:58:27.090Z,SNPS,stock,489.716,-0.16797814653239537,41.298980618654056,1.26593920886318,0.592817514807293,681682
2026-10-02T14:58:27.090Z,WDAY,stock,187.76,0.5408299866131142,62.33424603512483,0.36614325254231994,1.044017112966927,197870
2026-10-02T14:58:27.090Z,TEAM,stock,189.785,-0.0658206518877363,47.09624177169269,0.942114083403036,0.5430205144061595,377519
2026-10-02T14:58:27.090Z,ZS,stock,200.2,0.7143575812455919,56.37514817441441,0.7412217803763389,0.9581426722148172,421281
2026-10-02T14:58:27.090Z,OKTA,stock,214.955,1.0934487137280802,50.860543475626024,0.6447913400326658,0.9273191436192593,554266
2026-10-02T14:58:27.090Z,MDB,stock,358,1.7826173485343817,88.99905849991589,0.07535909284926792,5.63588269327312,1334199
2026-10-02T14:58:27.090Z,FSLR,stock,177.305,3.0184184533147365,45.00082857015096,0.3260502711000967,1.753228120516503,574837
2026-10-02T14:58:27.090Z,ENPH,stock,33.95,3.4430225472273084,43.86020120879015,0.5710951973917197,1.1470322926950989,1132057
2026-10-02T14:58:27.090Z,NEE,stock,77.42,1.4014407334643189,68.61674066017903,0.25766907949618256,0.6762008632029768,3668435
2026-10-02T14:58:27.090Z,DUK,stock,114.52,0.6857745735888879,41.66666666666667,0.46931824270095507,0.05242085969532332,823416
2026-10-02T14:58:27.090Z,SO,stock,84.085,0.7367916616748471,52.12037165441686,0.20769301186051936,0.3341085780139539,1142168
2026-10-02T14:58:27.090Z,T,stock,24.365,0.267489711934147,42.174102168381786,0.49009845766894206,0.4535182149638145,4874887
2026-10-02T14:58:27.090Z,VZ,stock,46.115,0.29360591561549615,43.3717473998865,0.5392034280522903,0.27398202018292134,3388800
2026-10-02T14:58:27.090Z,CMCSA,stock,21.745,0.2073732718894088,57.37841032761661,0.4577675280280676,0.7179242534351316,3588687
2026-10-02T14:58:27.090Z,TMUS,stock,163.63,1.1747975020095256,58.16428223413208,0.4986299564969114,1.520044320356196,994052
2026-10-02T14:58:27.090Z,AXP,stock,302.28,0.06289516369293845,61.07235142118863,0.06612370373696946,0.39856964303614345,508468
2026-10-02T14:58:27.090Z,MA,stock,551.56,0.2836363636363537,76.02150887349444,0.15297277397178016,1.051627386090232,505908
2026-10-02T14:58:27.090Z,BLK,stock,1075.63,1.0588522680296337,41.65967461373171,1.0387189019287641,0.11168212252795381,111954
2026-10-02T14:58:27.090Z,SCHW,stock,97.16,-1.2300498119345409,52.85412569039722,0.5883261950792529,0.320084182512132,1452948
2026-10-02T14:58:27.090Z,C,stock,128.055,0.8307086614173281,57.06910837632163,0.22595443370983315,0.5535936665300998,1950059
2026-10-02T14:58:27.090Z,TFC,stock,46.635,0.7670700086430355,56.81166404452445,0.10710372029596625,0.4521295332866407,1413742
2026-10-02T14:58:27.090Z,USB,stock,57.695,0.5840306834030699,55.00002119281649,0.20755622167142615,0.3565808237051882,1301835
2026-10-02T14:58:27.090Z,CB,stock,329.83,-0.4437066103229783,54.12118283342491,0.33239437347069073,0.3620938712638114,414035
2026-10-02T14:58:27.090Z,PGR,stock,209.7,-0.597269624573388,24.146631931522137,0.9517494616558783,0.000001455297017426541,406917
2026-10-02T14:58:27.090Z,AMGN,stock,403.61,-0.8986667321432878,42.09692521587803,0.779290719506782,0.0000036293545861812538,406359
2026-10-02T14:58:27.090Z,GILD,stock,144.785,-1.8406779661016972,31.24996862906505,1.7640835931335936,-0.000002529343016046757,873173
2026-10-02T14:58:27.090Z,BMY,stock,60.85,0.03287851389117726,56.65393173029784,0.44175218685076345,0.7950986857840086,1440770
2026-10-02T14:58:27.090Z,REGN,stock,733.71,-0.1496985615329009,56.912409791990946,0.35446644098446545,0.37072503419973135,96038
2026-10-02T14:58:27.090Z,ISRG,stock,400.055,-0.29533446316419154,77.7306687359657,0.22197740536997157,1.1478667518091508,513852
2026-10-02T14:58:27.090Z,TMO,stock,652.62,0.01685797918806051,61.56224748154931,1.0319578297668668,0.4030769230769238,513207
2026-10-02T14:58:27.090Z,DHR,stock,215.56,1.794484321873825,66.17802990138904,0.12162518436076225,0.9081569736710535,570169
2026-10-02T14:58:27.090Z,ELV,stock,386.49,1.2628710666282372,72.70625015107689,0.18079042252961394,1.3824035366512357,199745
2026-10-02T14:58:27.090Z,CI,stock,267.54,-0.15673981191221042,45.795010266362894,0.49466104115031456,0.11975105824230617,206888
2026-10-02T14:58:27.090Z,CVS,stock,86.71,1.7723004694835576,56.80275286497259,0.48203519643919096,1.5042398622609583,1707900
2026-10-02T14:58:27.090Z,MDT,stock,87.81,1.5849143914854285,89.4381675724793,0.005696568088790476,2.4620806614872275,4703681
2026-10-02T14:58:27.090Z,SYK,stock,276.115,1.1558470105510075,76.90421418432774,0.26729188815898286,1.458785260282228,350301
2026-10-02T14:58:27.090Z,HON,stock,214.73,0.43498596819456425,56.08188901882974,0.29716076133970054,0.9520218854814231,350833
2026-10-02T14:58:27.090Z,UPS,stock,94.14,0.2662690382362339,43.69225135216346,0.5283171944981289,0.09569053197442294,706106
2026-10-02T14:58:27.090Z,FDX,stock,289.7,0.916152854704426,48.12119017442211,0.15250664509467712,0.43857453225635745,193438
2026-10-02T14:58:27.090Z,DAL,stock,84.27,0.16640912872934813,51.919217453765214,0.39006912538189153,0.9584267013266159,2291181
2026-10-02T14:58:27.090Z,UAL,stock,112.5,0.644122383252817,51.9338018016499,0.3013083560128204,0.8787691772178008,1247700
2026-10-02T14:58:27.090Z,AAL,stock,13.175,0.34272658035034215,58.33333333333334,0.15157025605739866,1.2293480788061093,22213246
2026-10-02T14:58:27.090Z,LUV,stock,42.24,0.9560229445506657,53.91549169554308,0.02366863905324973,0.8836901780608211,1506868
2026-10-02T14:58:27.090Z,CARR,stock,55.64,0.7605939876856243,39.99993365686668,0.6960535209595244,0.7241099011210345,999883
2026-10-02T14:58:27.090Z,ETN,stock,443.115,1.3343852908891412,43.064054485699856,1.8625754964103765,0.623340580250485,322832
2026-10-02T14:58:27.090Z,EMR,stock,161.97,2.1441634609320843,53.69825290054625,1.0175051564330164,0.953625988102633,738100
2026-10-02T14:58:27.090Z,MMM,stock,163.2,0.11041589988957085,34.66646321304138,0.5847975394087847,0.39987507600058886,376094
2026-10-02T14:58:27.090Z,WM,stock,202.1,0.09905894006933562,64.14266256368865,0.05934191473580362,0.47228741354300546,380363
2026-10-02T14:58:27.090Z,LIN,stock,479.75,2.1940568750665697,60.16334125917502,0.16024078732965408,1.427061310782241,681958
2026-10-02T14:58:27.090Z,APD,stock,279.015,2.0799034134562624,72.02669751000155,0.16994892517499313,1.709646435531454,141249
2026-10-02T14:58:27.090Z,FCX,stock,72.56,4.734411085450348,65.44110222262114,0.54143214466557,2.3192478544939736,4237666
2026-10-02T14:58:27.090Z,NEM,stock,115.001,0.2886543995814102,34.6731963399463,1.261270031172626,0.08790119476051587,894931
2026-10-02T14:58:27.090Z,EOG,stock,141.21,-0.07076640011322222,49.54965357967668,0.14143529943416427,0.7132110678616194,681527
2026-10-02T14:58:27.090Z,COP,stock,126.39,-0.5273099323154429,43.333243575589485,0.45680177611005024,0.6770743016360176,1238733
2026-10-02T14:58:27.090Z,MPC,stock,413.19,-1.6565512317029585,37.26452826823844,1.9354688431277929,1.7320976577530485,686594
2026-10-02T14:58:27.090Z,PSX,stock,261.585,-1.0010218370359303,42.35385154823654,1.1544038993861045,2.0680087645230354,496837
2026-10-02T14:58:27.090Z,HAL,stock,32.15,0.8469259723964855,76.7999975586012,0.000004746123904357642,1.708318187983832,1480680
2026-10-02T14:58:27.090Z,BKR,stock,56.1,0.8629989212513557,70.7963257410802,0.05344925626996847,1.2452628667894106,658525
2026-10-02T14:58:27.090Z,WMB,stock,70.265,1.5096792834440937,64.77994664209899,0.10661976371219334,2.0329662087552642,1263674
2026-10-02T14:58:27.090Z,KMI,stock,31.015,1.5886013756960347,64.15065821199536,0.01612010860696101,1.8387787808137341,2422396
2026-10-02T14:58:27.090Z,PG,stock,144.29,0.23619312261202044,37.4501507635444,0.3315633475823934,0.29193361859113315,986992
2026-10-02T14:58:27.090Z,CL,stock,84.27,-0.3075831065893826,41.73544599902899,0.6074230581646308,0.000003983545417700172,995146
2026-10-02T14:58:27.090Z,KMB,stock,94.47,0.13779944880219996,42.81969009234622,0.8397152002257678,-0.0000012921595325113121,1313640
2026-10-02T14:58:27.090Z,PM,stock,188.315,0.929896023153599,52.38095238095237,0.12463699175507591,0.927187728854226,574450
2026-10-02T14:58:27.090Z,MO,stock,67.24,0.43315907393576103,50.94464795638755,0.17074211447093676,0.7718269578959099,927346
2026-10-02T14:58:27.090Z,MDLZ,stock,57.88,0.20775623268698848,50.59800384631583,0.3786548707382203,0.20775914465714626,1142591
2026-10-02T14:58:27.090Z,GIS,stock,32.1,1.3577518155983572,51.94797152354955,0.35697703567650313,1.6305237627203928,5109891
2026-10-02T14:58:27.090Z,KR,stock,59.075,-0.6809011432414157,37.1259658378702,0.7142857142857095,-0.0000012914759888779505,986723
2026-10-02T14:58:27.090Z,DG,stock,118.28,-0.5465399815017284,61.4173890580977,0.32864091595424816,0.6852534891126162,253491
2026-10-02T14:58:27.090Z,DLTR,stock,111.985,-2.1366774447260397,32.321030390918594,1.8364321506211527,0.031266683976771244,277379
2026-10-02T14:58:27.090Z,TJX,stock,132.78,-0.6063328093420183,19.545284301349724,0.6212114411795432,0.022598870056498032,1126572
2026-10-02T14:58:27.090Z,ROST,stock,230.35,-1.6018795386586928,28.604386695178547,1.6417973073592218,0.023883206970188843,591584
2026-10-02T14:58:27.090Z,BKNG,stock,160.655,0.23396556026952833,49.3006993006993,0.8607819397591466,0.5728023509271102,1228054
2026-10-02T14:58:27.090Z,MAR,stock,357.415,0.7398742918346063,45.92474747474748,0.6711465587597981,0.17517067185457785,132390
2026-10-02T14:58:27.090Z,HLT,stock,319.1,1.1602840476794398,49.12886058047606,0.42749749289625455,0.16008150537422944,234936
2026-10-02T14:58:27.090Z,CMG,stock,31.96,-1.1138613861386122,33.17057194747969,1.5706843287025916,0.0000028646037885759767,3542764
2026-10-02T14:58:27.090Z,YUM,stock,137.44,0.548686809569098,63.42673315664668,0.27941481577759425,0.8585864026244159,232508
2026-10-02T14:58:27.090Z,EL,stock,91.4,1.341612152123304,61.37159707987197,0.4465717999089164,0.8685299533284501,368674
2026-10-02T14:58:27.090Z,LULU,stock,95.245,-0.6415606092217765,45.15738927459574,0.6985361091925665,0.43762328475397594,1862913
2026-10-02T14:58:27.090Z,BTC-USD,crypto,85699.85,1.0016743679105131,31.574620949505757,1.588444732084705,1.3583817298831797,42411548672
2026-10-02T14:58:27.090Z,ETH-USD,crypto,2710.32,0.17518238139152936,26.949872759888677,2.0215162253379506,0.3911455164969242,16987311104
2026-10-02T14:58:27.090Z,SOL-USD,crypto,120.67,1.9207504718701862,29.457246666811244,2.2360854722124186,1.9947616347785369,4478462464
2026-10-02T14:58:27.090Z,XRP-USD,crypto,1.5134,1.299436019037931,29.354170457567562,2.3423902196844737,1.8164687600525748,3717475328
2026-10-02T14:58:27.090Z,BNB-USD,crypto,775.29,0.5347355038725091,31.63497383940613,0.9505168646146004,0.8507317073170685,1609140480
2026-10-02T14:58:27.090Z,DOGE-USD,crypto,0.09551,1.2529992397809027,32.812439367010995,2.1914992172121637,2.4345770966883804,1139113600
2026-10-02T14:58:27.090Z,ADA-USD,crypto,0.25264,2.5927324354411647,36.736508960219275,2.1002898990040233,3.2616671562054624,658746560
2026-10-02T14:58:27.090Z,AVAX-USD,crypto,11.078,0.7222763707248945,44.50264132855332,1.502620649936656,1.9228959128007004,518841664
2026-10-02T14:58:27.090Z,LINK-USD,crypto,14.252,-0.9127884449794402,39.89633123931441,2.690153700055812,0.4156990127760692,519091680
2026-10-02T14:58:27.090Z,DOT-USD,crypto,1.2077,2.619695504072832,34.956514527983074,2.6362429736049062,2.984561361777256,160722480
2026-10-02T14:58:27.090Z,LTC-USD,crypto,69.762,2.488190910515944,25.20148899931519,1.9273799397117721,2.366869470847002,418227776
2026-10-02T14:58:27.090Z,BCH-USD,crypto,312.77,1.0979717471944854,37.190684488435984,1.5455781884231918,2.857805120847421,278119168
2026-10-02T19:44:49.211Z,AAPL,stock,333.61,0.9960038750302799,49.63227050540383,0.2093584405623608,0.8067920284331578,21350461
2026-10-02T19:44:49.211Z,MSFT,stock,515.294,0.4863494539781647,52.860759493670884,1.2608451737372297,0.2566320301020063,11111478
2026-10-02T19:44:49.211Z,NVDA,stock,234.34,1.5074070865459541,49.52832214380806,1.4011016092061452,0.2438275728800223,111260914
2026-10-02T19:44:49.211Z,TSLA,stock,373.9,5.588658891304951,83.69085531542719,0.06815324668355269,1.6750992356580428,44408916
2026-10-02T19:44:49.211Z,AMZN,stock,250.71,0.999073439954888,60.53809204494136,0.9931902627687212,0.23588873114125716,22278081
2026-10-02T19:44:49.211Z,META,stock,726.825,0.12329012439217218,33.058143054107674,1.1996226631123261,0.039230046697522336,8693574
2026-10-02T19:44:49.211Z,GOOGL,stock,342.83,1.3570245979186302,38.10639175257732,0.7440630984071797,0.3747657012967356,16640329
2026-10-02T19:44:49.211Z,AMD,stock,634.33,3.0208045734331646,78.17866834900512,1.587128831659112,0.8169229546956218,15890671
2026-10-02T19:44:49.211Z,NFLX,stock,67.005,-1.2453942520265275,49.66916807875414,1.0715905438974584,0.35195951587335095,29086890
2026-10-02T19:44:49.211Z,JPM,stock,332.14,-0.312143586049589,69.02707447167646,0.594089038533487,0.5266362396062156,3632587
2026-10-02T19:44:49.211Z,V,stock,360.9,0.29178824510211326,48.676753160775704,0.11347528752710015,1.0679522536943329,2446791
2026-10-02T19:44:49.211Z,XOM,stock,164.425,0.36930777682823723,63.94690795592478,0.0698877420839743,1.5063119303976606,6356061
2026-10-02T19:44:49.211Z,SPY,stock,769.63,0.7382295579785059,69.26787149790097,0.35216879289392294,0.29647550210207363,34928386
2026-10-02T19:44:49.211Z,QQQ,stock,749.42,0.9959166071452619,68.65446142907928,0.6686892931930768,0.2179785796215372,27051341
2026-10-02T19:44:49.211Z,DIA,stock,510.89,0.44630568990601666,60.90068595287802,0.2927486105416609,0.4087974787025891,3301221
2026-10-02T19:44:49.211Z,IWM,stock,281.6,0.9246648985735937,61.96322336398053,0.664933047238753,0.21173826332226842,25146709
2026-10-02T19:44:49.211Z,XLK,stock,199.86,1.0363480107173608,61.95703404132394,0.7449347466253615,0.2357192496064458,7281738
2026-10-02T19:44:49.211Z,XLF,stock,53.5,0.07482229704451766,50.92677685249332,0.2821949016925224,0.4694835680751174,26093433
2026-10-02T19:44:49.211Z,PLTR,stock,189.15,-0.4683224584297971,36.64898461341813,2.775637608353672,0.15885299803482295,13329262
2026-10-02T19:44:49.211Z,SOFI,stock,15.735,-0.6628787878787906,26.289340270459164,2.115090182286757,0.0000021819050576980765,38553945
2026-10-02T19:44:49.211Z,COIN,stock,182.25,-3.7191610755982847,63.79387837655626,8.94328975385434,0.635004891069438,10942692
2026-10-02T19:44:49.211Z,HOOD,stock,112.49,1.2055780476833011,35.71405864695117,5.315433095370037,0.0000018990403628784524,26105213
2026-10-02T19:44:49.211Z,RIVN,stock,14.315,-3.014905149051492,71.64498366679224,4.788825106214015,2.0677389615509747,50424711
2026-10-02T19:44:49.211Z,LCID,stock,4.16,-0.7159904534606264,74.61707011686144,0.7159918093261347,1.4634169942208533,6260410
2026-10-02T19:44:49.211Z,F,stock,12.07,-1.6299918500407442,51.40926464500937,0.9031223515572272,0.6680653476792415,35727338
2026-10-02T19:44:49.211Z,GM,stock,78.425,-1.115874416845297,57.971089275315315,0.9972812906799968,0.3518854366625019,5992189
2026-10-02T19:44:49.211Z,BAC,stock,53.825,0.1768099758049618,63.414588760699665,0.12988302656853462,0.8527283213535085,25533990
2026-10-02T19:44:49.211Z,WFC,stock,80.45,0.24922118380062658,58.78362356046313,0.21086918976722047,0.6568619683407618,5038384
2026-10-02T19:44:49.211Z,GS,stock,902.3,0.6278787067706063,55.338333392575734,0.8614075331547675,0.519991794277054,1112128
2026-10-02T19:44:49.211Z,MS,stock,190.43,1.2871655762991416,36.217118761585375,0.5223803552429207,0.8580067063999185,4086022
2026-10-02T19:44:49.211Z,PYPL,stock,52.735,-0.6125141349415809,41.74613947565438,1.1435021215565835,0.1949359829786582,6529837
2026-10-02T19:44:49.211Z,SHOP,stock,151.34,1.5091555436313635,44.79603954927087,0.9360504238191696,0.6049374250652754,4268872
2026-10-02T19:44:49.211Z,CRM,stock,233.72,-1.2548058642105704,36.99368179954842,2.065784212264755,0.042806645365408395,5367425
2026-10-02T19:44:49.211Z,ORCL,stock,142.49,3.2012747157239203,69.30730930715322,1.635720900758322,1.531996378945965,23238530
2026-10-02T19:44:49.211Z,AVGO,stock,355.84,3.5502269817250585,60.60517686557078,0.34447231606936146,2.0651632196673737,17972027
2026-10-02T19:44:49.211Z,MU,stock,1074.065,-2.125497771986262,52.857698437511914,1.9843820946173207,0.13004521404894132,23047431
2026-10-02T19:44:49.211Z,INTC,stock,119.77,-0.19166666666666998,48.28514321289314,4.9067067074100805,0.10029124328522093,77774580
2026-10-02T19:44:49.211Z,TSM,stock,473.815,3.182709059233452,77.49275481189852,0.13699563569653342,1.8278142498615157,8006359
2026-10-02T19:44:49.211Z,ASML,stock,1870.325,3.419150783250117,87.58733872802314,0.08253752243572508,0.9472264767541165,1113174
2026-10-02T19:44:49.211Z,QCOM,stock,185.56,1.9056510516777412,56.07186891975683,1.606658039518637,0.487380223135617,5352058
2026-10-02T19:44:49.211Z,ARM,stock,309.115,5.738181569405499,76.36813399696004,2.685384409859122,1.746362362843398,5155028
2026-10-02T19:44:49.211Z,SMCI,stock,43.635,4.091125954198464,54.8928354553871,2.108807059675904,1.915219898616271,38508815
2026-10-02T19:44:49.211Z,NOW,stock,133.96,-2.7584204413472584,20.94223918957509,3.270998132343679,-0.000005011844463312437,6239592
2026-10-02T19:44:49.211Z,UBER,stock,68.09,0.3093694755450913,40.38666523240008,0.38039280164656014,1.1099877791482433,11574846
2026-10-02T19:44:49.211Z,ABNB,stock,162.61,1.3335826011092506,40.26871754959088,0.9442029894807598,0.8184058334762737,2169259
2026-10-02T19:44:49.211Z,DIS,stock,102.28,0.9375308398302603,47.10136113844691,0.2534639969464525,0.768472906403942,3988178
2026-10-02T19:44:49.211Z,WMT,stock,104.115,-0.13907538845195688,48.21384778876809,0.8686293861066965,0.22622521447389993,12442548
2026-10-02T19:44:49.211Z,COST,stock,919.61,0.5104159835617591,76.21785431063782,0.001086874713529111,0.9822516719631309,1347325
2026-10-02T19:44:49.211Z,HD,stock,283.125,0.23543156553140995,43.58299834476236,1.259827384778174,0.7203820179707385,3291924
2026-10-02T19:44:49.211Z,LOW,stock,181.51,-0.4770259896918547,53.53326216125867,1.5245264825081948,0.75492986377623,1794402
2026-10-02T19:44:49.211Z,NKE,stock,33.86,-3.669985775248931,58.85872773787268,0.029521500443135035,3.1530821416738424,122398724
2026-10-02T19:44:49.211Z,SBUX,stock,94.89,0.010539629005064414,58.07436050534058,0.1263047400613702,0.4977778438564633,2447643
2026-10-02T19:44:49.211Z,MCD,stock,232.55,0.31057240219126037,72.2047654387267,0.01934745822865436,0.6426752398257841,4536866
2026-10-02T19:44:49.211Z,PEP,stock,125.7,0.07961783439491125,57.257826343768464,0.3725118298852382,0.33124182923749035,3793965
2026-10-02T19:44:49.211Z,KO,stock,85.665,-0.5052264808362231,63.00660148742375,0.6091222027324472,0.5044868734314545,11155924
2026-10-02T19:44:49.211Z,TGT,stock,155.23,-0.9380982769623477,55.59214158794535,1.0706124242663884,0.2227494627627244,1363886
2026-10-02T19:44:49.211Z,CVX,stock,207.255,0.07484307098020335,58.525714532984274,0.0000023559443147384283,1.1888451267979825,4542092
2026-10-02T19:44:49.211Z,OXY,stock,57.895,0.09508990318118898,54.59850429474398,0.11421556713059546,1.690600423611818,6004996
2026-10-02T19:44:49.211Z,SLB,stock,48.745,0.1746814632141407,41.73219831910561,1.115728145602815,1.3831076198416246,7333262
2026-10-02T19:44:49.211Z,UNH,stock,372.29,1.9414019715224624,85.52813346793475,0.000002295232656910079,2.0391924823960434,2061289
2026-10-02T19:44:49.211Z,LLY,stock,1146.3,-0.3087359220767887,56.83983301816105,1.552747782693481,0.7851451085530318,1179936
2026-10-02T19:44:49.211Z,NVO,stock,37.356,-0.11764705882352121,80.36999601825477,0.6357260618241666,0.47310393226725,8370186
2026-10-02T19:44:49.211Z,PFE,stock,27.74,-1.3513513513513604,79.17264758070924,1.2463442387478767,1.019668335261051,24043301
2026-10-02T19:44:49.211Z,MRK,stock,144.08,0.18774772268966708,70.90924223648436,0.04162577348583915,0.8822242061092507,4459332
2026-10-02T19:44:49.211Z,JNJ,stock,255.26,-1.3144668677027889,46.65804624241864,1.0351617693167803,0.019589077550887016,5324195
2026-10-02T19:44:49.211Z,ABBV,stock,263.57,1.4003770245835365,79.75983248820606,0.0000027788513690071166,1.7271652321400675,3263679
2026-10-02T19:44:49.211Z,BA,stock,193.275,0.517474516330354,43.957338083749036,1.1886996397804206,1.2865488845779274,10615521
2026-10-02T19:44:49.211Z,CAT,stock,847.085,2.509227324983362,50.9277031349968,1.1598289584202441,0.9636471990464882,1633160
2026-10-02T19:44:49.211Z,GE,stock,310.3,-0.6690355004961667,49.041677078404376,1.8677109496061897,0.6487227655598612,3008924
2026-10-02T19:44:49.211Z,LMT,stock,505.1,-0.0791295746785316,51.72226705820918,0.2764067127344476,1.2041923713575187,647091
2026-10-02T19:44:49.211Z,RTX,stock,185.03,0.010810226474250166,65.7972761239002,0.42525283273086223,0.390647523706551,2200293
2026-10-02T19:44:49.211Z,NOC,stock,479.02,-0.6182572614107922,45.89597444089457,0.5016248446499462,1.6962828782476032,2195862
2026-10-02T19:44:49.211Z,DE,stock,687.16,2.9823457123160355,73.91290931756748,-0.000003908182922132914,2.602544314807371,682339
2026-10-02T19:44:49.211Z,BABA,stock,106.3,-1.0702652396463523,66.31035242470482,0.5426621148228216,1.0360240709176167,6393047
2026-10-02T19:44:49.211Z,PDD,stock,75.355,-1.4967320261437858,62.732706307212325,0.3935118275594492,0.6209114890390032,4738103
2026-10-02T19:44:49.211Z,SNOW,stock,340.225,-0.5160969618994667,59.882707054298756,0.5742430893324236,1.7632320355626212,2538939
2026-10-02T19:44:49.211Z,DDOG,stock,277.955,0.5407653910149768,50.057048459691586,1.3469387755102096,0.9204075407289701,1377967
2026-10-02T19:44:49.211Z,PANW,stock,403.524,1.835709779179811,72.1640912312423,1.1963476943017588,0.6783865904630103,3387627
2026-10-02T19:44:49.211Z,CRWD,stock,269.48,1.2740050358901287,70.2878202878203,1.0864786429602387,0.533487137531882,4401778
2026-10-02T19:44:49.211Z,NET,stock,348.835,-0.6168091168091226,28.67693141589173,1.297829897194755,1.0032732813505612,2225189
2026-10-02T19:44:49.211Z,ROKU,stock,152.23,0.641279915377495,52.59113612222298,0.2032209910691033,0.701198547260704,972205
2026-10-02T19:44:49.211Z,PINS,stock,19.185,-1.4131551901336183,36.57712321665162,1.4637869717797687,0.2613000811084106,4995992
2026-10-02T19:44:49.211Z,ADBE,stock,237.17,-1.7034151193634008,29.242625432794327,2.2906092470664774,0.016866324954217717,2086823
2026-10-02T19:44:49.211Z,AMAT,stock,538.72,1.7797090496882815,65.74246416398753,1.4281183963040585,0.6332510417751039,4250612
2026-10-02T19:44:49.211Z,LRCX,stock,347.445,2.1596589238459187,51.875718960452986,1.3430788548076418,0.23078683139324574,5507092
2026-10-02T19:44:49.211Z,KLAC,stock,207.01,3.334498078171007,66.86273688493691,0.7717357659236505,1.2422354204200416,4792909
2026-10-02T19:44:49.211Z,TXN,stock,294.56,4.710106288436244,67.93562281618902,0.7179218793619124,0.6182749786507267,3009053
2026-10-02T19:44:49.211Z,ADI,stock,418.505,3.4367276322293554,78.10933726437287,0.7105575326215906,0.8287852597447942,1737212
2026-10-02T19:44:49.211Z,MRVL,stock,274.22,2.290361086242929,71.94492967762872,1.6709713142649443,0.797652014115386,12034934
2026-10-02T19:44:49.211Z,CDNS,stock,350.435,-0.08411028426425339,70.8335099393888,0.9567031977128801,2.273493334530364,1415121
2026-10-02T19:44:49.211Z,SNPS,stock,490.17,-0.07542708036042006,53.830231263255875,1.17440602718405,1.258059328347227,1652853
2026-10-02T19:44:49.211Z,WDAY,stock,185.75,-0.535475234270415,23.946597375882206,1.4327391838503143,0,808168
2026-10-02T19:44:49.211Z,TEAM,stock,187.61,-1.2110999947343388,51.45420285105686,2.077350808479289,0.4497487328391804,1223575
2026-10-02T19:44:49.211Z,ZS,stock,196.57,-1.1117818694033645,45.27998890287885,2.5409688579848977,0.02035374800365187,1124339
2026-10-02T19:44:49.211Z,OKTA,stock,211.395,-0.5808211447114636,26.92798858002662,2.2902731517117796,0.023657422228156963,1456277
2026-10-02T19:44:49.211Z,MDB,stock,359.53,2.2176100986552054,60.46316055705727,0.255239887882942,6.087343309252743,2347970
2026-10-02T19:44:49.211Z,FSLR,stock,175.865,2.1817442333391406,56.83668376655785,1.1355620593159712,0.9268292682926881,1327896
2026-10-02T19:44:49.211Z,ENPH,stock,33.67,2.589884216940894,64.47354551797179,1.391127401949317,1.5220795628462618,3567854
2026-10-02T19:44:49.211Z,NEE,stock,76.685,0.4387688277668736,34.531742285356714,1.2045899426655218,0.013038080005606977,8569874
2026-10-02T19:44:49.211Z,DUK,stock,114.07,0.2901353965183737,49.10182376375133,0.8604185464975396,0.15804777532373585,2325519
2026-10-02T19:44:49.211Z,SO,stock,83.69,0.26356774889181606,46.37895180977065,0.6764800875614732,0.0657593858608919,3548144
2026-10-02T19:44:49.211Z,T,stock,24.295,-0.020576131687238704,48.95678270352887,0.7759877705342344,0.26826437883487597,15787590
2026-10-02T19:44:49.211Z,VZ,stock,45.825,-0.33710308829924757,38.461387978676576,1.1646752052585083,0.07315748202240763,10020078
2026-10-02T19:44:49.211Z,CMCSA,stock,21.455,-1.1290322580645207,52.14891570479188,1.7853024747685655,0.23358706727668946,13554660
2026-10-02T19:44:49.211Z,TMUS,stock,163.7,1.2180795152414512,50.246168416780044,0.45606382618434926,1.5634740282485398,2379538
2026-10-02T19:44:49.211Z,AXP,stock,302.875,0.25985633420504656,54.59293197910993,0.10719399536479073,0.9415138550115449,1612904
2026-10-02T19:44:49.211Z,MA,stock,553.42,0.6218181818181744,45.11656235016652,0.21456255440626795,1.3923990644899154,1558332
2026-10-02T19:44:49.211Z,BLK,stock,1062.65,-0.16065992709231924,24.705818994533757,2.2329189787702117,-0.0000022974697076313783,280321
2026-10-02T19:44:49.211Z,SCHW,stock,96.71,-1.687506353563089,29.213493784262297,1.0487549024919187,0.2695728978584948,4978373
2026-10-02T19:44:49.211Z,C,stock,128.51,1.1889763779527487,52.2117799562505,0.06998919070282496,0.9901768172887944,5651243
2026-10-02T19:44:49.211Z,TFC,stock,46.615,0.7238547968885065,70.05798136434741,0.14994403177004545,0.8327935573781099,4886418
2026-10-02T19:44:49.211Z,USB,stock,57.655,0.5142956764295706,58.32939937540853,0.27674242066844595,0.8307095003307026,4467544
2026-10-02T19:44:49.211Z,CB,stock,331.5,0.06036824630244148,61.79978271749613,0.147591869872065,0.8702486684775644,1405642
2026-10-02T19:44:49.211Z,PGR,stock,209.67,-0.6114903299203737,65.08366791976745,0.9659194545798192,0.827123383986344,1527791
2026-10-02T19:44:49.211Z,AMGN,stock,403.39,-0.9526849510152958,41.12060699545587,0.8333740079330132,0.30459921401672113,1404041
2026-10-02T19:44:49.211Z,GILD,stock,144.52,-2.0203389830508405,56.78774508280769,1.9438848007712513,0.3123430644163052,2416105
2026-10-02T19:44:49.211Z,BMY,stock,61.04,0.3452243958573087,79.03217867470622,0.13088830707265123,1.1600925516107852,4604736
2026-10-02T19:44:49.211Z,REGN,stock,732.04,-0.3769681958601519,31.626472598139145,0.7080283341672741,0.3646926292714643,360296
2026-10-02T19:44:49.211Z,ISRG,stock,392.07,-2.285415212840199,28.148382575671945,2.213522343986217,-0.0000018680895299304326,1242212
2026-10-02T19:44:49.211Z,TMO,stock,654.71,0.3371595837611754,60.327668554926134,0.7150150328317584,0.7246153846153902,1115924
2026-10-02T19:44:49.211Z,DHR,stock,215.585,1.8062901397808921,57.107197759547034,0.118141374266625,0.9198599979999752,2398566
2026-10-02T19:44:49.211Z,ELV,stock,387.8,1.606099510047946,67.71900336848776,0.010312587218510689,1.7260371329487167,509107
2026-10-02T19:44:49.211Z,CI,stock,270.285,0.8676668159426951,85.20490782262083,0.000001354906598727541,1.5689056699326187,1150348
2026-10-02T19:44:49.211Z,CVS,stock,86.48,1.5023474178403768,63.59802017850661,0.7460085778809851,1.2349978467112066,6819037
2026-10-02T19:44:49.211Z,MDT,stock,86.04,-0.4627487274409897,34.84868334861784,2.0603284070110464,0.39673636390344424,26729245
2026-10-02T19:44:49.211Z,SYK,stock,274.965,0.7345398593200453,33.13568290879569,0.682671763676867,1.0362163920594656,1199326
2026-10-02T19:44:49.211Z,HON,stock,213.98,0.08419083255377849,46.06473512717258,0.6453986853791698,0.5994208683244768,1095955
2026-10-02T19:44:49.211Z,UPS,stock,92.91,-1.043774629886041,48.75752060265938,1.827979079464856,0.20405096608675888,3015960
2026-10-02T19:44:49.211Z,FDX,stock,289.36,0.7977148430696418,69.97421069084089,0.2696904481345988,0.6889815169969511,784614
2026-10-02T19:44:49.211Z,DAL,stock,84.13,0,74.64781165042284,0.5555537619363782,0.790701772666526,5004910
2026-10-02T19:44:49.211Z,UAL,stock,112.72,0.8409375559133992,74.77854596521551,0.10634202568680204,1.0760432147199146,2845056
2026-10-02T19:44:49.211Z,AAL,stock,12.985,-1.1043412033511146,67.55582046370833,1.5915096603343795,0.46421515187401174,64262493
2026-10-02T19:44:49.211Z,LUV,stock,42.41,1.362332695984687,68.0769417987701,0.3524468243677126,1.289708817508496,4295771
2026-10-02T19:44:49.211Z,CARR,stock,55.255,0.06338283230714178,39.43649864067655,1.3831854295582013,0.5276081990485686,3789025
2026-10-02T19:44:49.211Z,ETN,stock,438.12,0.1920965971460007,59.53049155915748,2.9688265495126878,0.727664591841282,1263463
2026-10-02T19:44:49.211Z,EMR,stock,162.027,2.180109730718291,65.58513111000156,0.9826715316501422,0.9891532874872143,2095257
2026-10-02T19:44:49.211Z,MMM,stock,161.695,-0.8127837075205601,61.787023293853935,1.5015860179822487,0.2946276986108043,1703315
2026-10-02T19:44:49.211Z,WM,stock,204.73,1.401684001981171,84.11647237536056,0.0683336362200974,1.7797694318389858,1485229
2026-10-02T19:44:49.211Z,LIN,stock,479.216,2.0803067419320525,65.13337700925797,0.8039755856851256,1.314164904862581,1856999
2026-10-02T19:44:49.211Z,APD,stock,278.34,1.832949182307098,58.94413717804149,0.49780177880328513,1.4635879392356104,537169
2026-10-02T19:44:49.211Z,FCX,stock,72.016,3.9491916859122465,66.88735375850445,1.287097261993321,1.5521355221780364,8592073
2026-10-02T19:44:49.211Z,NEM,stock,115.46,0.688933461236585,68.07824777938036,0.8671771358439708,1.3518274717410301,2525283
2026-10-02T19:44:49.211Z,EOG,stock,141.6,0.20522256032835048,64.7439722208637,0.000004310392208756272,0.9913652518178878,2045260
2026-10-02T19:44:49.211Z,COP,stock,126.9,-0.12592475995592364,58.201062472751936,0.13378428837057552,1.0833193201804823,3410132
2026-10-02T19:44:49.211Z,MPC,stock,423.04,0.6878495775318442,52.83283118859173,0.31340460741580195,4.157280169258335,1644713
2026-10-02T19:44:49.211Z,PSX,stock,265.92,0.6395942928509244,53.75734269434987,0.393792674902796,3.7594850265189876,1387688
2026-10-02T19:44:49.211Z,HAL,stock,31.945,0.2038895859473064,48.71792363783971,0.8842679065596807,1.0597892539702547,4190832
2026-10-02T19:44:49.211Z,BKR,stock,55.975,0.6382596188421503,57.49998410548869,0.5242588508331328,1.019671817620985,2102737
2026-10-02T19:44:49.211Z,WMB,stock,70.516,1.8722912453048346,69.16038516840226,-0.0007049092637132328,2.3974474514564394,4354047
2026-10-02T19:44:49.211Z,KMI,stock,31.1,1.8670160497870953,71.00866756260248,0.016073114643637948,2.1178790934485643,6674595
2026-10-02T19:44:49.211Z,PG,stock,144.84,0.6182702327197046,82.68113816368437,0.006907906865030317,0.6742231985358713,3587054
2026-10-02T19:44:49.211Z,CL,stock,84.34,-0.22477227019992632,42.62254074268633,0.5248612878320188,0.3330983220777262,2864649
2026-10-02T19:44:49.211Z,KMB,stock,94.1,-0.25439898240408,33.39212184167458,1.2280851099951857,0.010632014559172407,3336787
2026-10-02T19:44:49.211Z,PM,stock,188.41,0.9808125200986086,78.81132060593157,0.29107043518475256,0.9781028595354836,1656220
2026-10-02T19:44:49.211Z,MO,stock,67.365,0.6198655713218701,69.89171452009845,0.0741688271872921,0.959163043109131,3063661
2026-10-02T19:44:49.211Z,MDLZ,stock,58.155,0.6838642659279833,48.96284927692162,0.2572683378623779,0.6838671917335211,4202270
2026-10-02T19:44:49.211Z,GIS,stock,31.97,0.9472687085569851,37.75510601277525,0.7451073930280017,1.2189359717810186,10535219
2026-10-02T19:44:49.211Z,KR,stock,58.975,-0.8490248823133751,56.64883980462919,0.8823529411764681,0.16134329171439327,2836461
2026-10-02T19:44:49.211Z,DG,stock,119.06,0.10930799630034091,50,0.15932914046121402,1.3492245554087605,875978
2026-10-02T19:44:49.211Z,DLTR,stock,112.08,-2.0536572577121457,42.07930141032323,1.7531572571471081,0.7777761008788246,1039402
2026-10-02T19:44:49.211Z,TJX,stock,133.15,-0.32936597050677274,64.112471543715,0.34428606260774003,0.5171205080941375,3997559
2026-10-02T19:44:49.211Z,ROST,stock,229.11,-2.1315677061084926,59.385107675290236,2.1712705929631837,0.5618216032384082,1565901
2026-10-02T19:44:49.211Z,BKNG,stock,159.055,-0.7642874968804556,50.12023208100775,1.8481321554162056,0.3438303653089618,5092702
2026-10-02T19:44:49.211Z,MAR,stock,359.635,1.3655965500718652,73.99678658202053,0.054188527788657334,0.8242315186399365,509130
2026-10-02T19:44:49.211Z,HLT,stock,320.685,1.662756784174488,89.20087531967624,-7.613097808941488e-7,0.7492969835055511,651528
2026-10-02T19:44:49.211Z,CMG,stock,32.225,-0.2939356435643529,65.79500569056705,0.7545463858711188,1.1297669275621172,8909492
2026-10-02T19:44:49.211Z,YUM,stock,136.24,-0.3292120857414505,25.641369596565937,1.1500834873511228,-0.000004031975801469471,1064552
2026-10-02T19:44:49.211Z,EL,stock,92.45,2.5058210444616975,92.70445853198513,-0.000003300982061741643,2.0982847975788186,1407816
2026-10-02T19:44:49.211Z,LULU,stock,94.24,-1.6899645316086005,34.69365511872324,1.7463388412022514,0.5870397526541997,4912954
2026-10-02T19:44:49.211Z,BTC-USD,crypto,84153.43,-0.820861018977859,48.191053878917444,3.364242441152,0.17853655941598295,45258067968
2026-10-02T19:44:49.211Z,ETH-USD,crypto,2665.04,-1.4983957415715998,58.65125194536747,3.6583951714833196,0.38874267006555935,19446099968
2026-10-02T19:44:49.211Z,SOL-USD,crypto,118.02,-0.3175025218354288,57.692127116406,4.383051358502612,0.4853155100625479,4715553280
2026-10-02T19:44:49.211Z,XRP-USD,crypto,1.4718,-1.485060173899816,64.11756868574955,5.026780709218723,1.2590276688568587,4404489216
2026-10-02T19:44:49.211Z,BNB-USD,crypto,765.74,-0.7036484867142107,69.92740506449708,2.1706055590939903,0.6546072572754245,1640880896
2026-10-02T19:44:49.211Z,DOGE-USD,crypto,0.09152,-2.976918747515979,59.99987835807733,6.277520765985306,1.0043069353140637,1353424512
2026-10-02T19:44:49.211Z,ADA-USD,crypto,0.24,-2.5401528479026245,51.01575048142821,6.99837545820521,1.069652856161497,746056896
2026-10-02T19:44:49.211Z,AVAX-USD,crypto,10.604,-3.5873787113949485,50.75760996588091,5.717077935722001,0.990476190476183,574257216
2026-10-02T19:44:49.211Z,LINK-USD,crypto,13.63,-5.237251368584743,62.09811717776759,6.937047076323373,1.3156911501675208,611468288
2026-10-02T19:44:49.211Z,DOT-USD,crypto,1.1503,-2.2576502953258344,44.989400802183894,7.263782638517606,0.8769590644742198,162679776
2026-10-02T19:44:49.211Z,LTC-USD,crypto,68.782,1.048461156605419,71.22522966270236,3.305080803492668,1.810272393525393,511817408
2026-10-02T19:44:49.211Z,BCH-USD,crypto,304.04,-1.7238631262045105,61.633521327591104,4.293626602321781,1.9686709957130943,289602176
2026-10-02T23:16:56.850Z,AAPL,stock,333.69,1.0202228142407377,47.5403713061628,0.18542854839859646,0.8309655944601747,31878433
2026-10-02T23:16:56.850Z,MSFT,stock,517.53,0.9223868954758228,78.53875458497967,0.8323892821655781,0.6916726655825419,17179496
2026-10-02T23:16:56.850Z,NVDA,stock,233.95,1.3384735337433835,38.36649170924583,1.5651946806937749,0.07699693042280333,134470648
2026-10-02T23:16:56.850Z,TSLA,stock,370.59,4.653921097963899,43.42942081609701,0.9567879036960371,0.7750067551284137,54147498
2026-10-02T23:16:56.850Z,AMZN,stock,251.52,1.3253837167143458,89.36936023522254,0.6733166403078797,0.559733292077098,33047205
2026-10-02T23:16:56.850Z,META,stock,728.08,0.2961718071990538,52.61787215005832,1.0290252379304825,0.21196658397761714,12873427
2026-10-02T23:16:56.850Z,GOOGL,stock,343.5,1.5551087984862793,60.73745531576857,0.5500850984536494,0.5709302522983118,22734069
2026-10-02T23:16:56.850Z,AMD,stock,633.91,2.952592857258855,61.972848697175394,1.6522895617061069,0.7501704636562898,19323673
2026-10-02T23:16:56.850Z,NFLX,stock,67.06,-1.16433308769343,41.39239397978343,0.9903867155251531,0.43433184291422433,38312283
2026-10-02T23:16:56.850Z,JPM,stock,332.38,-0.24011045080737478,65.42540527671363,0.5222596333707459,0.599275466129689,6539384
2026-10-02T23:16:56.850Z,V,stock,360.66,0.22509378907878344,46.11250289699926,0.17990024161684445,1.0007416453793374,3987848
2026-10-02T23:16:56.850Z,XOM,stock,164.01,0.11598095470638367,36.252512068286826,0.3221060579546582,1.250115369952977,11164224
2026-10-02T23:16:56.850Z,SPY,stock,769.64,0.7395384756344948,59.25925925925925,0.35087404306339376,0.29777867993430485,45857487
2026-10-02T23:16:56.850Z,QQQ,stock,749.58,1.0174790776653329,58.343026706231456,0.6474822134339334,0.23937496158725424,34175024
2026-10-02T23:16:56.850Z,DIA,stock,511.1,0.48759388148323274,62.80958385876419,0.2517642053041541,0.45007025262756545,3710080
2026-10-02T23:16:56.850Z,IWM,stock,281.52,0.8959931187728479,48.99235295323616,0.6931532367139838,0.18326901949744637,29615280
2026-10-02T23:16:56.850Z,XLK,stock,199.81,1.0110712299681512,48.57614647005997,0.7697658947423928,0.21064276625569295,8927877
2026-10-02T23:16:56.850Z,XLF,stock,53.49,0.05611672278339158,48.89034960672029,0.3008337437669687,0.4507042253521164,30268795
2026-10-02T23:16:56.850Z,PLTR,stock,188.75,-0.6788044622184761,29.586672732999688,2.9812402779632894,0.0052953833554378535,17716878
2026-10-02T23:16:56.850Z,SOFI,stock,15.77,-0.4419191919191937,28.62384964858464,1.8973607991523451,0.2052367036466378,44191235
2026-10-02T23:16:56.850Z,COIN,stock,183,-3.322943631464944,65.73166056934019,8.56857078164798,1.0491407136664317,12808738
2026-10-02T23:16:56.850Z,HOOD,stock,112.74,1.4304993252361575,41.26041696585738,5.105004241906107,0.1663192345226916,29222290
2026-10-02T23:16:56.850Z,RIVN,stock,14.3,-3.1165311653116468,54.389060875417954,4.888592317070226,1.960787086984217,59672838
2026-10-02T23:16:56.850Z,LCID,stock,4.13,-1.4319809069212528,34.262705613968876,1.4319822530088848,0.7317096601279084,7667981
2026-10-02T23:16:56.850Z,F,stock,12.1,-1.3854930725346368,51.4092797970078,0.6568169390093217,0.9182759492061937,48917301
2026-10-02T23:16:56.850Z,GM,stock,78.27,-1.3113100491741347,36.59773948198429,1.1929513117185013,0.1535489082253607,9076899
2026-10-02T23:16:56.850Z,BAC,stock,53.75,0.03722315280104807,60.674118776573856,0.2690425021469395,0.7121996706502702,34897453
2026-10-02T23:16:56.850Z,WFC,stock,80.45,0.24922118380062658,56.321798761772804,0.21086918976722047,0.6568619683407618,10074371
2026-10-02T23:16:56.850Z,GS,stock,902.56,0.6568748815060153,49.60085785773859,0.8328404999713709,0.5489568811290002,1584186
2026-10-02T23:16:56.850Z,MS,stock,190.31,1.223339184085959,33.657888785149694,0.5850664569987958,0.7944507498554222,6252383
2026-10-02T23:16:56.850Z,PYPL,stock,52.8,-0.4900113079532701,50.67084376327739,1.0216537786704813,0.31843405520570633,9001061
2026-10-02T23:16:56.850Z,SHOP,stock,151.39,1.5426923334898268,44.975870452438144,0.9033214858066987,0.6381754776042706,5571811
2026-10-02T23:16:56.850Z,CRM,stock,234.69,-0.8449871139465123,55.736347549608716,1.65933123727715,0.5462402804194385,7840153
2026-10-02T23:16:56.850Z,ORCL,stock,142.3,3.063663359165654,59.48987087842229,1.7668824772117973,1.3966108830374837,30193711
2026-10-02T23:16:56.850Z,AVGO,stock,355.14,3.3465254335932957,44.02815883921641,0.5405123042065869,1.8643830537114214,24509128
2026-10-02T23:16:56.850Z,MU,stock,1074.89,-2.050319394198963,42.33477724269777,1.9090953244759,0.206956096818229,26523742
2026-10-02T23:16:56.850Z,INTC,stock,119.33,-0.5583333333333347,30.63806332128054,5.256051694040617,-0.0000015344462089237856,94956744
2026-10-02T23:16:56.850Z,TSM,stock,472.78,2.9573170731707283,54.89107640687834,0.3551360692350592,1.6053818917711022,9722477
2026-10-02T23:16:56.850Z,ASML,stock,1867.31,3.2524371160470853,67.09659103987478,0.24360640050229976,0.7844975992449009,1335151
2026-10-02T23:16:56.850Z,QCOM,stock,184.87,1.526717557251909,36.45926385065539,1.9725311045797056,0.1137205316398025,10092090
2026-10-02T23:16:56.850Z,ARM,stock,307.49,5.1823219538893195,49.12734806482709,3.1969618174064065,1.2114875141960644,5880656
2026-10-02T23:16:56.850Z,SMCI,stock,43.69,4.2223282442748,47.70620796658909,1.9854195127131948,2.043679554727738,42778087
2026-10-02T23:16:56.850Z,NOW,stock,134.38,-2.4535423925667796,40.77752690882373,2.9677271500772227,0.5010793900912447,8760611
2026-10-02T23:16:56.850Z,UBER,stock,68.11,0.3388332351208073,44.375143053330284,0.35113164517767087,1.1396867034481781,15498371
2026-10-02T23:16:56.850Z,ABNB,stock,162.43,1.2214121019505253,40.883991873277076,1.0538521098417102,0.7068056056303453,3362539
2026-10-02T23:16:56.850Z,DIS,stock,102.19,0.8487121286884431,38.157907945590516,0.34123470715641685,0.6798029556650224,6526004
2026-10-02T23:16:56.850Z,WMT,stock,104.26,0,60.79572055279083,0.7305700407768636,0.3658093537055163,22930196
2026-10-02T23:16:56.850Z,COST,stock,920.65,0.6240846394298994,76.05284080484374,0.03474279436936879,1.0964539335075227,2011685
2026-10-02T23:16:56.850Z,HD,stock,282.85,0.13807264745452213,35.42502087125514,1.3557339542057547,0.6225520663418125,4723854
2026-10-02T23:16:56.850Z,LOW,stock,180.8,-0.8663230617392171,30.81687842758079,1.9097261199795033,0.3608138359910992,2756482
2026-10-02T23:16:56.850Z,NKE,stock,33.87,-3.6415362731152237,57.810875345736704,0.044262423715909015,3.1835467258857895,141948809
2026-10-02T23:16:56.850Z,SBUX,stock,94.71,-0.17917369308600517,51.34069207040168,0.31575847751304725,0.3071402633749073,5946911
2026-10-02T23:16:56.850Z,MCD,stock,231.89,0.02588103351592712,48.727139559659086,0.3395189533472471,0.35704133030831453,6342621
2026-10-02T23:16:56.850Z,PEP,stock,125.89,0.2308917197452279,56.66663275790159,0.22192135452866235,0.48289605316394135,6071580
2026-10-02T23:16:56.850Z,KO,stock,85.65,-0.5226480836236802,50.86792656733354,0.6265256133080506,0.4868884691461393,19281489
2026-10-02T23:16:56.850Z,TGT,stock,156,-0.4467134652201587,68.48377905379019,0.5798849332316923,0.7198925220059655,4088123
2026-10-02T23:16:56.850Z,CVX,stock,206.69,-0.1979719942056961,36.45322048421892,0.2798302988880685,0.9129931690809642,6642588
2026-10-02T23:16:56.850Z,OXY,stock,58.08,0.41493775933609073,61.44108123328171,0.034420782523777824,2.0155466379371947,8872692
2026-10-02T23:16:56.850Z,SLB,stock,48.74,0.16440608302508306,32.352908177003854,1.1258711625126832,1.3727082857950812,11141176
2026-10-02T23:16:56.850Z,UNH,stock,371.9,1.8346111719605664,72.67311011893923,0.12890189497784116,1.9322992403854093,3292808
2026-10-02T23:16:56.850Z,LLY,stock,1142.85,-0.6087750576162109,36.47697823848912,1.8490428364749623,0.4818137375118449,2020098
2026-10-02T23:16:56.850Z,NVO,stock,37.32,-0.21390374331550346,60.869620689215225,0.7314834732647508,0.3762779406845924,10147743
2026-10-02T23:16:56.850Z,PFE,stock,27.8,-1.1379800853485074,77.01232926822985,1.0327458484928171,1.2381679783798647,34914894
2026-10-02T23:16:56.850Z,MRK,stock,144.3,0.34072734858494474,82.052084637536,0.006927835051538513,1.0362642486227427,9159620
2026-10-02T23:16:56.850Z,JNJ,stock,256.03,-1.0167787829583437,59.99989292043453,0.7366311517596845,0.32130138496181065,10176696
2026-10-02T23:16:56.850Z,ABBV,stock,262.82,1.111837802485279,54.40588390733728,0.4130209719162222,1.4376961198583016,5541012
2026-10-02T23:16:56.850Z,BA,stock,193.56,0.66569586020387,41.312296054583214,1.0429941910536722,1.4359042923239078,12577596
2026-10-02T23:16:56.850Z,CAT,stock,845.42,2.307738851576201,44.41246810312274,1.3541056659339386,0.765196662693678,2378887
2026-10-02T23:16:56.850Z,GE,stock,309.56,-0.9059188834469684,64.89358632133323,2.1017357446345244,0.40869680730489755,4148627
2026-10-02T23:16:56.850Z,LMT,stock,505.41,-0.017804154302665676,45.37362451181845,0.44419223443924055,1.2663054175565307,1060592
2026-10-02T23:16:56.850Z,RTX,stock,184.68,-0.1783687368250279,48.972126710073894,0.613606945623602,0.2007500658170373,3793732
2026-10-02T23:16:56.850Z,NOC,stock,478,-0.8298755186721992,27.96678516059319,0.7134914528467966,1.4797361609167803,2678739
2026-10-02T23:16:56.850Z,DE,stock,687,2.958367053322544,69.13170117295127,0.23235196669533173,2.5786540896918724,1063572
2026-10-02T23:16:56.850Z,BABA,stock,105.85,-1.4890646812470996,43.910109062454154,0.9636950597741858,0.6083080706173983,7768242
2026-10-02T23:16:56.850Z,PDD,stock,75.38,-1.4640522875817052,55.447585878332866,0.3604660813672899,0.6542937833423025,6223348
2026-10-02T23:16:56.850Z,SNOW,stock,341.04,-0.2777859001725163,70.59972846939378,0.3360713151177309,2.007003169691458,3301495
2026-10-02T23:16:56.850Z,DDOG,stock,277.22,0.2749041452651551,45.11265145844859,1.6078083407275856,0.6535424023345126,2068099
2026-10-02T23:16:56.850Z,PANW,stock,403.24,1.7640378548895923,61.704892060765786,1.2658856579788076,0.6075291896846411,4829505
2026-10-02T23:16:56.850Z,CRWD,stock,270.04,1.4844601450637174,67.46736675173412,0.8809287989646083,0.7424033940148049,5830129
2026-10-02T23:16:56.850Z,NET,stock,349.07,-0.5498575498575518,41.285930408472005,1.2313371141478688,1.071316250723241,2834127
2026-10-02T23:16:56.850Z,ROKU,stock,152.39,0.7470580457490384,52.458237471241375,0.0983304659332654,0.8070396545822658,1420321
2026-10-02T23:16:56.850Z,PINS,stock,19.26,-1.0277492291880745,50.704376699154324,1.0785789458680253,0.6532519969845334,8515739
2026-10-02T23:16:56.850Z,ADBE,stock,237.69,-1.4878978779840863,36.48215430647574,2.0763794406342706,0.2784462827921045,3103549
2026-10-02T23:16:56.850Z,AMAT,stock,540.04,2.0290950311732496,68.2172682180568,1.1865924018786196,0.8798279117170713,5699753
2026-10-02T23:16:56.850Z,LRCX,stock,347.49,2.1728903263745916,42.567479328334095,1.3303011160244236,0.2437684123842351,7429457
2026-10-02T23:16:56.850Z,KLAC,stock,206.89,3.274596915090088,57.862904466279865,0.8292566185785446,1.1835471046360175,7334998
2026-10-02T23:16:56.850Z,TXN,stock,293.8,4.439941701325942,43.24740700036307,0.9740815051484553,0.3586678052946239,4934069
2026-10-02T23:16:56.850Z,ADI,stock,417.15,3.1018289668808587,54.081690427929196,1.032028469750895,0.5023303690578107,2623345
2026-10-02T23:16:56.850Z,MRVL,stock,272.29,1.570426738287092,36.50658869196589,2.3630252321537535,0.08822356838843927,14725646
2026-10-02T23:16:56.850Z,CDNS,stock,351.35,0.17677415675876157,75.06588169329969,0.6980971321826257,2.54053357423558,2093620
2026-10-02T23:16:56.850Z,SNPS,stock,489.9,-0.13046846332613918,57.04726056043497,1.2288420603412487,1.202283421990947,3051798
2026-10-02T23:16:56.850Z,WDAY,stock,186.14,-0.3266398929049604,41.23717286546519,1.2257877344920531,0.3558358247055588,1425582
2026-10-02T23:16:56.850Z,TEAM,stock,187.89,-1.063661734505824,57.280064844066615,1.9312053909982214,0.5996657396362179,1701477
2026-10-02T23:16:56.850Z,ZS,stock,196.6,-1.0966898078277527,48.26229786408709,2.5260949151947436,0.699157110856719,1720683
2026-10-02T23:16:56.850Z,OKTA,stock,211.49,-0.5361425951182741,38.857828294910085,2.246362822467534,0.32732302573676025,2068431
2026-10-02T23:16:56.850Z,MDB,stock,357.96,1.771244989054093,54.54590048839113,0.6908065259271194,5.624079801352078,2682941
2026-10-02T23:16:56.850Z,FSLR,stock,174.61,1.4525594096798558,35.180863477246206,1.8410740691846659,0.20659971305596192,1895851
2026-10-02T23:16:56.850Z,ENPH,stock,33.47,1.9804996953077347,45.714275334149555,1.9768646909190353,0.9190378072011908,4664805
2026-10-02T23:16:56.850Z,NEE,stock,76.83,0.6286836935167047,50.623622284605375,1.0177824254416437,0.30680693981548585,18041737
2026-10-02T23:16:56.850Z,DUK,stock,114.13,0.34288728679444397,58.82310702617312,0.80827183932466,0.2107301884605786,3880387
2026-10-02T23:16:56.850Z,SO,stock,83.72,0.29950880555888343,54.14464471247233,0.6408760058626648,0.10162953500148146,7744995
2026-10-02T23:16:56.850Z,T,stock,24.3,0,36.58794477188386,0.7555671053295738,0.2888999549572911,24466804
2026-10-02T23:16:56.850Z,VZ,stock,45.92,-0.13049151805131617,37.03658352799337,0.9597792782426802,0.2806195651820806,19585521
2026-10-02T23:16:56.850Z,CMCSA,stock,21.57,-0.5990783410138203,50,1.2588662027852604,0.7708447001239055,20666526
2026-10-02T23:16:56.850Z,TMUS,stock,163.64,1.1809806467569386,34.34052114423689,0.4925490807379788,1.5262485643408115,3306030
2026-10-02T23:16:56.850Z,AXP,stock,302.78,0.2284087523585679,50,0.13852644792919214,0.9098524639550732,2610928
2026-10-02T23:16:56.850Z,MA,stock,552.26,0.4109090909090893,35.46393828418972,0.42371854341440923,1.1798747919395827,2452978
2026-10-02T23:16:56.850Z,BLK,stock,1059.63,-0.44439851178170836,23.070237708235197,2.510768303274152,0.08972930827711456,538424
2026-10-02T23:16:56.850Z,SCHW,stock,96.7,-1.6976720544881585,37.649054276315795,1.0589866515455242,0.2592048311748253,7581335
2026-10-02T23:16:56.850Z,C,stock,128.5,1.1811023622047243,54.273716059365135,0.09718172983479105,0.9823182711198428,7610602
2026-10-02T23:16:56.850Z,TFC,stock,46.45,0.3673292999135732,50.563565551572054,0.5033766014312673,0.47588245715356203,8580075
2026-10-02T23:16:56.850Z,USB,stock,57.51,0.2615062761506251,42.69634988941657,0.5275423920326535,0.5771243320443741,7520114
2026-10-02T23:16:56.850Z,CB,stock,330.89,-0.12375490492001961,46.86325666004452,0.33734216821223534,0.6846352395551732,1964566
2026-10-02T23:16:56.850Z,PGR,stock,210.31,-0.30811528251801557,71.76691111184189,0.6636262722024149,1.1348896784765083,2740287
2026-10-02T23:16:56.850Z,AMGN,stock,403.04,-1.0386230264934715,36.635478144043,0.9194156031565439,0.21757026008900246,3503505
2026-10-02T23:16:56.850Z,GILD,stock,144.74,-1.8711864406779597,66.25022649894618,1.7946158736758304,0.46504660354010446,4786436
2026-10-02T23:16:56.850Z,BMY,stock,61.15,0.5260562222587544,75.33327568931229,0.0817005920198178,1.342392849459362,9638721
2026-10-02T23:16:56.850Z,REGN,stock,735.2,0.053074944543501056,46.05568487472532,0.27941428238862864,0.7979372999294968,612910
2026-10-02T23:16:56.850Z,ISRG,stock,391.95,-2.3153225002492324,36.67674409704948,2.243451635487026,0.0025507880112934467,1826723
2026-10-02T23:16:56.850Z,TMO,stock,654.8,0.3509524758241197,54.871240027089975,0.7013667784182973,0.7384615384615315,1663049
2026-10-02T23:16:56.850Z,DHR,stock,214.06,1.0861352474499488,24.999863760960423,0.8246832691305717,0.20597551393591443,3894323
2026-10-02T23:16:56.850Z,ELV,stock,386.43,1.2471506799067233,51.020471715152304,0.32371579155679503,1.3666645933093657,889961
2026-10-02T23:16:56.850Z,CI,stock,270.53,0.9590983728914738,77.14333167247966,0.16974436361180312,1.6609728652602476,1910757
2026-10-02T23:16:56.850Z,CVS,stock,86.46,1.478873239436609,57.23251729796647,0.7689627849628929,1.2115854975329543,10446777
2026-10-02T23:16:56.850Z,MDT,stock,86.38,-0.06941230911615257,55.12355297707948,1.6733050650582897,0.793469166829131,34596650
2026-10-02T23:16:56.850Z,SYK,stock,275.43,0.90489449003518,53.43672607689497,0.5147138140109334,1.207081195297372,1945788
2026-10-02T23:16:56.850Z,HON,stock,213.99,0.08886810102899799,46.84990168232467,0.6407555130586345,0.6041222152199118,1792209
2026-10-02T23:16:56.850Z,UPS,stock,93.02,-0.9266162530620988,51.076465611420964,1.711749154793036,0.32268669535453937,4663083
2026-10-02T23:16:56.850Z,FDX,stock,290.36,1.1460619361131503,67.60003613043085,0.017218298777179994,1.0369528382472861,1459305
2026-10-02T23:16:56.850Z,DAL,stock,84.09,-0.04754546535123267,79.86564122520456,0.602835086666222,0.7427803644779385,8143457
2026-10-02T23:16:56.850Z,UAL,stock,112.51,0.6530685274646663,70.51286231293403,0.2924462500889059,0.8877361789224469,4017208
2026-10-02T23:16:56.850Z,AAL,stock,12.94,-1.4470677837014567,50,1.932547940294714,0.11605268118981275,71772533
2026-10-02T23:16:56.850Z,LUV,stock,42.47,1.505736137667293,73.5846204781989,0.2114693853076285,1.433009513784156,6171820
2026-10-02T23:16:56.850Z,CARR,stock,55.12,-0.18109380659181712,31.182883910186476,1.6241277871187867,0.2819973564665023,5689447
2026-10-02T23:16:56.850Z,ETN,stock,436.11,-0.26756311745333866,45.19524923519885,3.413984630941243,0.26554780687460605,2088721
2026-10-02T23:16:56.850Z,EMR,stock,161.61,1.9171343885981085,49.11519063405149,1.2375069971669956,0.7292430446210286,2888938
2026-10-02T23:16:56.850Z,MMM,stock,161.89,-0.6931664826401814,67.97736916548797,1.3827994709245612,0.41558043308761816,3019691
2026-10-02T23:16:56.850Z,WM,stock,204.45,1.2630014858840926,63.83986340762041,0.2050056754027208,1.6405698253283862,2366307
2026-10-02T23:16:56.850Z,LIN,stock,479.48,2.136542762807547,68.50165966087471,0.749328515375745,1.3699788583509553,2527281
2026-10-02T23:16:56.850Z,APD,stock,277.57,1.5512384297369515,41.72174053638918,0.773064740038895,1.1828989879055478,1012265
2026-10-02T23:16:56.850Z,FCX,stock,72.04,3.9838337182448105,63.690362660417975,1.2542002715229776,1.5859787133096233,11926686
2026-10-02T23:16:56.850Z,NEM,stock,115.56,0.7761402284817307,61.80540838384266,0.7813181172538405,1.4396083720283588,4015405
2026-10-02T23:16:56.850Z,EOG,stock,141.38,0.04953648007925354,50,0.141264181712154,0.8344577634322957,3592737
2026-10-02T23:16:56.850Z,COP,stock,126.75,-0.24397922241460906,38.311617537775575,0.2518294606065486,0.9638354911968128,5196222
2026-10-02T23:16:56.850Z,MPC,stock,422.33,0.518862311079378,41.2842623960579,0.48071144064371996,3.9824700592919564,2163484
2026-10-02T23:16:56.850Z,PSX,stock,264.58,0.13246035650757518,31.288100052422678,0.8957192611529217,3.2366296191200004,1987536
2026-10-02T23:16:56.850Z,HAL,stock,31.85,-0.09410288582182429,22.236890716977413,1.1790243488472598,0.759251455281037,8092378
2026-10-02T23:16:56.850Z,BKR,stock,56,0.6832074793239888,49.17521120314278,0.47983020360260087,1.0647900274546676,3969823
2026-10-02T23:16:56.850Z,WMB,stock,70.54,1.9069633054030735,70.45446663892356,0.014178669489876106,2.4322982475712935,8279976
2026-10-02T23:16:56.850Z,KMI,stock,31.07,1.7687520471667182,61.25210713616782,0.11252063253948374,2.0193731007539157,11618742
2026-10-02T23:16:56.850Z,PG,stock,144.91,0.666898228551586,68.8752237876547,0.18597099421557778,0.7228782359833776,6219527
2026-10-02T23:16:56.850Z,CL,stock,84.26,-0.31941322607357864,36.84221093420604,0.6192175967835634,0.23792820273025117,6600468
2026-10-02T23:16:56.850Z,KMB,stock,94.36,0.02119991520033498,42.857142857142854,0.9551765247518089,0.286963197596217,4442970
2026-10-02T23:16:56.850Z,PM,stock,187.46,0.47164755064851294,47.98531113235072,0.7938223224867712,0.468951552722907,3052459
2026-10-02T23:16:56.850Z,MO,stock,67.35,0.5974607916355361,64.48576806799383,0.09641906792940222,0.9366827128835437,6348286
2026-10-02T23:16:56.850Z,MDLZ,stock,58.19,0.7444598337950135,46.36352286756647,0.19723918115746045,0.7444627613614178,7771758
2026-10-02T23:16:56.850Z,GIS,stock,32.01,1.073571203031248,33.33311597274299,0.6209223537950083,1.3455783689931287,13642013
2026-10-02T23:16:56.850Z,KR,stock,59.03,-0.7565568258237991,57.630921144560546,0.7899159663865528,0.2547536161068352,4692484
2026-10-02T23:16:56.850Z,DG,stock,118.94,0.008408307407711178,38.333403975755516,0.2599580712788279,1.2470751605939654,1601129
2026-10-02T23:16:56.850Z,DLTR,stock,112.16,-1.9837455212793935,51.79156332476776,1.683031031063703,0.8497088461328408,1620651
2026-10-02T23:16:56.850Z,TJX,stock,132.68,-0.6811887117299174,47.2114446486511,0.6960561380908362,0.16230979357063677,6936773
2026-10-02T23:16:56.850Z,ROST,stock,228.54,-2.375053395984623,52.182390108476156,2.4146575065069538,0.37331351815171615,2300201
2026-10-02T23:16:56.850Z,BKNG,stock,159.02,-0.7861242825056095,50.700911255936,1.8697304413837017,0.3217497387157364,7528897
2026-10-02T23:16:56.850Z,MAR,stock,358.96,1.1753431607429632,62.487550103243045,0.24177711828664497,0.6349942189469614,874280
2026-10-02T23:16:56.850Z,HLT,stock,319.36,1.2427085975145877,59.13557176442221,0.41317728259228603,0.3330230121531533,1109055
2026-10-02T23:16:56.850Z,CMG,stock,32.36,0.12376237623762112,64.60178783623203,0.3387779999003755,1.5534292560406489,15057494
2026-10-02T23:16:56.850Z,YUM,stock,136.12,-0.4170019752725095,27.24011200560028,1.2371503545084797,0.0000035871383189103082,1751563
2026-10-02T23:16:56.850Z,EL,stock,91.97,1.9736112651069977,61.15706995552641,0.5890930046413847,1.5681909446546622,2689636
2026-10-02T23:16:56.850Z,LULU,stock,94.46,-1.4604631754642246,46.56762505066698,1.5169690889215275,0.8218566960496135,6071834
2026-10-02T23:16:56.850Z,BTC-USD,crypto,84483.52,-0.4318330021014619,43.613391995859125,2.985190782620658,0.5714846915705337,46304092160
2026-10-02T23:16:56.850Z,ETH-USD,crypto,2666.04,-1.461435093979658,68.11969200592617,3.6222450180790497,0.426411426508264,19474331648
2026-10-02T23:16:56.850Z,SOL-USD,crypto,118.42,0.020346986648441704,67.74217365623153,4.05898103604371,0.8258859744247372,4738854400
2026-10-02T23:16:56.850Z,XRP-USD,crypto,1.481,-0.8692581312308857,82.14300919618529,4.433117427879414,1.8919825910973076,4497626624
2026-10-02T23:16:56.850Z,BNB-USD,crypto,766.83,-0.5623041359561404,58.51568538607106,2.0313493625513117,0.7978850302929413,1649818624
2026-10-02T23:16:56.850Z,DOGE-USD,crypto,0.09245,-1.990998013634749,69.2306222776943,5.325139803489309,2.030683743113912,1404347776
2026-10-02T23:16:56.850Z,ADA-USD,crypto,0.24239,-1.5696152033463202,69.51586061676403,6.072234280476502,2.07613814918744,786467840
2026-10-02T23:16:56.850Z,AVAX-USD,crypto,10.673,-2.960023857668635,56.613903451894984,5.103580989057038,1.6476190476190482,619569152
2026-10-02T23:16:56.850Z,LINK-USD,crypto,13.736,-4.500285018259724,70.00005609877873,6.213299973615396,2.1036194892664017,632212672
2026-10-02T23:16:56.850Z,DOT-USD,crypto,1.143,-2.87793991789745,51.45626573305171,7.852302491372365,0.2631591528736825,167920000
2026-10-02T23:16:56.850Z,LTC-USD,crypto,69.066,1.465688962840721,27.238145916327497,2.905828716437789,2.230645708633442,494532672
2026-10-02T23:16:56.850Z,BCH-USD,crypto,309.14,-0.07536852662434484,71.07005758157389,2.6882374945459766,3.6791045639216633,286264768
2026-10-03T02:01:56.447Z,AAPL,stock,333.69,1.0202228142407377,47.5403713061628,0.18542854839859646,0.8309655944601747,31878433
2026-10-03T02:01:56.447Z,MSFT,stock,517.53,0.9223868954758228,78.53875458497967,0.8323892821655781,0.6916726655825419,17179496
2026-10-03T02:01:56.447Z,NVDA,stock,233.95,1.3384735337433835,38.36649170924583,1.5651946806937749,0.07699693042280333,134470648
2026-10-03T02:01:56.447Z,TSLA,stock,370.59,4.653921097963899,43.42942081609701,0.9567879036960371,0.7750067551284137,54147498
2026-10-03T02:01:56.447Z,AMZN,stock,251.52,1.3253837167143458,89.36936023522254,0.6733166403078797,0.559733292077098,33047205
2026-10-03T02:01:56.447Z,META,stock,728.08,0.2961718071990538,52.61787215005832,1.0290252379304825,0.21196658397761714,12873427
2026-10-03T02:01:56.447Z,GOOGL,stock,343.5,1.5551087984862793,60.73745531576857,0.5500850984536494,0.5709302522983118,22734069
2026-10-03T02:01:56.447Z,AMD,stock,633.91,2.952592857258855,61.972848697175394,1.6522895617061069,0.7501704636562898,19323673
2026-10-03T02:01:56.447Z,NFLX,stock,67.06,-1.16433308769343,41.39239397978343,0.9903867155251531,0.43433184291422433,38312283
2026-10-03T02:01:56.447Z,JPM,stock,332.38,-0.24011045080737478,65.42540527671363,0.5222596333707459,0.599275466129689,6539384
2026-10-03T02:01:56.447Z,V,stock,360.66,0.22509378907878344,46.11250289699926,0.17990024161684445,1.0007416453793374,3987848
2026-10-03T02:01:56.447Z,XOM,stock,164.01,0.11598095470638367,36.252512068286826,0.3221060579546582,1.250115369952977,11164224
2026-10-03T02:01:56.447Z,SPY,stock,769.64,0.7395384756344948,59.25925925925925,0.35087404306339376,0.29777867993430485,45857487
2026-10-03T02:01:56.447Z,QQQ,stock,749.58,1.0174790776653329,58.343026706231456,0.6474822134339334,0.23937496158725424,34175024
2026-10-03T02:01:56.447Z,DIA,stock,511.1,0.48759388148323274,62.80958385876419,0.2517642053041541,0.45007025262756545,3710080
2026-10-03T02:01:56.447Z,IWM,stock,281.52,0.8959931187728479,48.99235295323616,0.6931532367139838,0.18326901949744637,29615280
2026-10-03T02:01:56.447Z,XLK,stock,199.81,1.0110712299681512,48.57614647005997,0.7697658947423928,0.21064276625569295,8927877
2026-10-03T02:01:56.447Z,XLF,stock,53.49,0.05611672278339158,48.89034960672029,0.3008337437669687,0.4507042253521164,30268795
2026-10-03T02:01:56.447Z,PLTR,stock,188.75,-0.6788044622184761,29.586672732999688,2.9812402779632894,0.0052953833554378535,17716878
2026-10-03T02:01:56.447Z,SOFI,stock,15.77,-0.4419191919191937,28.62384964858464,1.8973607991523451,0.2052367036466378,44191235
2026-10-03T02:01:56.447Z,COIN,stock,183,-3.322943631464944,65.73166056934019,8.56857078164798,1.0491407136664317,12808738
2026-10-03T02:01:56.447Z,HOOD,stock,112.74,1.4304993252361575,41.26041696585738,5.105004241906107,0.1663192345226916,29222290
2026-10-03T02:01:56.447Z,RIVN,stock,14.3,-3.1165311653116468,54.389060875417954,4.888592317070226,1.960787086984217,59672838
2026-10-03T02:01:56.447Z,LCID,stock,4.13,-1.4319809069212528,34.262705613968876,1.4319822530088848,0.7317096601279084,7667981
2026-10-03T02:01:56.447Z,F,stock,12.1,-1.3854930725346368,51.4092797970078,0.6568169390093217,0.9182759492061937,48917301
2026-10-03T02:01:56.447Z,GM,stock,78.27,-1.3113100491741347,36.59773948198429,1.1929513117185013,0.1535489082253607,9076899
2026-10-03T02:01:56.447Z,BAC,stock,53.75,0.03722315280104807,60.674118776573856,0.2690425021469395,0.7121996706502702,34897453
2026-10-03T02:01:56.447Z,WFC,stock,80.45,0.24922118380062658,56.321798761772804,0.21086918976722047,0.6568619683407618,10074371
2026-10-03T02:01:56.447Z,GS,stock,902.56,0.6568748815060153,49.60085785773859,0.8328404999713709,0.5489568811290002,1584186
2026-10-03T02:01:56.447Z,MS,stock,190.31,1.223339184085959,33.657888785149694,0.5850664569987958,0.7944507498554222,6252383
2026-10-03T02:01:56.447Z,PYPL,stock,52.8,-0.4900113079532701,50.67084376327739,1.0216537786704813,0.31843405520570633,9001061
2026-10-03T02:01:56.447Z,SHOP,stock,151.39,1.5426923334898268,44.975870452438144,0.9033214858066987,0.6381754776042706,5571811
2026-10-03T02:01:56.447Z,CRM,stock,234.69,-0.8449871139465123,55.736347549608716,1.65933123727715,0.5462402804194385,7840153
2026-10-03T02:01:56.447Z,ORCL,stock,142.3,3.063663359165654,59.48987087842229,1.7668824772117973,1.3966108830374837,30193711
2026-10-03T02:01:56.447Z,AVGO,stock,355.14,3.3465254335932957,44.02815883921641,0.5405123042065869,1.8643830537114214,24509128
2026-10-03T02:01:56.447Z,MU,stock,1074.89,-2.050319394198963,42.33477724269777,1.9090953244759,0.206956096818229,26523742
2026-10-03T02:01:56.447Z,INTC,stock,119.33,-0.5583333333333347,30.63806332128054,5.256051694040617,-0.0000015344462089237856,94956744
2026-10-03T02:01:56.447Z,TSM,stock,472.78,2.9573170731707283,54.89107640687834,0.3551360692350592,1.6053818917711022,9722477
2026-10-03T02:01:56.447Z,ASML,stock,1867.31,3.2524371160470853,67.09659103987478,0.24360640050229976,0.7844975992449009,1335151
2026-10-03T02:01:56.447Z,QCOM,stock,184.87,1.526717557251909,36.45926385065539,1.9725311045797056,0.1137205316398025,10092090
2026-10-03T02:01:56.447Z,ARM,stock,307.49,5.1823219538893195,49.12734806482709,3.1969618174064065,1.2114875141960644,5880656
2026-10-03T02:01:56.447Z,SMCI,stock,43.69,4.2223282442748,47.70620796658909,1.9854195127131948,2.043679554727738,42778087
2026-10-03T02:01:56.447Z,NOW,stock,134.38,-2.4535423925667796,40.77752690882373,2.9677271500772227,0.5010793900912447,8760611
2026-10-03T02:01:56.447Z,UBER,stock,68.11,0.3388332351208073,44.375143053330284,0.35113164517767087,1.1396867034481781,15498371
2026-10-03T02:01:56.447Z,ABNB,stock,162.43,1.2214121019505253,40.883991873277076,1.0538521098417102,0.7068056056303453,3362539
2026-10-03T02:01:56.447Z,DIS,stock,102.19,0.8487121286884431,38.157907945590516,0.34123470715641685,0.6798029556650224,6526004
2026-10-03T02:01:56.447Z,WMT,stock,104.26,0,60.79572055279083,0.7305700407768636,0.3658093537055163,22930196
2026-10-03T02:01:56.447Z,COST,stock,920.65,0.6240846394298994,76.05284080484374,0.03474279436936879,1.0964539335075227,2011685
2026-10-03T02:01:56.447Z,HD,stock,282.85,0.13807264745452213,35.42502087125514,1.3557339542057547,0.6225520663418125,4723854
2026-10-03T02:01:56.447Z,LOW,stock,180.8,-0.8663230617392171,30.81687842758079,1.9097261199795033,0.3608138359910992,2756482
2026-10-03T02:01:56.447Z,NKE,stock,33.87,-3.6415362731152237,57.810875345736704,0.044262423715909015,3.1835467258857895,141948809
2026-10-03T02:01:56.447Z,SBUX,stock,94.71,-0.17917369308600517,51.34069207040168,0.31575847751304725,0.3071402633749073,5946911
2026-10-03T02:01:56.447Z,MCD,stock,231.89,0.02588103351592712,48.727139559659086,0.3395189533472471,0.35704133030831453,6342621
2026-10-03T02:01:56.447Z,PEP,stock,125.89,0.2308917197452279,56.66663275790159,0.22192135452866235,0.48289605316394135,6071580
2026-10-03T02:01:56.447Z,KO,stock,85.65,-0.5226480836236802,50.86792656733354,0.6265256133080506,0.4868884691461393,19281489
2026-10-03T02:01:56.447Z,TGT,stock,156,-0.4467134652201587,68.48377905379019,0.5798849332316923,0.7198925220059655,4088123
2026-10-03T02:01:56.447Z,CVX,stock,206.69,-0.1979719942056961,36.45322048421892,0.2798302988880685,0.9129931690809642,6642588
2026-10-03T02:01:56.447Z,OXY,stock,58.08,0.41493775933609073,61.44108123328171,0.034420782523777824,2.0155466379371947,8872692
2026-10-03T02:01:56.447Z,SLB,stock,48.74,0.16440608302508306,32.352908177003854,1.1258711625126832,1.3727082857950812,11141176
2026-10-03T02:01:56.447Z,UNH,stock,371.9,1.8346111719605664,72.67311011893923,0.12890189497784116,1.9322992403854093,3292808
2026-10-03T02:01:56.447Z,LLY,stock,1142.85,-0.6087750576162109,36.47697823848912,1.8490428364749623,0.4818137375118449,2020098
2026-10-03T02:01:56.447Z,NVO,stock,37.32,-0.21390374331550346,60.869620689215225,0.7314834732647508,0.3762779406845924,10147743
2026-10-03T02:01:56.447Z,PFE,stock,27.8,-1.1379800853485074,77.01232926822985,1.0327458484928171,1.2381679783798647,34914894
2026-10-03T02:01:56.447Z,MRK,stock,144.3,0.34072734858494474,82.052084637536,0.006927835051538513,1.0362642486227427,9159620
2026-10-03T02:01:56.447Z,JNJ,stock,256.03,-1.0167787829583437,59.99989292043453,0.7366311517596845,0.32130138496181065,10176696
2026-10-03T02:01:56.447Z,ABBV,stock,262.82,1.111837802485279,54.40588390733728,0.4130209719162222,1.4376961198583016,5541012
2026-10-03T02:01:56.447Z,BA,stock,193.56,0.66569586020387,41.312296054583214,1.0429941910536722,1.4359042923239078,12577596
2026-10-03T02:01:56.447Z,CAT,stock,845.42,2.307738851576201,44.41246810312274,1.3541056659339386,0.765196662693678,2378887
2026-10-03T02:01:56.447Z,GE,stock,309.56,-0.9059188834469684,64.89358632133323,2.1017357446345244,0.40869680730489755,4148627
2026-10-03T02:01:56.447Z,LMT,stock,505.41,-0.017804154302665676,45.37362451181845,0.44419223443924055,1.2663054175565307,1060592
2026-10-03T02:01:56.447Z,RTX,stock,184.68,-0.1783687368250279,48.972126710073894,0.613606945623602,0.2007500658170373,3793732
2026-10-03T02:01:56.447Z,NOC,stock,478,-0.8298755186721992,27.96678516059319,0.7134914528467966,1.4797361609167803,2678739
2026-10-03T02:01:56.447Z,DE,stock,687,2.958367053322544,69.13170117295127,0.23235196669533173,2.5786540896918724,1063572
2026-10-03T02:01:56.447Z,BABA,stock,105.85,-1.4890646812470996,43.910109062454154,0.9636950597741858,0.6083080706173983,7768242
2026-10-03T02:01:56.447Z,PDD,stock,75.38,-1.4640522875817052,55.447585878332866,0.3604660813672899,0.6542937833423025,6223348
2026-10-03T02:01:56.447Z,SNOW,stock,341.04,-0.2777859001725163,70.59972846939378,0.3360713151177309,2.007003169691458,3301495
2026-10-03T02:01:56.447Z,DDOG,stock,277.22,0.2749041452651551,45.11265145844859,1.6078083407275856,0.6535424023345126,2068099
2026-10-03T02:01:56.447Z,PANW,stock,403.24,1.7640378548895923,61.704892060765786,1.2658856579788076,0.6075291896846411,4829505
2026-10-03T02:01:56.447Z,CRWD,stock,270.04,1.4844601450637174,67.46736675173412,0.8809287989646083,0.7424033940148049,5830129
2026-10-03T02:01:56.447Z,NET,stock,349.07,-0.5498575498575518,41.285930408472005,1.2313371141478688,1.071316250723241,2834127
2026-10-03T02:01:56.447Z,ROKU,stock,152.39,0.7470580457490384,52.458237471241375,0.0983304659332654,0.8070396545822658,1420321
2026-10-03T02:01:56.447Z,PINS,stock,19.26,-1.0277492291880745,50.704376699154324,1.0785789458680253,0.6532519969845334,8515739
2026-10-03T02:01:56.447Z,ADBE,stock,237.69,-1.4878978779840863,36.48215430647574,2.0763794406342706,0.2784462827921045,3103549
2026-10-03T02:01:56.447Z,AMAT,stock,540.04,2.0290950311732496,68.2172682180568,1.1865924018786196,0.8798279117170713,5699753
2026-10-03T02:01:56.447Z,LRCX,stock,347.49,2.1728903263745916,42.567479328334095,1.3303011160244236,0.2437684123842351,7429457
2026-10-03T02:01:56.447Z,KLAC,stock,206.89,3.274596915090088,57.862904466279865,0.8292566185785446,1.1835471046360175,7334998
2026-10-03T02:01:56.447Z,TXN,stock,293.8,4.439941701325942,43.24740700036307,0.9740815051484553,0.3586678052946239,4934069
2026-10-03T02:01:56.447Z,ADI,stock,417.15,3.1018289668808587,54.081690427929196,1.032028469750895,0.5023303690578107,2623345
2026-10-03T02:01:56.447Z,MRVL,stock,272.29,1.570426738287092,36.50658869196589,2.3630252321537535,0.08822356838843927,14725646
2026-10-03T02:01:56.447Z,CDNS,stock,351.35,0.17677415675876157,75.06588169329969,0.6980971321826257,2.54053357423558,2093620
2026-10-03T02:01:56.447Z,SNPS,stock,489.9,-0.13046846332613918,57.04726056043497,1.2288420603412487,1.202283421990947,3051798
2026-10-03T02:01:56.447Z,WDAY,stock,186.14,-0.3266398929049604,41.23717286546519,1.2257877344920531,0.3558358247055588,1425582
2026-10-03T02:01:56.447Z,TEAM,stock,187.89,-1.063661734505824,57.280064844066615,1.9312053909982214,0.5996657396362179,1701477
2026-10-03T02:01:56.447Z,ZS,stock,196.6,-1.0966898078277527,48.26229786408709,2.5260949151947436,0.699157110856719,1720683
2026-10-03T02:01:56.447Z,OKTA,stock,211.49,-0.5361425951182741,38.857828294910085,2.246362822467534,0.32732302573676025,2068431
2026-10-03T02:01:56.447Z,MDB,stock,357.96,1.771244989054093,54.54590048839113,0.6908065259271194,5.624079801352078,2682941
2026-10-03T02:01:56.447Z,FSLR,stock,174.61,1.4525594096798558,35.180863477246206,1.8410740691846659,0.20659971305596192,1895851
2026-10-03T02:01:56.447Z,ENPH,stock,33.47,1.9804996953077347,45.714275334149555,1.9768646909190353,0.9190378072011908,4664805
2026-10-03T02:01:56.447Z,NEE,stock,76.83,0.6286836935167047,50.623622284605375,1.0177824254416437,0.30680693981548585,18041737
2026-10-03T02:01:56.447Z,DUK,stock,114.13,0.34288728679444397,58.82310702617312,0.80827183932466,0.2107301884605786,3880387
2026-10-03T02:01:56.447Z,SO,stock,83.72,0.29950880555888343,54.14464471247233,0.6408760058626648,0.10162953500148146,7744995
2026-10-03T02:01:56.447Z,T,stock,24.3,0,36.58794477188386,0.7555671053295738,0.2888999549572911,24466804
2026-10-03T02:01:56.447Z,VZ,stock,45.92,-0.13049151805131617,37.03658352799337,0.9597792782426802,0.2806195651820806,19585521
2026-10-03T02:01:56.447Z,CMCSA,stock,21.57,-0.5990783410138203,50,1.2588662027852604,0.7708447001239055,20666526
2026-10-03T02:01:56.447Z,TMUS,stock,163.64,1.1809806467569386,34.34052114423689,0.4925490807379788,1.5262485643408115,3306030
2026-10-03T02:01:56.447Z,AXP,stock,302.78,0.2284087523585679,50,0.13852644792919214,0.9098524639550732,2610928
2026-10-03T02:01:56.447Z,MA,stock,552.26,0.4109090909090893,35.46393828418972,0.42371854341440923,1.1798747919395827,2452978
2026-10-03T02:01:56.447Z,BLK,stock,1059.63,-0.44439851178170836,23.070237708235197,2.510768303274152,0.08972930827711456,538424
2026-10-03T02:01:56.447Z,SCHW,stock,96.7,-1.6976720544881585,37.649054276315795,1.0589866515455242,0.2592048311748253,7581335
2026-10-03T02:01:56.447Z,C,stock,128.5,1.1811023622047243,54.273716059365135,0.09718172983479105,0.9823182711198428,7610602
2026-10-03T02:01:56.447Z,TFC,stock,46.45,0.3673292999135732,50.563565551572054,0.5033766014312673,0.47588245715356203,8580075
2026-10-03T02:01:56.447Z,USB,stock,57.51,0.2615062761506251,42.69634988941657,0.5275423920326535,0.5771243320443741,7520114
2026-10-03T02:01:56.447Z,CB,stock,330.89,-0.12375490492001961,46.86325666004452,0.33734216821223534,0.6846352395551732,1964566
2026-10-03T02:01:56.447Z,PGR,stock,210.31,-0.30811528251801557,71.76691111184189,0.6636262722024149,1.1348896784765083,2740287
2026-10-03T02:01:56.447Z,AMGN,stock,403.04,-1.0386230264934715,36.635478144043,0.9194156031565439,0.21757026008900246,3503505
2026-10-03T02:01:56.447Z,GILD,stock,144.74,-1.8711864406779597,66.25022649894618,1.7946158736758304,0.46504660354010446,4786436
2026-10-03T02:01:56.447Z,BMY,stock,61.15,0.5260562222587544,75.33327568931229,0.0817005920198178,1.342392849459362,9638721
2026-10-03T02:01:56.447Z,REGN,stock,735.2,0.053074944543501056,46.05568487472532,0.27941428238862864,0.7979372999294968,612910
2026-10-03T02:01:56.447Z,ISRG,stock,391.95,-2.3153225002492324,36.67674409704948,2.243451635487026,0.0025507880112934467,1826723
2026-10-03T02:01:56.447Z,TMO,stock,654.8,0.3509524758241197,54.871240027089975,0.7013667784182973,0.7384615384615315,1663049
2026-10-03T02:01:56.447Z,DHR,stock,214.06,1.0861352474499488,24.999863760960423,0.8246832691305717,0.20597551393591443,3894323
2026-10-03T02:01:56.447Z,ELV,stock,386.43,1.2471506799067233,51.020471715152304,0.32371579155679503,1.3666645933093657,889961
2026-10-03T02:01:56.447Z,CI,stock,270.53,0.9590983728914738,77.14333167247966,0.16974436361180312,1.6609728652602476,1910757
2026-10-03T02:01:56.447Z,CVS,stock,86.46,1.478873239436609,57.23251729796647,0.7689627849628929,1.2115854975329543,10446777
2026-10-03T02:01:56.447Z,MDT,stock,86.38,-0.06941230911615257,55.12355297707948,1.6733050650582897,0.793469166829131,34596650
2026-10-03T02:01:56.447Z,SYK,stock,275.43,0.90489449003518,53.43672607689497,0.5147138140109334,1.207081195297372,1945788
2026-10-03T02:01:56.447Z,HON,stock,213.99,0.08886810102899799,46.84990168232467,0.6407555130586345,0.6041222152199118,1792209
2026-10-03T02:01:56.447Z,UPS,stock,93.02,-0.9266162530620988,51.076465611420964,1.711749154793036,0.32268669535453937,4663083
2026-10-03T02:01:56.447Z,FDX,stock,290.36,1.1460619361131503,67.60003613043085,0.017218298777179994,1.0369528382472861,1459305
2026-10-03T02:01:56.447Z,DAL,stock,84.09,-0.04754546535123267,79.86564122520456,0.602835086666222,0.7427803644779385,8143457
2026-10-03T02:01:56.447Z,UAL,stock,112.51,0.6530685274646663,70.51286231293403,0.2924462500889059,0.8877361789224469,4017208
2026-10-03T02:01:56.447Z,AAL,stock,12.94,-1.4470677837014567,50,1.932547940294714,0.11605268118981275,71772533
2026-10-03T02:01:56.447Z,LUV,stock,42.47,1.505736137667293,73.5846204781989,0.2114693853076285,1.433009513784156,6171820
2026-10-03T02:01:56.447Z,CARR,stock,55.12,-0.18109380659181712,31.182883910186476,1.6241277871187867,0.2819973564665023,5689447
2026-10-03T02:01:56.447Z,ETN,stock,436.11,-0.26756311745333866,45.19524923519885,3.413984630941243,0.26554780687460605,2088721
2026-10-03T02:01:56.447Z,EMR,stock,161.61,1.9171343885981085,49.11519063405149,1.2375069971669956,0.7292430446210286,2888938
2026-10-03T02:01:56.447Z,MMM,stock,161.89,-0.6931664826401814,67.97736916548797,1.3827994709245612,0.41558043308761816,3019691
2026-10-03T02:01:56.447Z,WM,stock,204.45,1.2630014858840926,63.83986340762041,0.2050056754027208,1.6405698253283862,2366307
2026-10-03T02:01:56.447Z,LIN,stock,479.48,2.136542762807547,68.50165966087471,0.749328515375745,1.3699788583509553,2527281
2026-10-03T02:01:56.447Z,APD,stock,277.57,1.5512384297369515,41.72174053638918,0.773064740038895,1.1828989879055478,1012265
2026-10-03T02:01:56.447Z,FCX,stock,72.04,3.9838337182448105,63.690362660417975,1.2542002715229776,1.5859787133096233,11926686
2026-10-03T02:01:56.447Z,NEM,stock,115.56,0.7761402284817307,61.80540838384266,0.7813181172538405,1.4396083720283588,4015405
2026-10-03T02:01:56.447Z,EOG,stock,141.38,0.04953648007925354,50,0.141264181712154,0.8344577634322957,3592737
2026-10-03T02:01:56.447Z,COP,stock,126.75,-0.24397922241460906,38.311617537775575,0.2518294606065486,0.9638354911968128,5196222
2026-10-03T02:01:56.447Z,MPC,stock,422.33,0.518862311079378,41.2842623960579,0.48071144064371996,3.9824700592919564,2163484
2026-10-03T02:01:56.447Z,PSX,stock,264.58,0.13246035650757518,31.288100052422678,0.8957192611529217,3.2366296191200004,1987536
2026-10-03T02:01:56.447Z,HAL,stock,31.85,-0.09410288582182429,22.236890716977413,1.1790243488472598,0.759251455281037,8092378
2026-10-03T02:01:56.447Z,BKR,stock,56,0.6832074793239888,49.17521120314278,0.47983020360260087,1.0647900274546676,3969823
2026-10-03T02:01:56.447Z,WMB,stock,70.54,1.9069633054030735,70.45446663892356,0.014178669489876106,2.4322982475712935,8279976
2026-10-03T02:01:56.447Z,KMI,stock,31.07,1.7687520471667182,61.25210713616782,0.11252063253948374,2.0193731007539157,11618742
2026-10-03T02:01:56.447Z,PG,stock,144.91,0.666898228551586,68.8752237876547,0.18597099421557778,0.7228782359833776,6219527
2026-10-03T02:01:56.447Z,CL,stock,84.26,-0.31941322607357864,36.84221093420604,0.6192175967835634,0.23792820273025117,6600468
2026-10-03T02:01:56.447Z,KMB,stock,94.36,0.02119991520033498,42.857142857142854,0.9551765247518089,0.286963197596217,4442970
2026-10-03T02:01:56.447Z,PM,stock,187.46,0.47164755064851294,47.98531113235072,0.7938223224867712,0.468951552722907,3052459
2026-10-03T02:01:56.447Z,MO,stock,67.35,0.5974607916355361,64.48576806799383,0.09641906792940222,0.9366827128835437,6348286
2026-10-03T02:01:56.447Z,MDLZ,stock,58.19,0.7444598337950135,46.36352286756647,0.19723918115746045,0.7444627613614178,7771758
2026-10-03T02:01:56.447Z,GIS,stock,32.01,1.073571203031248,33.33311597274299,0.6209223537950083,1.3455783689931287,13642013
2026-10-03T02:01:56.447Z,KR,stock,59.03,-0.7565568258237991,57.630921144560546,0.7899159663865528,0.2547536161068352,4692484
2026-10-03T02:01:56.447Z,DG,stock,118.94,0.008408307407711178,38.333403975755516,0.2599580712788279,1.2470751605939654,1601129
2026-10-03T02:01:56.447Z,DLTR,stock,112.16,-1.9837455212793935,51.79156332476776,1.683031031063703,0.8497088461328408,1620651
2026-10-03T02:01:56.447Z,TJX,stock,132.68,-0.6811887117299174,47.2114446486511,0.6960561380908362,0.16230979357063677,6936773
2026-10-03T02:01:56.447Z,ROST,stock,228.54,-2.375053395984623,52.182390108476156,2.4146575065069538,0.37331351815171615,2300201
2026-10-03T02:01:56.447Z,BKNG,stock,159.02,-0.7861242825056095,50.700911255936,1.8697304413837017,0.3217497387157364,7528897
2026-10-03T02:01:56.447Z,MAR,stock,358.96,1.1753431607429632,62.487550103243045,0.24177711828664497,0.6349942189469614,874280
2026-10-03T02:01:56.447Z,HLT,stock,319.36,1.2427085975145877,59.13557176442221,0.41317728259228603,0.3330230121531533,1109055
2026-10-03T02:01:56.447Z,CMG,stock,32.36,0.12376237623762112,64.60178783623203,0.3387779999003755,1.5534292560406489,15057494
2026-10-03T02:01:56.447Z,YUM,stock,136.12,-0.4170019752725095,27.24011200560028,1.2371503545084797,0.0000035871383189103082,1751563
2026-10-03T02:01:56.447Z,EL,stock,91.97,1.9736112651069977,61.15706995552641,0.5890930046413847,1.5681909446546622,2689636
2026-10-03T02:01:56.447Z,LULU,stock,94.46,-1.4604631754642246,46.56762505066698,1.5169690889215275,0.8218566960496135,6071834
2026-10-03T02:01:56.447Z,BTC-USD,crypto,84633.3,0.15024198895572424,48.761510457563,0.03705426868755238,0.23700692337358803,45800566784
2026-10-03T02:01:56.447Z,ETH-USD,crypto,2679.3,0.4158941273998222,60.99836491295566,0.10849116884506362,0.530553075872803,19705141248
2026-10-03T02:01:56.447Z,SOL-USD,crypto,119.12,0.4307037165582568,55.03897517181014,0.2929615946488065,0.5147226839708657,4726322688
2026-10-03T02:01:56.447Z,XRP-USD,crypto,1.4898,0.326853548383962,55.72542702958494,0.20096445170674107,0.4653028815462922,4469736960
2026-10-03T02:01:56.447Z,BNB-USD,crypto,769.04,0.11886055300751192,51.36279879203562,0.08834001052407355,0.13280649498856736,1651213184
2026-10-03T02:01:56.447Z,DOGE-USD,crypto,0.0932,0.25415827517669715,48.780199711064064,0.24617100434594077,0.4310357599773005,1400483328
2026-10-03T02:01:56.447Z,ADA-USD,crypto,0.24756,1.2984790620143891,62.03310394291827,0.12909347256633458,1.3053981439434992,808703296
2026-10-03T02:01:56.447Z,AVAX-USD,crypto,10.946,1.3120118412694524,63.85561549553896,9.06103857825353e-7,1.7097185898699772,644368512
2026-10-03T02:01:56.447Z,LINK-USD,crypto,13.953,1.1230507287230111,70.28549941962802,4.921131730824812e-7,1.2187171160500891,631969728
2026-10-03T02:01:56.447Z,DOT-USD,crypto,1.1661,0.9795212734174774,60.66361956847214,0.5373590688741812,1.0397763934813584,174502736
2026-10-03T02:01:56.447Z,LTC-USD,crypto,70.291,0.6607368994327684,22.587076639465394,1.4206788431961754,0.19385820407605298,496872864
2026-10-03T02:01:56.447Z,BCH-USD,crypto,313.33,0.6528962402691518,57.44164425171926,0.24514679673768475,0.5100435668935415,244146192
2026-10-03T07:54:32.608Z,AAPL,stock,333.69,1.0202228142407377,47.5403713061628,0.18542854839859646,0.8309655944601747,31878433
2026-10-03T07:54:32.608Z,MSFT,stock,517.53,0.9223868954758228,78.53875458497967,0.8323892821655781,0.6916726655825419,17179496
2026-10-03T07:54:32.608Z,NVDA,stock,233.95,1.3384735337433835,38.36649170924583,1.5651946806937749,0.07699693042280333,134470648
2026-10-03T07:54:32.608Z,TSLA,stock,370.59,4.653921097963899,43.42942081609701,0.9567879036960371,0.7750067551284137,54147498
2026-10-03T07:54:32.608Z,AMZN,stock,251.52,1.3253837167143458,89.36936023522254,0.6733166403078797,0.559733292077098,33047205
2026-10-03T07:54:32.608Z,META,stock,728.08,0.2961718071990538,52.61787215005832,1.0290252379304825,0.21196658397761714,12873427
2026-10-03T07:54:32.608Z,GOOGL,stock,343.5,1.5551087984862793,60.73745531576857,0.5500850984536494,0.5709302522983118,22734069
2026-10-03T07:54:32.608Z,AMD,stock,633.91,2.952592857258855,61.972848697175394,1.6522895617061069,0.7501704636562898,19323673
2026-10-03T07:54:32.608Z,NFLX,stock,67.06,-1.16433308769343,41.39239397978343,0.9903867155251531,0.43433184291422433,38312283
2026-10-03T07:54:32.608Z,JPM,stock,332.38,-0.24011045080737478,65.42540527671363,0.5222596333707459,0.599275466129689,6539384
2026-10-03T07:54:32.608Z,V,stock,360.66,0.22509378907878344,46.11250289699926,0.17990024161684445,1.0007416453793374,3987848
2026-10-03T07:54:32.608Z,XOM,stock,164.01,0.11598095470638367,36.252512068286826,0.3221060579546582,1.250115369952977,11164224
2026-10-03T07:54:32.608Z,SPY,stock,769.64,0.7395384756344948,59.25925925925925,0.35087404306339376,0.29777867993430485,45857487
2026-10-03T07:54:32.608Z,QQQ,stock,749.58,1.0174790776653329,58.343026706231456,0.6474822134339334,0.23937496158725424,34175024
2026-10-03T07:54:32.608Z,DIA,stock,511.1,0.48759388148323274,62.80958385876419,0.2517642053041541,0.45007025262756545,3710080
2026-10-03T07:54:32.608Z,IWM,stock,281.52,0.8959931187728479,48.99235295323616,0.6931532367139838,0.18326901949744637,29615280
2026-10-03T07:54:32.608Z,XLK,stock,199.81,1.0110712299681512,48.57614647005997,0.7697658947423928,0.21064276625569295,8927877
2026-10-03T07:54:32.608Z,XLF,stock,53.49,0.05611672278339158,48.89034960672029,0.3008337437669687,0.4507042253521164,30268795
2026-10-03T07:54:32.608Z,PLTR,stock,188.75,-0.6788044622184761,29.586672732999688,2.9812402779632894,0.0052953833554378535,17716878
2026-10-03T07:54:32.608Z,SOFI,stock,15.77,-0.4419191919191937,28.62384964858464,1.8973607991523451,0.2052367036466378,44191235
2026-10-03T07:54:32.608Z,COIN,stock,183,-3.322943631464944,65.73166056934019,8.56857078164798,1.0491407136664317,12808738
2026-10-03T07:54:32.608Z,HOOD,stock,112.74,1.4304993252361575,41.26041696585738,5.105004241906107,0.1663192345226916,29222290
2026-10-03T07:54:32.608Z,RIVN,stock,14.3,-3.1165311653116468,54.389060875417954,4.888592317070226,1.960787086984217,59672838
2026-10-03T07:54:32.608Z,LCID,stock,4.13,-1.4319809069212528,34.262705613968876,1.4319822530088848,0.7317096601279084,7667981
2026-10-03T07:54:32.608Z,F,stock,12.1,-1.3854930725346368,51.4092797970078,0.6568169390093217,0.9182759492061937,48917301
2026-10-03T07:54:32.608Z,GM,stock,78.27,-1.3113100491741347,36.59773948198429,1.1929513117185013,0.1535489082253607,9076899
2026-10-03T07:54:32.608Z,BAC,stock,53.75,0.03722315280104807,60.674118776573856,0.2690425021469395,0.7121996706502702,34897453
2026-10-03T07:54:32.608Z,WFC,stock,80.45,0.24922118380062658,56.321798761772804,0.21086918976722047,0.6568619683407618,10074371
2026-10-03T07:54:32.608Z,GS,stock,902.56,0.6568748815060153,49.60085785773859,0.8328404999713709,0.5489568811290002,1584186
2026-10-03T07:54:32.608Z,MS,stock,190.31,1.223339184085959,33.657888785149694,0.5850664569987958,0.7944507498554222,6252383
2026-10-03T07:54:32.608Z,PYPL,stock,52.8,-0.4900113079532701,50.67084376327739,1.0216537786704813,0.31843405520570633,9001061
2026-10-03T07:54:32.608Z,SHOP,stock,151.39,1.5426923334898268,44.975870452438144,0.9033214858066987,0.6381754776042706,5571811
2026-10-03T07:54:32.608Z,CRM,stock,234.69,-0.8449871139465123,55.736347549608716,1.65933123727715,0.5462402804194385,7840153
2026-10-03T07:54:32.608Z,ORCL,stock,142.3,3.063663359165654,59.48987087842229,1.7668824772117973,1.3966108830374837,30193711
2026-10-03T07:54:32.608Z,AVGO,stock,355.14,3.3465254335932957,44.02815883921641,0.5405123042065869,1.8643830537114214,24509128
2026-10-03T07:54:32.608Z,MU,stock,1074.89,-2.050319394198963,42.33477724269777,1.9090953244759,0.206956096818229,26523742
2026-10-03T07:54:32.608Z,INTC,stock,119.33,-0.5583333333333347,30.63806332128054,5.256051694040617,-0.0000015344462089237856,94956744
2026-10-03T07:54:32.608Z,TSM,stock,472.78,2.9573170731707283,54.89107640687834,0.3551360692350592,1.6053818917711022,9722477
2026-10-03T07:54:32.608Z,ASML,stock,1867.31,3.2524371160470853,67.09659103987478,0.24360640050229976,0.7844975992449009,1335151
2026-10-03T07:54:32.608Z,QCOM,stock,184.87,1.526717557251909,36.45926385065539,1.9725311045797056,0.1137205316398025,10092090
2026-10-03T07:54:32.608Z,ARM,stock,307.49,5.1823219538893195,49.12734806482709,3.1969618174064065,1.2114875141960644,5880656
2026-10-03T07:54:32.608Z,SMCI,stock,43.69,4.2223282442748,47.70620796658909,1.9854195127131948,2.043679554727738,42778087
2026-10-03T07:54:32.608Z,NOW,stock,134.38,-2.4535423925667796,40.77752690882373,2.9677271500772227,0.5010793900912447,8760611
2026-10-03T07:54:32.608Z,UBER,stock,68.11,0.3388332351208073,44.375143053330284,0.35113164517767087,1.1396867034481781,15498371
2026-10-03T07:54:32.608Z,ABNB,stock,162.43,1.2214121019505253,40.883991873277076,1.0538521098417102,0.7068056056303453,3362539
2026-10-03T07:54:32.608Z,DIS,stock,102.19,0.8487121286884431,38.157907945590516,0.34123470715641685,0.6798029556650224,6526004
2026-10-03T07:54:32.608Z,WMT,stock,104.26,0,60.79572055279083,0.7305700407768636,0.3658093537055163,22930196
2026-10-03T07:54:32.608Z,COST,stock,920.65,0.6240846394298994,76.05284080484374,0.03474279436936879,1.0964539335075227,2011685
2026-10-03T07:54:32.608Z,HD,stock,282.85,0.13807264745452213,35.42502087125514,1.3557339542057547,0.6225520663418125,4723854
2026-10-03T07:54:32.608Z,LOW,stock,180.8,-0.8663230617392171,30.81687842758079,1.9097261199795033,0.3608138359910992,2756482
2026-10-03T07:54:32.608Z,NKE,stock,33.87,-3.6415362731152237,57.810875345736704,0.044262423715909015,3.1835467258857895,141948809
2026-10-03T07:54:32.608Z,SBUX,stock,94.71,-0.17917369308600517,51.34069207040168,0.31575847751304725,0.3071402633749073,5946911
2026-10-03T07:54:32.608Z,MCD,stock,231.89,0.02588103351592712,48.727139559659086,0.3395189533472471,0.35704133030831453,6342621
2026-10-03T07:54:32.608Z,PEP,stock,125.89,0.2308917197452279,56.66663275790159,0.22192135452866235,0.48289605316394135,6071580
2026-10-03T07:54:32.608Z,KO,stock,85.65,-0.5226480836236802,50.86792656733354,0.6265256133080506,0.4868884691461393,19281489
2026-10-03T07:54:32.608Z,TGT,stock,156,-0.4467134652201587,68.48377905379019,0.5798849332316923,0.7198925220059655,4088123
2026-10-03T07:54:32.608Z,CVX,stock,206.69,-0.1979719942056961,36.45322048421892,0.2798302988880685,0.9129931690809642,6642588
2026-10-03T07:54:32.608Z,OXY,stock,58.08,0.41493775933609073,61.44108123328171,0.034420782523777824,2.0155466379371947,8872692
2026-10-03T07:54:32.608Z,SLB,stock,48.74,0.16440608302508306,32.352908177003854,1.1258711625126832,1.3727082857950812,11141176
2026-10-03T07:54:32.608Z,UNH,stock,371.9,1.8346111719605664,72.67311011893923,0.12890189497784116,1.9322992403854093,3292808
2026-10-03T07:54:32.608Z,LLY,stock,1142.85,-0.6087750576162109,36.47697823848912,1.8490428364749623,0.4818137375118449,2020098
2026-10-03T07:54:32.608Z,NVO,stock,37.32,-0.21390374331550346,60.869620689215225,0.7314834732647508,0.3762779406845924,10147743
2026-10-03T07:54:32.608Z,PFE,stock,27.8,-1.1379800853485074,77.01232926822985,1.0327458484928171,1.2381679783798647,34914894
2026-10-03T07:54:32.608Z,MRK,stock,144.3,0.34072734858494474,82.052084637536,0.006927835051538513,1.0362642486227427,9159620
2026-10-03T07:54:32.608Z,JNJ,stock,256.03,-1.0167787829583437,59.99989292043453,0.7366311517596845,0.32130138496181065,10176696
2026-10-03T07:54:32.608Z,ABBV,stock,262.82,1.111837802485279,54.40588390733728,0.4130209719162222,1.4376961198583016,5541012
2026-10-03T07:54:32.608Z,BA,stock,193.56,0.66569586020387,41.312296054583214,1.0429941910536722,1.4359042923239078,12577596
2026-10-03T07:54:32.608Z,CAT,stock,845.42,2.307738851576201,44.41246810312274,1.3541056659339386,0.765196662693678,2378887
2026-10-03T07:54:32.608Z,GE,stock,309.56,-0.9059188834469684,64.89358632133323,2.1017357446345244,0.40869680730489755,4148627
2026-10-03T07:54:32.608Z,LMT,stock,505.41,-0.017804154302665676,45.37362451181845,0.44419223443924055,1.2663054175565307,1060592
2026-10-03T07:54:32.608Z,RTX,stock,184.68,-0.1783687368250279,48.972126710073894,0.613606945623602,0.2007500658170373,3793732
2026-10-03T07:54:32.608Z,NOC,stock,478,-0.8298755186721992,27.96678516059319,0.7134914528467966,1.4797361609167803,2678739
2026-10-03T07:54:32.608Z,DE,stock,687,2.958367053322544,69.13170117295127,0.23235196669533173,2.5786540896918724,1063572
2026-10-03T07:54:32.608Z,BABA,stock,105.85,-1.4890646812470996,43.910109062454154,0.9636950597741858,0.6083080706173983,7768242
2026-10-03T07:54:32.608Z,PDD,stock,75.38,-1.4640522875817052,55.447585878332866,0.3604660813672899,0.6542937833423025,6223348
2026-10-03T07:54:32.608Z,SNOW,stock,341.04,-0.2777859001725163,70.59972846939378,0.3360713151177309,2.007003169691458,3301495
2026-10-03T07:54:32.608Z,DDOG,stock,277.22,0.2749041452651551,45.11265145844859,1.6078083407275856,0.6535424023345126,2068099
2026-10-03T07:54:32.608Z,PANW,stock,403.24,1.7640378548895923,61.704892060765786,1.2658856579788076,0.6075291896846411,4829505
2026-10-03T07:54:32.608Z,CRWD,stock,270.04,1.4844601450637174,67.46736675173412,0.8809287989646083,0.7424033940148049,5830129
2026-10-03T07:54:32.608Z,NET,stock,349.07,-0.5498575498575518,41.285930408472005,1.2313371141478688,1.071316250723241,2834127
2026-10-03T07:54:32.608Z,ROKU,stock,152.39,0.7470580457490384,52.458237471241375,0.0983304659332654,0.8070396545822658,1420321
2026-10-03T07:54:32.608Z,PINS,stock,19.26,-1.0277492291880745,50.704376699154324,1.0785789458680253,0.6532519969845334,8515739
2026-10-03T07:54:32.608Z,ADBE,stock,237.69,-1.4878978779840863,36.48215430647574,2.0763794406342706,0.2784462827921045,3103549
2026-10-03T07:54:32.608Z,AMAT,stock,540.04,2.0290950311732496,68.2172682180568,1.1865924018786196,0.8798279117170713,5699753
2026-10-03T07:54:32.608Z,LRCX,stock,347.49,2.1728903263745916,42.567479328334095,1.3303011160244236,0.2437684123842351,7429457
2026-10-03T07:54:32.608Z,KLAC,stock,206.89,3.274596915090088,57.862904466279865,0.8292566185785446,1.1835471046360175,7334998
2026-10-03T07:54:32.608Z,TXN,stock,293.8,4.439941701325942,43.24740700036307,0.9740815051484553,0.3586678052946239,4934069
2026-10-03T07:54:32.608Z,ADI,stock,417.15,3.1018289668808587,54.081690427929196,1.032028469750895,0.5023303690578107,2623345
2026-10-03T07:54:32.608Z,MRVL,stock,272.29,1.570426738287092,36.50658869196589,2.3630252321537535,0.08822356838843927,14725646
2026-10-03T07:54:32.608Z,CDNS,stock,351.35,0.17677415675876157,75.06588169329969,0.6980971321826257,2.54053357423558,2093620
2026-10-03T07:54:32.608Z,SNPS,stock,489.9,-0.13046846332613918,57.04726056043497,1.2288420603412487,1.202283421990947,3051798
2026-10-03T07:54:32.608Z,WDAY,stock,186.14,-0.3266398929049604,41.23717286546519,1.2257877344920531,0.3558358247055588,1425582
2026-10-03T07:54:32.608Z,TEAM,stock,187.89,-1.063661734505824,57.280064844066615,1.9312053909982214,0.5996657396362179,1701477
2026-10-03T07:54:32.608Z,ZS,stock,196.6,-1.0966898078277527,48.26229786408709,2.5260949151947436,0.699157110856719,1720683
2026-10-03T07:54:32.608Z,OKTA,stock,211.49,-0.5361425951182741,38.857828294910085,2.246362822467534,0.32732302573676025,2068431
2026-10-03T07:54:32.608Z,MDB,stock,357.96,1.771244989054093,54.54590048839113,0.6908065259271194,5.624079801352078,2682941
2026-10-03T07:54:32.608Z,FSLR,stock,174.61,1.4525594096798558,35.180863477246206,1.8410740691846659,0.20659971305596192,1895851
2026-10-03T07:54:32.608Z,ENPH,stock,33.47,1.9804996953077347,45.714275334149555,1.9768646909190353,0.9190378072011908,4664805
2026-10-03T07:54:32.608Z,NEE,stock,76.83,0.6286836935167047,50.623622284605375,1.0177824254416437,0.30680693981548585,18041737
2026-10-03T07:54:32.608Z,DUK,stock,114.13,0.34288728679444397,58.82310702617312,0.80827183932466,0.2107301884605786,3880387
2026-10-03T07:54:32.608Z,SO,stock,83.72,0.29950880555888343,54.14464471247233,0.6408760058626648,0.10162953500148146,7744995
2026-10-03T07:54:32.608Z,T,stock,24.3,0,36.58794477188386,0.7555671053295738,0.2888999549572911,24466804
2026-10-03T07:54:32.608Z,VZ,stock,45.92,-0.13049151805131617,37.03658352799337,0.9597792782426802,0.2806195651820806,19585521
2026-10-03T07:54:32.608Z,CMCSA,stock,21.57,-0.5990783410138203,50,1.2588662027852604,0.7708447001239055,20666526
2026-10-03T07:54:32.608Z,TMUS,stock,163.64,1.1809806467569386,34.34052114423689,0.4925490807379788,1.5262485643408115,3306030
2026-10-03T07:54:32.608Z,AXP,stock,302.78,0.2284087523585679,50,0.13852644792919214,0.9098524639550732,2610928
2026-10-03T07:54:32.608Z,MA,stock,552.26,0.4109090909090893,35.46393828418972,0.42371854341440923,1.1798747919395827,2452978
2026-10-03T07:54:32.608Z,BLK,stock,1059.63,-0.44439851178170836,23.070237708235197,2.510768303274152,0.08972930827711456,538424
2026-10-03T07:54:32.608Z,SCHW,stock,96.7,-1.6976720544881585,37.649054276315795,1.0589866515455242,0.2592048311748253,7581335
2026-10-03T07:54:32.608Z,C,stock,128.5,1.1811023622047243,54.273716059365135,0.09718172983479105,0.9823182711198428,7610602
2026-10-03T07:54:32.608Z,TFC,stock,46.45,0.3673292999135732,50.563565551572054,0.5033766014312673,0.47588245715356203,8580075
2026-10-03T07:54:32.608Z,USB,stock,57.51,0.2615062761506251,42.69634988941657,0.5275423920326535,0.5771243320443741,7520114
2026-10-03T07:54:32.608Z,CB,stock,330.89,-0.12375490492001961,46.86325666004452,0.33734216821223534,0.6846352395551732,1964566
2026-10-03T07:54:32.608Z,PGR,stock,210.31,-0.30811528251801557,71.76691111184189,0.7081807166249544,1.1348896784765083,2740287
2026-10-03T07:54:32.608Z,AMGN,stock,403.04,-1.0386230264934715,36.635478144043,0.9194156031565439,0.21757026008900246,3503505
2026-10-03T07:54:32.608Z,GILD,stock,144.74,-1.8711864406779597,66.25022649894618,1.7946158736758304,0.46504660354010446,4786436
2026-10-03T07:54:32.608Z,BMY,stock,61.15,0.5260562222587544,75.33327568931229,0.0817005920198178,1.342392849459362,9638721
2026-10-03T07:54:32.608Z,REGN,stock,735.2,0.053074944543501056,46.05568487472532,0.27941428238862864,0.7979372999294968,612910
2026-10-03T07:54:32.608Z,ISRG,stock,391.95,-2.3153225002492324,36.67674409704948,2.243451635487026,0.0025507880112934467,1826723
2026-10-03T07:54:32.608Z,TMO,stock,654.8,0.3509524758241197,54.871240027089975,0.7013667784182973,0.7384615384615315,1663049
2026-10-03T07:54:32.608Z,DHR,stock,214.06,1.0861352474499488,24.999863760960423,0.8246832691305717,0.20597551393591443,3894323
2026-10-03T07:54:32.608Z,ELV,stock,386.43,1.2471506799067233,51.020471715152304,0.32371579155679503,1.3666645933093657,889961
2026-10-03T07:54:32.608Z,CI,stock,270.53,0.9590983728914738,77.14333167247966,0.16974436361180312,1.6609728652602476,1910757
2026-10-03T07:54:32.608Z,CVS,stock,86.46,1.478873239436609,57.23251729796647,0.7689627849628929,1.2115854975329543,10446777
2026-10-03T07:54:32.608Z,MDT,stock,86.38,-0.06941230911615257,55.12355297707948,1.6733050650582897,0.793469166829131,34596650
2026-10-03T07:54:32.608Z,SYK,stock,275.43,0.90489449003518,53.43672607689497,0.5147138140109334,1.207081195297372,1945788
2026-10-03T07:54:32.608Z,HON,stock,213.99,0.08886810102899799,46.84990168232467,0.6407555130586345,0.6041222152199118,1792209
2026-10-03T07:54:32.608Z,UPS,stock,93.02,-0.9266162530620988,51.076465611420964,1.711749154793036,0.32268669535453937,4663083
2026-10-03T07:54:32.608Z,FDX,stock,290.36,1.1460619361131503,67.60003613043085,0.017218298777179994,1.0369528382472861,1459305
2026-10-03T07:54:32.608Z,DAL,stock,84.09,-0.04754546535123267,79.86564122520456,0.602835086666222,0.7427803644779385,8143457
2026-10-03T07:54:32.608Z,UAL,stock,112.51,0.6530685274646663,70.51286231293403,0.2924462500889059,0.8877361789224469,4017208
2026-10-03T07:54:32.608Z,AAL,stock,12.94,-1.4470677837014567,50,1.932547940294714,0.11605268118981275,71772533
2026-10-03T07:54:32.608Z,LUV,stock,42.47,1.505736137667293,73.5846204781989,0.2114693853076285,1.433009513784156,6171820
2026-10-03T07:54:32.608Z,CARR,stock,55.12,-0.18109380659181712,31.182883910186476,1.6241277871187867,0.2819973564665023,5689447
2026-10-03T07:54:32.608Z,ETN,stock,436.11,-0.26756311745333866,45.19524923519885,3.413984630941243,0.26554780687460605,2088721
2026-10-03T07:54:32.608Z,EMR,stock,161.61,1.9171343885981085,49.11519063405149,1.2375069971669956,0.7292430446210286,2888938
2026-10-03T07:54:32.608Z,MMM,stock,161.89,-0.6931664826401814,67.97736916548797,1.3827994709245612,0.41558043308761816,3019691
2026-10-03T07:54:32.608Z,WM,stock,204.45,1.2630014858840926,63.83986340762041,0.2050056754027208,1.6405698253283862,2366307
2026-10-03T07:54:32.608Z,LIN,stock,479.48,2.136542762807547,68.50165966087471,0.749328515375745,1.3699788583509553,2527281
2026-10-03T07:54:32.608Z,APD,stock,277.57,1.5512384297369515,41.72174053638918,0.773064740038895,1.1828989879055478,1012265
2026-10-03T07:54:32.608Z,FCX,stock,72.04,3.9838337182448105,63.690362660417975,1.2542002715229776,1.5859787133096233,11926686
2026-10-03T07:54:32.608Z,NEM,stock,115.56,0.7761402284817307,61.80540838384266,0.7813181172538405,1.4396083720283588,4015405
2026-10-03T07:54:32.608Z,EOG,stock,141.38,0.04953648007925354,50,0.141264181712154,0.8344577634322957,3592737
2026-10-03T07:54:32.608Z,COP,stock,126.75,-0.24397922241460906,38.311617537775575,0.2518294606065486,0.9638354911968128,5196222
2026-10-03T07:54:32.608Z,MPC,stock,422.33,0.518862311079378,41.2842623960579,0.48071144064371996,3.9824700592919564,2163484
2026-10-03T07:54:32.608Z,PSX,stock,264.58,0.13246035650757518,31.288100052422678,0.8957192611529217,3.2366296191200004,1987536
2026-10-03T07:54:32.608Z,HAL,stock,31.85,-0.09410288582182429,22.236890716977413,1.1790243488472598,0.759251455281037,8092378
2026-10-03T07:54:32.608Z,BKR,stock,56,0.6832074793239888,49.17521120314278,0.47983020360260087,1.0647900274546676,3969823
2026-10-03T07:54:32.608Z,WMB,stock,70.54,1.9069633054030735,70.45446663892356,0.014178669489876106,2.4322982475712935,8279976
2026-10-03T07:54:32.608Z,KMI,stock,31.07,1.7687520471667182,61.25210713616782,0.11252063253948374,2.0193731007539157,11618742
2026-10-03T07:54:32.608Z,PG,stock,144.91,0.666898228551586,68.8752237876547,0.18597099421557778,0.7228782359833776,6219527
2026-10-03T07:54:32.608Z,CL,stock,84.26,-0.31941322607357864,36.84221093420604,0.6192175967835634,0.23792820273025117,6600468
2026-10-03T07:54:32.608Z,KMB,stock,94.36,0.02119991520033498,42.857142857142854,0.9551765247518089,0.286963197596217,4442970
2026-10-03T07:54:32.608Z,PM,stock,187.46,0.47164755064851294,47.98531113235072,0.7938223224867712,0.468951552722907,3052459
2026-10-03T07:54:32.608Z,MO,stock,67.35,0.5974607916355361,64.48576806799383,0.09641906792940222,0.9366827128835437,6348286
2026-10-03T07:54:32.608Z,MDLZ,stock,58.19,0.7444598337950135,46.36352286756647,0.19723918115746045,0.7444627613614178,7771758
2026-10-03T07:54:32.608Z,GIS,stock,32.01,1.073571203031248,33.33311597274299,0.6209223537950083,1.3455783689931287,13642013
2026-10-03T07:54:32.608Z,KR,stock,59.03,-0.7565568258237991,57.630921144560546,0.7899159663865528,0.2547536161068352,4692484
2026-10-03T07:54:32.608Z,DG,stock,118.94,0.008408307407711178,38.333403975755516,0.2599580712788279,1.2470751605939654,1601129
2026-10-03T07:54:32.608Z,DLTR,stock,112.16,-1.9837455212793935,51.79156332476776,1.683031031063703,0.8497088461328408,1620651
2026-10-03T07:54:32.608Z,TJX,stock,132.68,-0.6811887117299174,47.2114446486511,0.6960561380908362,0.16230979357063677,6936773
2026-10-03T07:54:32.608Z,ROST,stock,228.54,-2.375053395984623,52.182390108476156,2.4146575065069538,0.37331351815171615,2300201
2026-10-03T07:54:32.608Z,BKNG,stock,159.02,-0.7861242825056095,50.700911255936,1.8697304413837017,0.3217497387157364,7528897
2026-10-03T07:54:32.608Z,MAR,stock,358.96,1.1753431607429632,62.487550103243045,0.24177711828664497,0.6349942189469614,874280
2026-10-03T07:54:32.608Z,HLT,stock,319.36,1.2427085975145877,59.13557176442221,0.41317728259228603,0.3330230121531533,1109055
2026-10-03T07:54:32.608Z,CMG,stock,32.36,0.12376237623762112,64.60178783623203,0.3387779999003755,1.5534292560406489,15057494
2026-10-03T07:54:32.608Z,YUM,stock,136.12,-0.4170019752725095,27.24011200560028,1.2371503545084797,0.0000035871383189103082,1751563
2026-10-03T07:54:32.608Z,EL,stock,91.97,1.9736112651069977,61.15706995552641,0.5890930046413847,1.5681909446546622,2689636
2026-10-03T07:54:32.608Z,LULU,stock,94.46,-1.4604631754642246,46.56762505066698,1.5169690889215275,0.8218566960496135,6071834
2026-10-03T07:54:32.608Z,BTC-USD,crypto,84554.03,0.0564383716742886,51.22940359036896,0.17847891036072205,0.14312203954161842,36791939072
2026-10-03T07:54:32.608Z,ETH-USD,crypto,2680.45,0.4589942946996666,60.42054574638845,0.07269245506780896,0.5737024566951138,16174097408
2026-10-03T07:54:32.608Z,SOL-USD,crypto,119.36,0.6330489893249919,43.03801135705181,0.29237247276702594,0.7172372360540801,3385216000
2026-10-03T07:54:32.608Z,XRP-USD,crypto,1.4811,-0.2590261843794515,27.18424128791824,0.7837618804019649,0.1081409007822667,3788693760
2026-10-03T07:54:32.608Z,BNB-USD,crypto,765.12,-0.39147172277500314,44.44429953832912,0.597616130308144,6.381760424127474e-7,1485697920
2026-10-03T07:54:32.608Z,DOGE-USD,crypto,0.09264,-0.3482272251891767,32.25821957315901,0.8455502343627516,0.0864296475149345,1176344832
2026-10-03T07:54:32.608Z,ADA-USD,crypto,0.2438,-0.24006626547460538,24.39022420365704,1.9031909385974835,0.04513973331757706,681485568
2026-10-03T07:54:32.608Z,AVAX-USD,crypto,10.868,0.5900735146095806,41.31732081570186,0.6853681886209707,0.9755687999005508,592745664
2026-10-03T07:54:32.608Z,LINK-USD,crypto,13.971,1.2535040300286144,25.631597430229917,0.9570391826552692,1.3492938313148328,566544704
2026-10-03T07:54:32.608Z,DOT-USD,crypto,1.1473,-0.6484823282806972,38.37821467004324,2.249295013695815,0.10469904050099194,160290544
2026-10-03T07:54:32.608Z,LTC-USD,crypto,69.235,-0.8515155676796747,41.11624280230326,2.8716895531385074,0.894766591967438,461582816
2026-10-03T07:54:32.608Z,BCH-USD,crypto,310.72,-0.18552988932934866,51.619439450941144,1.0760923393301922,0.598959080538277,208698448
2026-10-03T12:47:13.385Z,AAPL,stock,333.69,1.0202228142407377,47.5403713061628,0.18542854839859646,0.8309655944601747,31878433
2026-10-03T12:47:13.385Z,MSFT,stock,517.53,0.9223868954758228,78.53875458497967,0.8323892821655781,0.6916726655825419,17179496
2026-10-03T12:47:13.385Z,NVDA,stock,233.95,1.3384735337433835,38.36649170924583,1.5651946806937749,0.07699693042280333,134470648
2026-10-03T12:47:13.385Z,TSLA,stock,370.59,4.653921097963899,43.42942081609701,0.9567879036960371,0.7750067551284137,54147498
2026-10-03T12:47:13.385Z,AMZN,stock,251.52,1.3253837167143458,89.36936023522254,0.6733166403078797,0.559733292077098,33047205
2026-10-03T12:47:13.385Z,META,stock,728.08,0.2961718071990538,52.61787215005832,1.0290252379304825,0.21196658397761714,12873427
2026-10-03T12:47:13.385Z,GOOGL,stock,343.5,1.5551087984862793,60.73745531576857,0.5500850984536494,0.5709302522983118,22734069
2026-10-03T12:47:13.385Z,AMD,stock,633.91,2.952592857258855,61.972848697175394,1.6522895617061069,0.7501704636562898,19323673
2026-10-03T12:47:13.385Z,NFLX,stock,67.06,-1.16433308769343,41.39239397978343,0.9903867155251531,0.43433184291422433,38312283
2026-10-03T12:47:13.385Z,JPM,stock,332.38,-0.24011045080737478,65.42540527671363,0.5222596333707459,0.599275466129689,6539384
2026-10-03T12:47:13.385Z,V,stock,360.66,0.22509378907878344,46.11250289699926,0.17990024161684445,1.0007416453793374,3987848
2026-10-03T12:47:13.385Z,XOM,stock,164.01,0.11598095470638367,36.252512068286826,0.3221060579546582,1.250115369952977,11164224
2026-10-03T12:47:13.385Z,SPY,stock,769.64,0.7395384756344948,59.25925925925925,0.35087404306339376,0.29777867993430485,45857487
2026-10-03T12:47:13.385Z,QQQ,stock,749.58,1.0174790776653329,58.343026706231456,0.6474822134339334,0.23937496158725424,34175024
2026-10-03T12:47:13.385Z,DIA,stock,511.1,0.48759388148323274,62.80958385876419,0.2517642053041541,0.45007025262756545,3710080
2026-10-03T12:47:13.385Z,IWM,stock,281.52,0.8959931187728479,48.99235295323616,0.6931532367139838,0.18326901949744637,29615280
2026-10-03T12:47:13.385Z,XLK,stock,199.81,1.0110712299681512,48.57614647005997,0.7697658947423928,0.21064276625569295,8927877
2026-10-03T12:47:13.385Z,XLF,stock,53.49,0.05611672278339158,48.89034960672029,0.3008337437669687,0.4507042253521164,30268795
2026-10-03T12:47:13.385Z,PLTR,stock,188.75,-0.6788044622184761,29.586672732999688,2.9812402779632894,0.0052953833554378535,17716878
2026-10-03T12:47:13.385Z,SOFI,stock,15.77,-0.4419191919191937,28.62384964858464,1.8973607991523451,0.2052367036466378,44191235
2026-10-03T12:47:13.385Z,COIN,stock,183,-3.322943631464944,65.73166056934019,8.56857078164798,1.0491407136664317,12808738
2026-10-03T12:47:13.385Z,HOOD,stock,112.74,1.4304993252361575,41.26041696585738,5.105004241906107,0.1663192345226916,29222290
2026-10-03T12:47:13.385Z,RIVN,stock,14.3,-3.1165311653116468,54.389060875417954,4.888592317070226,1.960787086984217,59672838
2026-10-03T12:47:13.385Z,LCID,stock,4.13,-1.4319809069212528,34.262705613968876,1.4319822530088848,0.7317096601279084,7667981
2026-10-03T12:47:13.385Z,F,stock,12.1,-1.3854930725346368,51.4092797970078,0.6568169390093217,0.9182759492061937,48917301
2026-10-03T12:47:13.385Z,GM,stock,78.27,-1.3113100491741347,36.59773948198429,1.1929513117185013,0.1535489082253607,9076899
2026-10-03T12:47:13.385Z,BAC,stock,53.75,0.03722315280104807,60.674118776573856,0.2690425021469395,0.7121996706502702,34897453
2026-10-03T12:47:13.385Z,WFC,stock,80.45,0.24922118380062658,56.321798761772804,0.21086918976722047,0.6568619683407618,10074371
2026-10-03T12:47:13.385Z,GS,stock,902.56,0.6568748815060153,49.60085785773859,0.8328404999713709,0.5489568811290002,1584186
2026-10-03T12:47:13.385Z,MS,stock,190.31,1.223339184085959,33.657888785149694,0.5850664569987958,0.7944507498554222,6252383
2026-10-03T12:47:13.385Z,PYPL,stock,52.8,-0.4900113079532701,50.67084376327739,1.0216537786704813,0.31843405520570633,9001061
2026-10-03T12:47:13.385Z,SHOP,stock,151.39,1.5426923334898268,44.975870452438144,0.9033214858066987,0.6381754776042706,5571811
2026-10-03T12:47:13.385Z,CRM,stock,234.69,-0.8449871139465123,55.736347549608716,1.65933123727715,0.5462402804194385,7840153
2026-10-03T12:47:13.385Z,ORCL,stock,142.3,3.063663359165654,59.48987087842229,1.7668824772117973,1.3966108830374837,30193711
2026-10-03T12:47:13.385Z,AVGO,stock,355.14,3.3465254335932957,44.02815883921641,0.5405123042065869,1.8643830537114214,24509128
2026-10-03T12:47:13.385Z,MU,stock,1074.89,-2.050319394198963,42.33477724269777,1.9090953244759,0.206956096818229,26523742
2026-10-03T12:47:13.385Z,INTC,stock,119.33,-0.5583333333333347,30.63806332128054,5.256051694040617,-0.0000015344462089237856,94956744
2026-10-03T12:47:13.385Z,TSM,stock,472.78,2.9573170731707283,54.89107640687834,0.3551360692350592,1.6053818917711022,9722477
2026-10-03T12:47:13.385Z,ASML,stock,1867.31,3.2524371160470853,67.09659103987478,0.24360640050229976,0.7844975992449009,1335151
2026-10-03T12:47:13.385Z,QCOM,stock,184.87,1.526717557251909,36.45926385065539,1.9725311045797056,0.1137205316398025,10092090
2026-10-03T12:47:13.385Z,ARM,stock,307.49,5.1823219538893195,49.12734806482709,3.1969618174064065,1.2114875141960644,5880656
2026-10-03T12:47:13.385Z,SMCI,stock,43.69,4.2223282442748,47.70620796658909,1.9854195127131948,2.043679554727738,42778087
2026-10-03T12:47:13.385Z,NOW,stock,134.38,-2.4535423925667796,40.77752690882373,2.9677271500772227,0.5010793900912447,8760611
2026-10-03T12:47:13.385Z,UBER,stock,68.11,0.3388332351208073,44.375143053330284,0.35113164517767087,1.1396867034481781,15498371
2026-10-03T12:47:13.385Z,ABNB,stock,162.43,1.2214121019505253,40.883991873277076,1.0538521098417102,0.7068056056303453,3362539
2026-10-03T12:47:13.385Z,DIS,stock,102.19,0.8487121286884431,38.157907945590516,0.34123470715641685,0.6798029556650224,6526004
2026-10-03T12:47:13.385Z,WMT,stock,104.26,0,60.79572055279083,0.7305700407768636,0.3658093537055163,22930196
2026-10-03T12:47:13.385Z,COST,stock,920.65,0.6240846394298994,76.05284080484374,0.03474279436936879,1.0964539335075227,2011685
2026-10-03T12:47:13.385Z,HD,stock,282.85,0.13807264745452213,35.42502087125514,1.3557339542057547,0.6225520663418125,4723854
2026-10-03T12:47:13.385Z,LOW,stock,180.8,-0.8663230617392171,30.81687842758079,1.9097261199795033,0.3608138359910992,2756482
2026-10-03T12:47:13.385Z,NKE,stock,33.87,-3.6415362731152237,57.810875345736704,0.044262423715909015,3.1835467258857895,141948809
2026-10-03T12:47:13.385Z,SBUX,stock,94.71,-0.17917369308600517,51.34069207040168,0.31575847751304725,0.3071402633749073,5946911
2026-10-03T12:47:13.385Z,MCD,stock,231.89,0.02588103351592712,48.727139559659086,0.3395189533472471,0.35704133030831453,6342621
2026-10-03T12:47:13.385Z,PEP,stock,125.89,0.2308917197452279,56.66663275790159,0.22192135452866235,0.48289605316394135,6071580
2026-10-03T12:47:13.385Z,KO,stock,85.65,-0.5226480836236802,50.86792656733354,0.6265256133080506,0.4868884691461393,19281489
2026-10-03T12:47:13.385Z,TGT,stock,156,-0.4467134652201587,68.48377905379019,0.5798849332316923,0.7198925220059655,4088123
2026-10-03T12:47:13.385Z,CVX,stock,206.69,-0.1979719942056961,36.45322048421892,0.2798302988880685,0.9129931690809642,6642588
2026-10-03T12:47:13.385Z,OXY,stock,58.08,0.41493775933609073,61.44108123328171,0.034420782523777824,2.0155466379371947,8872692
2026-10-03T12:47:13.385Z,SLB,stock,48.74,0.16440608302508306,32.352908177003854,1.1258711625126832,1.3727082857950812,11141176
2026-10-03T12:47:13.385Z,UNH,stock,371.9,1.8346111719605664,72.67311011893923,0.12890189497784116,1.9322992403854093,3292808
2026-10-03T12:47:13.385Z,LLY,stock,1142.85,-0.6087750576162109,36.47697823848912,1.8490428364749623,0.4818137375118449,2020098
2026-10-03T12:47:13.385Z,NVO,stock,37.32,-0.21390374331550346,60.869620689215225,0.7314834732647508,0.3762779406845924,10147743
2026-10-03T12:47:13.385Z,PFE,stock,27.8,-1.1379800853485074,77.01232926822985,1.0327458484928171,1.2381679783798647,34914894
2026-10-03T12:47:13.385Z,MRK,stock,144.3,0.34072734858494474,82.052084637536,0.006927835051538513,1.0362642486227427,9159620
2026-10-03T12:47:13.385Z,JNJ,stock,256.03,-1.0167787829583437,59.99989292043453,0.7366311517596845,0.32130138496181065,10176696
2026-10-03T12:47:13.385Z,ABBV,stock,262.82,1.111837802485279,54.40588390733728,0.4130209719162222,1.4376961198583016,5541012
2026-10-03T12:47:13.385Z,BA,stock,193.56,0.66569586020387,41.312296054583214,1.0429941910536722,1.4359042923239078,12577596
2026-10-03T12:47:13.385Z,CAT,stock,845.42,2.307738851576201,44.41246810312274,1.3541056659339386,0.765196662693678,2378887
2026-10-03T12:47:13.385Z,GE,stock,309.56,-0.9059188834469684,64.89358632133323,2.1017357446345244,0.40869680730489755,4148627
2026-10-03T12:47:13.385Z,LMT,stock,505.41,-0.017804154302665676,45.37362451181845,0.44419223443924055,1.2663054175565307,1060592
2026-10-03T12:47:13.385Z,RTX,stock,184.68,-0.1783687368250279,48.972126710073894,0.613606945623602,0.2007500658170373,3793732
2026-10-03T12:47:13.385Z,NOC,stock,478,-0.8298755186721992,27.96678516059319,0.7134914528467966,1.4797361609167803,2678739
2026-10-03T12:47:13.385Z,DE,stock,687,2.958367053322544,69.13170117295127,0.23235196669533173,2.5786540896918724,1063572
2026-10-03T12:47:13.385Z,BABA,stock,105.85,-1.4890646812470996,43.910109062454154,0.9636950597741858,0.6083080706173983,7768242
2026-10-03T12:47:13.385Z,PDD,stock,75.38,-1.4640522875817052,55.447585878332866,0.3604660813672899,0.6542937833423025,6223348
2026-10-03T12:47:13.385Z,SNOW,stock,341.04,-0.2777859001725163,70.59972846939378,0.3360713151177309,2.007003169691458,3301495
2026-10-03T12:47:13.385Z,DDOG,stock,277.22,0.2749041452651551,45.11265145844859,1.6078083407275856,0.6535424023345126,2068099
2026-10-03T12:47:13.385Z,PANW,stock,403.24,1.7640378548895923,61.704892060765786,1.2658856579788076,0.6075291896846411,4829505
2026-10-03T12:47:13.385Z,CRWD,stock,270.04,1.4844601450637174,67.46736675173412,0.8809287989646083,0.7424033940148049,5830129
2026-10-03T12:47:13.385Z,NET,stock,349.07,-0.5498575498575518,41.285930408472005,1.2313371141478688,1.071316250723241,2834127
2026-10-03T12:47:13.385Z,ROKU,stock,152.39,0.7470580457490384,52.458237471241375,0.0983304659332654,0.8070396545822658,1420321
2026-10-03T12:47:13.385Z,PINS,stock,19.26,-1.0277492291880745,50.704376699154324,1.0785789458680253,0.6532519969845334,8515739
2026-10-03T12:47:13.385Z,ADBE,stock,237.69,-1.4878978779840863,36.48215430647574,2.0763794406342706,0.2784462827921045,3103549
2026-10-03T12:47:13.385Z,AMAT,stock,540.04,2.0290950311732496,68.2172682180568,1.1865924018786196,0.8798279117170713,5699753
2026-10-03T12:47:13.385Z,LRCX,stock,347.49,2.1728903263745916,42.567479328334095,1.3303011160244236,0.2437684123842351,7429457
2026-10-03T12:47:13.385Z,KLAC,stock,206.89,3.274596915090088,57.862904466279865,0.8292566185785446,1.1835471046360175,7334998
2026-10-03T12:47:13.385Z,TXN,stock,293.8,4.439941701325942,43.24740700036307,0.9740815051484553,0.3586678052946239,4934069
2026-10-03T12:47:13.385Z,ADI,stock,417.15,3.1018289668808587,54.081690427929196,1.032028469750895,0.5023303690578107,2623345
2026-10-03T12:47:13.385Z,MRVL,stock,272.29,1.570426738287092,36.50658869196589,2.3630252321537535,0.08822356838843927,14725646
2026-10-03T12:47:13.385Z,CDNS,stock,351.35,0.17677415675876157,75.06588169329969,0.6980971321826257,2.54053357423558,2093620
2026-10-03T12:47:13.385Z,SNPS,stock,489.9,-0.13046846332613918,57.04726056043497,1.2288420603412487,1.202283421990947,3051798
2026-10-03T12:47:13.385Z,WDAY,stock,186.14,-0.3266398929049604,41.23717286546519,1.2257877344920531,0.3558358247055588,1425582
2026-10-03T12:47:13.385Z,TEAM,stock,187.89,-1.063661734505824,57.280064844066615,1.9312053909982214,0.5996657396362179,1701477
2026-10-03T12:47:13.385Z,ZS,stock,196.6,-1.0966898078277527,48.26229786408709,2.5260949151947436,0.699157110856719,1720683
2026-10-03T12:47:13.385Z,OKTA,stock,211.49,-0.5361425951182741,38.857828294910085,2.246362822467534,0.32732302573676025,2068431
2026-10-03T12:47:13.385Z,MDB,stock,357.96,1.771244989054093,54.54590048839113,0.6908065259271194,5.624079801352078,2682941
2026-10-03T12:47:13.385Z,FSLR,stock,174.61,1.4525594096798558,35.180863477246206,1.8410740691846659,0.20659971305596192,1895851
2026-10-03T12:47:13.385Z,ENPH,stock,33.47,1.9804996953077347,45.714275334149555,1.9768646909190353,0.9190378072011908,4664805
2026-10-03T12:47:13.385Z,NEE,stock,76.83,0.6286836935167047,50.623622284605375,1.0177824254416437,0.30680693981548585,18041737
2026-10-03T12:47:13.385Z,DUK,stock,114.13,0.34288728679444397,58.82310702617312,0.80827183932466,0.2107301884605786,3880387
2026-10-03T12:47:13.385Z,SO,stock,83.72,0.29950880555888343,54.14464471247233,0.6408760058626648,0.10162953500148146,7744995
2026-10-03T12:47:13.385Z,T,stock,24.3,0,36.58794477188386,0.7555671053295738,0.2888999549572911,24466804
2026-10-03T12:47:13.385Z,VZ,stock,45.92,-0.13049151805131617,37.03658352799337,0.9597792782426802,0.2806195651820806,19585521
2026-10-03T12:47:13.385Z,CMCSA,stock,21.57,-0.5990783410138203,50,1.2588662027852604,0.7708447001239055,20666526
2026-10-03T12:47:13.385Z,TMUS,stock,163.64,1.1809806467569386,34.34052114423689,0.4925490807379788,1.5262485643408115,3306030
2026-10-03T12:47:13.385Z,AXP,stock,302.78,0.2284087523585679,50,0.13852644792919214,0.9098524639550732,2610928
2026-10-03T12:47:13.385Z,MA,stock,552.26,0.4109090909090893,35.46393828418972,0.42371854341440923,1.1798747919395827,2452978
2026-10-03T12:47:13.385Z,BLK,stock,1059.63,-0.44439851178170836,23.070237708235197,2.510768303274152,0.08972930827711456,538424
2026-10-03T12:47:13.385Z,SCHW,stock,96.7,-1.6976720544881585,37.649054276315795,1.0589866515455242,0.2592048311748253,7581335
2026-10-03T12:47:13.385Z,C,stock,128.5,1.1811023622047243,54.273716059365135,0.09718172983479105,0.9823182711198428,7610602
2026-10-03T12:47:13.385Z,TFC,stock,46.45,0.3673292999135732,50.563565551572054,0.5033766014312673,0.47588245715356203,8580075
2026-10-03T12:47:13.385Z,USB,stock,57.51,0.2615062761506251,42.69634988941657,0.5275423920326535,0.5771243320443741,7520114
2026-10-03T12:47:13.385Z,CB,stock,330.89,-0.12375490492001961,46.86325666004452,0.33734216821223534,0.6846352395551732,1964566
2026-10-03T12:47:13.385Z,PGR,stock,210.31,-0.30811528251801557,71.76691111184189,0.6636262722024149,1.1348896784765083,2740287
2026-10-03T12:47:13.385Z,AMGN,stock,403.04,-1.0386230264934715,36.635478144043,0.9194156031565439,0.21757026008900246,3503505
2026-10-03T12:47:13.385Z,GILD,stock,144.74,-1.8711864406779597,66.25022649894618,1.7946158736758304,0.46504660354010446,4786436
2026-10-03T12:47:13.385Z,BMY,stock,61.15,0.5260562222587544,75.33327568931229,0.0817005920198178,1.342392849459362,9638721
2026-10-03T12:47:13.385Z,REGN,stock,735.2,0.053074944543501056,46.05568487472532,0.27941428238862864,0.7979372999294968,612910
2026-10-03T12:47:13.385Z,ISRG,stock,391.95,-2.3153225002492324,36.67674409704948,2.243451635487026,0.0025507880112934467,1826723
2026-10-03T12:47:13.385Z,TMO,stock,654.8,0.3509524758241197,54.871240027089975,0.7013667784182973,0.7384615384615315,1663049
2026-10-03T12:47:13.385Z,DHR,stock,214.06,1.0861352474499488,24.999863760960423,0.8246832691305717,0.20597551393591443,3894323
2026-10-03T12:47:13.385Z,ELV,stock,386.43,1.2471506799067233,51.020471715152304,0.32371579155679503,1.3666645933093657,889961
2026-10-03T12:47:13.385Z,CI,stock,270.53,0.9590983728914738,77.14333167247966,0.16974436361180312,1.6609728652602476,1910757
2026-10-03T12:47:13.385Z,CVS,stock,86.46,1.478873239436609,57.23251729796647,0.7689627849628929,1.2115854975329543,10446777
2026-10-03T12:47:13.385Z,MDT,stock,86.38,-0.06941230911615257,55.12355297707948,1.6733050650582897,0.793469166829131,34596650
2026-10-03T12:47:13.385Z,SYK,stock,275.43,0.90489449003518,53.43672607689497,0.5147138140109334,1.207081195297372,1945788
2026-10-03T12:47:13.385Z,HON,stock,213.99,0.08886810102899799,46.84990168232467,0.6407555130586345,0.6041222152199118,1792209
2026-10-03T12:47:13.385Z,UPS,stock,93.02,-0.9266162530620988,51.076465611420964,1.711749154793036,0.32268669535453937,4663083
2026-10-03T12:47:13.385Z,FDX,stock,290.36,1.1460619361131503,67.60003613043085,0.017218298777179994,1.0369528382472861,1459305
2026-10-03T12:47:13.385Z,DAL,stock,84.09,-0.04754546535123267,79.86564122520456,0.602835086666222,0.7427803644779385,8143457
2026-10-03T12:47:13.385Z,UAL,stock,112.51,0.6530685274646663,70.51286231293403,0.2924462500889059,0.8877361789224469,4017208
2026-10-03T12:47:13.385Z,AAL,stock,12.94,-1.4470677837014567,50,1.932547940294714,0.11605268118981275,71772533
2026-10-03T12:47:13.385Z,LUV,stock,42.47,1.505736137667293,73.5846204781989,0.2114693853076285,1.433009513784156,6171820
2026-10-03T12:47:13.385Z,CARR,stock,55.12,-0.18109380659181712,31.182883910186476,1.6241277871187867,0.2819973564665023,5689447
2026-10-03T12:47:13.385Z,ETN,stock,436.11,-0.26756311745333866,45.19524923519885,3.413984630941243,0.26554780687460605,2088721
2026-10-03T12:47:13.385Z,EMR,stock,161.61,1.9171343885981085,49.11519063405149,1.2375069971669956,0.7292430446210286,2888938
2026-10-03T12:47:13.385Z,MMM,stock,161.89,-0.6931664826401814,67.97736916548797,1.3827994709245612,0.41558043308761816,3019691
2026-10-03T12:47:13.385Z,WM,stock,204.45,1.2630014858840926,63.83986340762041,0.2050056754027208,1.6405698253283862,2366307
2026-10-03T12:47:13.385Z,LIN,stock,479.48,2.136542762807547,68.50165966087471,0.749328515375745,1.3699788583509553,2527281
2026-10-03T12:47:13.385Z,APD,stock,277.57,1.5512384297369515,41.72174053638918,0.773064740038895,1.1828989879055478,1012265
2026-10-03T12:47:13.385Z,FCX,stock,72.04,3.9838337182448105,63.690362660417975,1.2542002715229776,1.5859787133096233,11926686
2026-10-03T12:47:13.385Z,NEM,stock,115.56,0.7761402284817307,61.80540838384266,0.7813181172538405,1.4396083720283588,4015405
2026-10-03T12:47:13.385Z,EOG,stock,141.38,0.04953648007925354,50,0.141264181712154,0.8344577634322957,3592737
2026-10-03T12:47:13.385Z,COP,stock,126.75,-0.24397922241460906,38.311617537775575,0.2518294606065486,0.9638354911968128,5196222
2026-10-03T12:47:13.385Z,MPC,stock,422.33,0.518862311079378,41.2842623960579,0.48071144064371996,3.9824700592919564,2163484
2026-10-03T12:47:13.385Z,PSX,stock,264.58,0.13246035650757518,31.288100052422678,0.8957192611529217,3.2366296191200004,1987536
2026-10-03T12:47:13.385Z,HAL,stock,31.85,-0.09410288582182429,22.236890716977413,1.1790243488472598,0.759251455281037,8092378
2026-10-03T12:47:13.385Z,BKR,stock,56,0.6832074793239888,49.17521120314278,0.47983020360260087,1.0647900274546676,3969823
2026-10-03T12:47:13.385Z,WMB,stock,70.54,1.9069633054030735,70.45446663892356,0.014178669489876106,2.4322982475712935,8279976
2026-10-03T12:47:13.385Z,KMI,stock,31.07,1.7687520471667182,61.25210713616782,0.11252063253948374,2.0193731007539157,11618742
2026-10-03T12:47:13.385Z,PG,stock,144.91,0.666898228551586,68.8752237876547,0.18597099421557778,0.7228782359833776,6219527
2026-10-03T12:47:13.385Z,CL,stock,84.26,-0.31941322607357864,36.84221093420604,0.6192175967835634,0.23792820273025117,6600468
2026-10-03T12:47:13.385Z,KMB,stock,94.36,0.02119991520033498,42.857142857142854,0.9551765247518089,0.286963197596217,4442970
2026-10-03T12:47:13.385Z,PM,stock,187.46,0.47164755064851294,47.98531113235072,0.7938223224867712,0.468951552722907,3052459
2026-10-03T12:47:13.385Z,MO,stock,67.35,0.5974607916355361,64.48576806799383,0.09641906792940222,0.9366827128835437,6348286
2026-10-03T12:47:13.385Z,MDLZ,stock,58.19,0.7444598337950135,46.36352286756647,0.19723918115746045,0.7444627613614178,7771758
2026-10-03T12:47:13.385Z,GIS,stock,32.01,1.073571203031248,33.33311597274299,0.6209223537950083,1.3455783689931287,13642013
2026-10-03T12:47:13.385Z,KR,stock,59.03,-0.7565568258237991,57.630921144560546,0.7899159663865528,0.2547536161068352,4692484
2026-10-03T12:47:13.385Z,DG,stock,118.94,0.008408307407711178,38.333403975755516,0.2599580712788279,1.2470751605939654,1601129
2026-10-03T12:47:13.385Z,DLTR,stock,112.16,-1.9837455212793935,51.79156332476776,1.683031031063703,0.8497088461328408,1620651
2026-10-03T12:47:13.385Z,TJX,stock,132.68,-0.6811887117299174,47.2114446486511,0.6960561380908362,0.16230979357063677,6936773
2026-10-03T12:47:13.385Z,ROST,stock,228.54,-2.375053395984623,52.182390108476156,2.4146575065069538,0.37331351815171615,2300201
2026-10-03T12:47:13.385Z,BKNG,stock,159.02,-0.7861242825056095,50.700911255936,1.8697304413837017,0.3217497387157364,7528897
2026-10-03T12:47:13.385Z,MAR,stock,358.96,1.1753431607429632,62.487550103243045,0.24177711828664497,0.6349942189469614,874280
2026-10-03T12:47:13.385Z,HLT,stock,319.36,1.2427085975145877,59.13557176442221,0.41317728259228603,0.3330230121531533,1109055
2026-10-03T12:47:13.385Z,CMG,stock,32.36,0.12376237623762112,64.60178783623203,0.3387779999003755,1.5534292560406489,15057494
2026-10-03T12:47:13.385Z,YUM,stock,136.12,-0.4170019752725095,27.24011200560028,1.2371503545084797,0.0000035871383189103082,1751563
2026-10-03T12:47:13.385Z,EL,stock,91.97,1.9736112651069977,61.15706995552641,0.5890930046413847,1.5681909446546622,2689636
2026-10-03T12:47:13.385Z,LULU,stock,94.46,-1.4604631754642246,46.56762505066698,1.5169690889215275,0.8218566960496135,6071834
2026-10-03T12:47:13.385Z,BTC-USD,crypto,84807.91,0.356865549111025,70.01921210560717,0.07404199915753838,0.44380949138039294,29873569792
2026-10-03T12:47:13.385Z,ETH-USD,crypto,2681.1,0.48335525882567676,36.50907883082374,0.18093944095144976,0.5980912371599092,13033260032
2026-10-03T12:47:13.385Z,SOL-USD,crypto,119.34,0.6161868832611002,50.458471574762356,0.30907951491300667,0.7003610233804819,2805637376
2026-10-03T12:47:13.385Z,XRP-USD,crypto,1.4832,-0.11760693854000633,35.22710339876187,0.6430866389927724,0.27041606636908366,3012057088
2026-10-03T12:47:13.385Z,BNB-USD,crypto,771.1,0.3870453714034359,64.23685454494898,0.029820839944951227,0.8131988125562898,1331087232
2026-10-03T12:47:13.385Z,DOGE-USD,crypto,0.09259,-0.40201164486469476,38.63620969926849,0.8990662370428176,0.17310073292656553,1003449728
2026-10-03T12:47:13.385Z,ADA-USD,crypto,0.24428,-0.04365622366749704,34.22593177342959,1.7100553013970157,0.5226124886827873,578866496
2026-10-03T12:47:13.385Z,AVAX-USD,crypto,11.091,2.6540766792910153,45.0234803321145,0.8404149851602887,3.057051788803935,567487168
2026-10-03T12:47:13.385Z,LINK-USD,crypto,13.837,0.2823516758647129,19.736734783508894,1.906989561978455,0.3772227287884409,496125408
2026-10-03T12:47:13.385Z,DOT-USD,crypto,1.1835,2.4862905643509072,37.577929482148406,1.3667831206644567,3.2632365679708233,166522288
2026-10-03T12:47:13.385Z,LTC-USD,crypto,69.514,-0.45197159199372106,56.73926563587215,2.5103792677005456,1.3190672142652233,474799808
2026-10-03T12:47:13.385Z,BCH-USD,crypto,311.31,0.003999389009004787,42.46886043900564,0.8882540749127336,0.7899779588129778,183883744
2026-10-03T16:46:15.288Z,AAPL,stock,333.69,1.0202228142407377,47.5403713061628,0.18542854839859646,0.8309655944601747,31878433
2026-10-03T16:46:15.288Z,MSFT,stock,517.53,0.9223868954758228,78.53875458497967,0.8323892821655781,0.6916726655825419,17179496
2026-10-03T16:46:15.288Z,NVDA,stock,233.95,1.3384735337433835,38.36649170924583,1.5651946806937749,0.07699693042280333,134470648
2026-10-03T16:46:15.288Z,TSLA,stock,370.59,4.653921097963899,43.42942081609701,0.9567879036960371,0.7750067551284137,54147498
2026-10-03T16:46:15.288Z,AMZN,stock,251.52,1.3253837167143458,89.36936023522254,0.6733166403078797,0.559733292077098,33047205
2026-10-03T16:46:15.288Z,META,stock,728.08,0.2961718071990538,52.61787215005832,1.0290252379304825,0.21196658397761714,12873427
2026-10-03T16:46:15.288Z,GOOGL,stock,343.5,1.5551087984862793,60.73745531576857,0.5500850984536494,0.5709302522983118,22734069
2026-10-03T16:46:15.288Z,AMD,stock,633.91,2.952592857258855,61.972848697175394,1.6522895617061069,0.7501704636562898,19323673
2026-10-03T16:46:15.288Z,NFLX,stock,67.06,-1.16433308769343,41.39239397978343,0.9903867155251531,0.43433184291422433,38312283
2026-10-03T16:46:15.288Z,JPM,stock,332.38,-0.24011045080737478,65.42540527671363,0.5222596333707459,0.599275466129689,6539384
2026-10-03T16:46:15.288Z,V,stock,360.66,0.22509378907878344,46.11250289699926,0.17990024161684445,1.0007416453793374,3987848
2026-10-03T16:46:15.288Z,XOM,stock,164.01,0.11598095470638367,36.252512068286826,0.3221060579546582,1.250115369952977,11164224
2026-10-03T16:46:15.288Z,SPY,stock,769.64,0.7395384756344948,59.25925925925925,0.35087404306339376,0.29777867993430485,45857487
2026-10-03T16:46:15.288Z,QQQ,stock,749.58,1.0174790776653329,58.343026706231456,0.6474822134339334,0.23937496158725424,34175024
2026-10-03T16:46:15.288Z,DIA,stock,511.1,0.48759388148323274,62.80958385876419,0.2517642053041541,0.45007025262756545,3710080
2026-10-03T16:46:15.288Z,IWM,stock,281.52,0.8959931187728479,48.99235295323616,0.6931532367139838,0.18326901949744637,29615280
2026-10-03T16:46:15.288Z,XLK,stock,199.81,1.0110712299681512,48.57614647005997,0.7697658947423928,0.21064276625569295,8927877
2026-10-03T16:46:15.288Z,XLF,stock,53.49,0.05611672278339158,48.89034960672029,0.3008337437669687,0.4507042253521164,30268795
2026-10-03T16:46:15.288Z,PLTR,stock,188.75,-0.6788044622184761,29.586672732999688,2.9812402779632894,0.0052953833554378535,17716878
2026-10-03T16:46:15.288Z,SOFI,stock,15.77,-0.4419191919191937,28.62384964858464,1.8973607991523451,0.2052367036466378,44191235
2026-10-03T16:46:15.288Z,COIN,stock,183,-3.322943631464944,65.73166056934019,8.56857078164798,1.0491407136664317,12808738
2026-10-03T16:46:15.288Z,HOOD,stock,112.74,1.4304993252361575,41.26041696585738,5.105004241906107,0.1663192345226916,29222290
2026-10-03T16:46:15.288Z,RIVN,stock,14.3,-3.1165311653116468,54.389060875417954,4.888592317070226,1.960787086984217,59672838
2026-10-03T16:46:15.288Z,LCID,stock,4.13,-1.4319809069212528,34.262705613968876,1.4319822530088848,0.7317096601279084,7667981
2026-10-03T16:46:15.288Z,F,stock,12.1,-1.3854930725346368,51.4092797970078,0.6568169390093217,0.9182759492061937,48917301
2026-10-03T16:46:15.288Z,GM,stock,78.27,-1.3113100491741347,36.59773948198429,1.1929513117185013,0.1535489082253607,9076899
2026-10-03T16:46:15.288Z,BAC,stock,53.75,0.03722315280104807,60.674118776573856,0.2690425021469395,0.7121996706502702,34897453
2026-10-03T16:46:15.288Z,WFC,stock,80.45,0.24922118380062658,56.321798761772804,0.21086918976722047,0.6568619683407618,10074371
2026-10-03T16:46:15.288Z,GS,stock,902.56,0.6568748815060153,49.60085785773859,0.8328404999713709,0.5489568811290002,1584186
2026-10-03T16:46:15.288Z,MS,stock,190.31,1.223339184085959,33.657888785149694,0.5850664569987958,0.7944507498554222,6252383
2026-10-03T16:46:15.288Z,PYPL,stock,52.8,-0.4900113079532701,50.67084376327739,1.0216537786704813,0.31843405520570633,9001061
2026-10-03T16:46:15.288Z,SHOP,stock,151.39,1.5426923334898268,44.975870452438144,0.9033214858066987,0.6381754776042706,5571811
2026-10-03T16:46:15.288Z,CRM,stock,234.69,-0.8449871139465123,55.736347549608716,1.65933123727715,0.5462402804194385,7840153
2026-10-03T16:46:15.288Z,ORCL,stock,142.3,3.063663359165654,59.48987087842229,1.7668824772117973,1.3966108830374837,30193711
2026-10-03T16:46:15.288Z,AVGO,stock,355.14,3.3465254335932957,44.02815883921641,0.5405123042065869,1.8643830537114214,24509128
2026-10-03T16:46:15.288Z,MU,stock,1074.89,-2.050319394198963,42.33477724269777,1.9090953244759,0.206956096818229,26523742
2026-10-03T16:46:15.288Z,INTC,stock,119.33,-0.5583333333333347,30.63806332128054,5.256051694040617,-0.0000015344462089237856,94956744
2026-10-03T16:46:15.288Z,TSM,stock,472.78,2.9573170731707283,54.89107640687834,0.3551360692350592,1.6053818917711022,9722477
2026-10-03T16:46:15.288Z,ASML,stock,1867.31,3.2524371160470853,67.09659103987478,0.24360640050229976,0.7844975992449009,1335151
2026-10-03T16:46:15.288Z,QCOM,stock,184.87,1.526717557251909,36.45926385065539,1.9725311045797056,0.1137205316398025,10092090
2026-10-03T16:46:15.288Z,ARM,stock,307.49,5.1823219538893195,49.12734806482709,3.1969618174064065,1.2114875141960644,5880656
2026-10-03T16:46:15.288Z,SMCI,stock,43.69,4.2223282442748,47.70620796658909,1.9854195127131948,2.043679554727738,42778087
2026-10-03T16:46:15.288Z,NOW,stock,134.38,-2.4535423925667796,40.77752690882373,2.9677271500772227,0.5010793900912447,8760611
2026-10-03T16:46:15.288Z,UBER,stock,68.11,0.3388332351208073,44.375143053330284,0.35113164517767087,1.1396867034481781,15498371
2026-10-03T16:46:15.288Z,ABNB,stock,162.43,1.2214121019505253,40.883991873277076,1.0538521098417102,0.7068056056303453,3362539
2026-10-03T16:46:15.288Z,DIS,stock,102.19,0.8487121286884431,38.157907945590516,0.34123470715641685,0.6798029556650224,6526004
2026-10-03T16:46:15.288Z,WMT,stock,104.26,0,60.79572055279083,0.7305700407768636,0.3658093537055163,22930196
2026-10-03T16:46:15.288Z,COST,stock,920.65,0.6240846394298994,76.05284080484374,0.03474279436936879,1.0964539335075227,2011685
2026-10-03T16:46:15.288Z,HD,stock,282.85,0.13807264745452213,35.42502087125514,1.3557339542057547,0.6225520663418125,4723854
2026-10-03T16:46:15.288Z,LOW,stock,180.8,-0.8663230617392171,30.81687842758079,1.9097261199795033,0.3608138359910992,2756482
2026-10-03T16:46:15.288Z,NKE,stock,33.87,-3.6415362731152237,57.810875345736704,0.044262423715909015,3.1835467258857895,141948809
2026-10-03T16:46:15.288Z,SBUX,stock,94.71,-0.17917369308600517,51.34069207040168,0.31575847751304725,0.3071402633749073,5946911
2026-10-03T16:46:15.288Z,MCD,stock,231.89,0.02588103351592712,48.727139559659086,0.3395189533472471,0.35704133030831453,6342621
2026-10-03T16:46:15.288Z,PEP,stock,125.89,0.2308917197452279,56.66663275790159,0.22192135452866235,0.48289605316394135,6071580
2026-10-03T16:46:15.288Z,KO,stock,85.65,-0.5226480836236802,50.86792656733354,0.6265256133080506,0.4868884691461393,19281489
2026-10-03T16:46:15.288Z,TGT,stock,156,-0.4467134652201587,68.48377905379019,0.5798849332316923,0.7198925220059655,4088123
2026-10-03T16:46:15.288Z,CVX,stock,206.69,-0.1979719942056961,36.45322048421892,0.2798302988880685,0.9129931690809642,6642588
2026-10-03T16:46:15.288Z,OXY,stock,58.08,0.41493775933609073,61.44108123328171,0.034420782523777824,2.0155466379371947,8872692
2026-10-03T16:46:15.288Z,SLB,stock,48.74,0.16440608302508306,32.352908177003854,1.1258711625126832,1.3727082857950812,11141176
2026-10-03T16:46:15.288Z,UNH,stock,371.9,1.8346111719605664,72.67311011893923,0.12890189497784116,1.9322992403854093,3292808
2026-10-03T16:46:15.288Z,LLY,stock,1142.85,-0.6087750576162109,36.47697823848912,1.8490428364749623,0.4818137375118449,2020098
2026-10-03T16:46:15.288Z,NVO,stock,37.32,-0.21390374331550346,60.869620689215225,0.7314834732647508,0.3762779406845924,10147743
2026-10-03T16:46:15.288Z,PFE,stock,27.8,-1.1379800853485074,77.01232926822985,1.0327458484928171,1.2381679783798647,34914894
2026-10-03T16:46:15.288Z,MRK,stock,144.3,0.34072734858494474,82.052084637536,0.006927835051538513,1.0362642486227427,9159620
2026-10-03T16:46:15.288Z,JNJ,stock,256.03,-1.0167787829583437,59.99989292043453,0.7366311517596845,0.32130138496181065,10176696
2026-10-03T16:46:15.288Z,ABBV,stock,262.82,1.111837802485279,54.40588390733728,0.4130209719162222,1.4376961198583016,5541012
2026-10-03T16:46:15.288Z,BA,stock,193.56,0.66569586020387,41.312296054583214,1.0429941910536722,1.4359042923239078,12577596
2026-10-03T16:46:15.288Z,CAT,stock,845.42,2.307738851576201,44.41246810312274,1.3541056659339386,0.765196662693678,2378887
2026-10-03T16:46:15.288Z,GE,stock,309.56,-0.9059188834469684,64.89358632133323,2.1017357446345244,0.40869680730489755,4148627
2026-10-03T16:46:15.288Z,LMT,stock,505.41,-0.017804154302665676,45.37362451181845,0.44419223443924055,1.2663054175565307,1060592
2026-10-03T16:46:15.288Z,RTX,stock,184.68,-0.1783687368250279,48.972126710073894,0.613606945623602,0.2007500658170373,3793732
2026-10-03T16:46:15.288Z,NOC,stock,478,-0.8298755186721992,27.96678516059319,0.7134914528467966,1.4797361609167803,2678739
2026-10-03T16:46:15.288Z,DE,stock,687,2.958367053322544,69.13170117295127,0.23235196669533173,2.5786540896918724,1063572
2026-10-03T16:46:15.288Z,BABA,stock,105.85,-1.4890646812470996,43.910109062454154,0.9636950597741858,0.6083080706173983,7768242
2026-10-03T16:46:15.288Z,PDD,stock,75.38,-1.4640522875817052,55.447585878332866,0.3604660813672899,0.6542937833423025,6223348
2026-10-03T16:46:15.288Z,SNOW,stock,341.04,-0.2777859001725163,70.59972846939378,0.3360713151177309,2.007003169691458,3301495
2026-10-03T16:46:15.288Z,DDOG,stock,277.22,0.2749041452651551,45.11265145844859,1.6078083407275856,0.6535424023345126,2068099
2026-10-03T16:46:15.288Z,PANW,stock,403.24,1.7640378548895923,61.704892060765786,1.2658856579788076,0.6075291896846411,4829505
2026-10-03T16:46:15.288Z,CRWD,stock,270.04,1.4844601450637174,67.46736675173412,0.8809287989646083,0.7424033940148049,5830129
2026-10-03T16:46:15.288Z,NET,stock,349.07,-0.5498575498575518,41.285930408472005,1.2313371141478688,1.071316250723241,2834127
2026-10-03T16:46:15.288Z,ROKU,stock,152.39,0.7470580457490384,52.458237471241375,0.0983304659332654,0.8070396545822658,1420321
2026-10-03T16:46:15.288Z,PINS,stock,19.26,-1.0277492291880745,50.704376699154324,1.0785789458680253,0.6532519969845334,8515739
2026-10-03T16:46:15.288Z,ADBE,stock,237.69,-1.4878978779840863,36.48215430647574,2.0763794406342706,0.2784462827921045,3103549
2026-10-03T16:46:15.288Z,AMAT,stock,540.04,2.0290950311732496,68.2172682180568,1.1865924018786196,0.8798279117170713,5699753
2026-10-03T16:46:15.288Z,LRCX,stock,347.49,2.1728903263745916,42.567479328334095,1.3303011160244236,0.2437684123842351,7429457
2026-10-03T16:46:15.288Z,KLAC,stock,206.89,3.274596915090088,57.862904466279865,0.8292566185785446,1.1835471046360175,7334998
2026-10-03T16:46:15.288Z,TXN,stock,293.8,4.439941701325942,43.24740700036307,0.9740815051484553,0.3586678052946239,4934069
2026-10-03T16:46:15.288Z,ADI,stock,417.15,3.1018289668808587,54.081690427929196,1.032028469750895,0.5023303690578107,2623345
2026-10-03T16:46:15.288Z,MRVL,stock,272.29,1.570426738287092,36.50658869196589,2.3630252321537535,0.08822356838843927,14725646
2026-10-03T16:46:15.288Z,CDNS,stock,351.35,0.17677415675876157,75.06588169329969,0.6980971321826257,2.54053357423558,2093620
2026-10-03T16:46:15.288Z,SNPS,stock,489.9,-0.13046846332613918,57.04726056043497,1.2288420603412487,1.202283421990947,3051798
2026-10-03T16:46:15.288Z,WDAY,stock,186.14,-0.3266398929049604,41.23717286546519,1.2257877344920531,0.3558358247055588,1425582
2026-10-03T16:46:15.288Z,TEAM,stock,187.89,-1.063661734505824,57.280064844066615,1.9312053909982214,0.5996657396362179,1701477
2026-10-03T16:46:15.288Z,ZS,stock,196.6,-1.0966898078277527,48.26229786408709,2.5260949151947436,0.699157110856719,1720683
2026-10-03T16:46:15.288Z,OKTA,stock,211.49,-0.5361425951182741,38.857828294910085,2.246362822467534,0.32732302573676025,2068431
2026-10-03T16:46:15.288Z,MDB,stock,357.96,1.771244989054093,54.54590048839113,0.6908065259271194,5.624079801352078,2682941
2026-10-03T16:46:15.288Z,FSLR,stock,174.61,1.4525594096798558,35.180863477246206,1.8410740691846659,0.20659971305596192,1895851
2026-10-03T16:46:15.288Z,ENPH,stock,33.47,1.9804996953077347,45.714275334149555,1.9768646909190353,0.9190378072011908,4664805
2026-10-03T16:46:15.288Z,NEE,stock,76.83,0.6286836935167047,50.623622284605375,1.0177824254416437,0.30680693981548585,18041737
2026-10-03T16:46:15.288Z,DUK,stock,114.13,0.34288728679444397,58.82310702617312,0.80827183932466,0.2107301884605786,3880387
2026-10-03T16:46:15.288Z,SO,stock,83.72,0.29950880555888343,54.14464471247233,0.6408760058626648,0.10162953500148146,7744995
2026-10-03T16:46:15.288Z,T,stock,24.3,0,36.58794477188386,0.7555671053295738,0.2888999549572911,24466804
2026-10-03T16:46:15.288Z,VZ,stock,45.92,-0.13049151805131617,37.03658352799337,0.9597792782426802,0.2806195651820806,19585521
2026-10-03T16:46:15.288Z,CMCSA,stock,21.57,-0.5990783410138203,50,1.2588662027852604,0.7708447001239055,20666526
2026-10-03T16:46:15.288Z,TMUS,stock,163.64,1.1809806467569386,34.34052114423689,0.4925490807379788,1.5262485643408115,3306030
2026-10-03T16:46:15.288Z,AXP,stock,302.78,0.2284087523585679,50,0.13852644792919214,0.9098524639550732,2610928
2026-10-03T16:46:15.288Z,MA,stock,552.26,0.4109090909090893,35.46393828418972,0.42371854341440923,1.1798747919395827,2452978
2026-10-03T16:46:15.288Z,BLK,stock,1059.63,-0.44439851178170836,23.070237708235197,2.510768303274152,0.08972930827711456,538424
2026-10-03T16:46:15.288Z,SCHW,stock,96.7,-1.6976720544881585,37.649054276315795,1.0589866515455242,0.2592048311748253,7581335
2026-10-03T16:46:15.288Z,C,stock,128.5,1.1811023622047243,54.273716059365135,0.09718172983479105,0.9823182711198428,7610602
2026-10-03T16:46:15.288Z,TFC,stock,46.45,0.3673292999135732,50.563565551572054,0.5033766014312673,0.47588245715356203,8580075
2026-10-03T16:46:15.288Z,USB,stock,57.51,0.2615062761506251,42.69634988941657,0.5275423920326535,0.5771243320443741,7520114
2026-10-03T16:46:15.288Z,CB,stock,330.89,-0.12375490492001961,46.86325666004452,0.33734216821223534,0.6846352395551732,1964566
2026-10-03T16:46:15.288Z,PGR,stock,210.31,-0.30811528251801557,71.76691111184189,0.6636262722024149,1.1348896784765083,2740287
2026-10-03T16:46:15.288Z,AMGN,stock,403.04,-1.0386230264934715,36.635478144043,0.9194156031565439,0.21757026008900246,3503505
2026-10-03T16:46:15.288Z,GILD,stock,144.74,-1.8711864406779597,66.25022649894618,1.7946158736758304,0.46504660354010446,4786436
2026-10-03T16:46:15.288Z,BMY,stock,61.15,0.5260562222587544,75.33327568931229,0.0817005920198178,1.342392849459362,9638721
2026-10-03T16:46:15.288Z,REGN,stock,735.2,0.053074944543501056,46.05568487472532,0.27941428238862864,0.7979372999294968,612910
2026-10-03T16:46:15.288Z,ISRG,stock,391.95,-2.3153225002492324,36.67674409704948,2.243451635487026,0.0025507880112934467,1826723
2026-10-03T16:46:15.288Z,TMO,stock,654.8,0.3509524758241197,54.871240027089975,0.7013667784182973,0.7384615384615315,1663049
2026-10-03T16:46:15.288Z,DHR,stock,214.06,1.0861352474499488,24.999863760960423,0.8246832691305717,0.20597551393591443,3894323
2026-10-03T16:46:15.288Z,ELV,stock,386.43,1.2471506799067233,51.020471715152304,0.32371579155679503,1.3666645933093657,889961
2026-10-03T16:46:15.288Z,CI,stock,270.53,0.9590983728914738,77.14333167247966,0.16974436361180312,1.6609728652602476,1910757
2026-10-03T16:46:15.288Z,CVS,stock,86.46,1.478873239436609,57.23251729796647,0.7689627849628929,1.2115854975329543,10446777
2026-10-03T16:46:15.288Z,MDT,stock,86.38,-0.06941230911615257,55.12355297707948,1.6733050650582897,0.793469166829131,34596650
2026-10-03T16:46:15.288Z,SYK,stock,275.43,0.90489449003518,53.43672607689497,0.5147138140109334,1.207081195297372,1945788
2026-10-03T16:46:15.288Z,HON,stock,213.99,0.08886810102899799,46.84990168232467,0.6407555130586345,0.6041222152199118,1792209
2026-10-03T16:46:15.288Z,UPS,stock,93.02,-0.9266162530620988,51.076465611420964,1.711749154793036,0.32268669535453937,4663083
2026-10-03T16:46:15.288Z,FDX,stock,290.36,1.1460619361131503,67.60003613043085,0.017218298777179994,1.0369528382472861,1459305
2026-10-03T16:46:15.288Z,DAL,stock,84.09,-0.04754546535123267,79.86564122520456,0.602835086666222,0.7427803644779385,8143457
2026-10-03T16:46:15.288Z,UAL,stock,112.51,0.6530685274646663,70.51286231293403,0.2924462500889059,0.8877361789224469,4017208
2026-10-03T16:46:15.288Z,AAL,stock,12.94,-1.4470677837014567,50,1.932547940294714,0.11605268118981275,71772533
2026-10-03T16:46:15.288Z,LUV,stock,42.47,1.505736137667293,73.5846204781989,0.2114693853076285,1.433009513784156,6171820
2026-10-03T16:46:15.288Z,CARR,stock,55.12,-0.18109380659181712,31.182883910186476,1.6241277871187867,0.2819973564665023,5689447
2026-10-03T16:46:15.288Z,ETN,stock,436.11,-0.26756311745333866,45.19524923519885,3.413984630941243,0.26554780687460605,2088721
2026-10-03T16:46:15.288Z,EMR,stock,161.61,1.9171343885981085,49.11519063405149,1.2375069971669956,0.7292430446210286,2888938
2026-10-03T16:46:15.288Z,MMM,stock,161.89,-0.6931664826401814,67.97736916548797,1.3827994709245612,0.41558043308761816,3019691
2026-10-03T16:46:15.288Z,WM,stock,204.45,1.2630014858840926,63.83986340762041,0.2050056754027208,1.6405698253283862,2366307
2026-10-03T16:46:15.288Z,LIN,stock,479.48,2.136542762807547,68.50165966087471,0.749328515375745,1.3699788583509553,2527281
2026-10-03T16:46:15.288Z,APD,stock,277.57,1.5512384297369515,41.72174053638918,0.773064740038895,1.1828989879055478,1012265
2026-10-03T16:46:15.288Z,FCX,stock,72.04,3.9838337182448105,63.690362660417975,1.2542002715229776,1.5859787133096233,11926686
2026-10-03T16:46:15.288Z,NEM,stock,115.56,0.7761402284817307,61.80540838384266,0.7813181172538405,1.4396083720283588,4015405
2026-10-03T16:46:15.288Z,EOG,stock,141.38,0.04953648007925354,50,0.141264181712154,0.8344577634322957,3592737
2026-10-03T16:46:15.288Z,COP,stock,126.75,-0.24397922241460906,38.311617537775575,0.2518294606065486,0.9638354911968128,5196222
2026-10-03T16:46:15.288Z,MPC,stock,422.33,0.518862311079378,41.2842623960579,0.48071144064371996,3.9824700592919564,2163484
2026-10-03T16:46:15.288Z,PSX,stock,264.58,0.13246035650757518,31.288100052422678,0.8957192611529217,3.2366296191200004,1987536
2026-10-03T16:46:15.288Z,HAL,stock,31.85,-0.09410288582182429,22.236890716977413,1.1790243488472598,0.759251455281037,8092378
2026-10-03T16:46:15.288Z,BKR,stock,56,0.6832074793239888,49.17521120314278,0.47983020360260087,1.0647900274546676,3969823
2026-10-03T16:46:15.288Z,WMB,stock,70.54,1.9069633054030735,70.45446663892356,0.014178669489876106,2.4322982475712935,8279976
2026-10-03T16:46:15.288Z,KMI,stock,31.07,1.7687520471667182,61.25210713616782,0.11252063253948374,2.0193731007539157,11618742
2026-10-03T16:46:15.288Z,PG,stock,144.91,0.666898228551586,68.8752237876547,0.18597099421557778,0.7228782359833776,6219527
2026-10-03T16:46:15.288Z,CL,stock,84.26,-0.31941322607357864,36.84221093420604,0.6192175967835634,0.23792820273025117,6600468
2026-10-03T16:46:15.288Z,KMB,stock,94.36,0.02119991520033498,42.857142857142854,0.9551765247518089,0.286963197596217,4442970
2026-10-03T16:46:15.288Z,PM,stock,187.46,0.47164755064851294,47.98531113235072,0.7938223224867712,0.468951552722907,3052459
2026-10-03T16:46:15.288Z,MO,stock,67.35,0.5974607916355361,64.48576806799383,0.09641906792940222,0.9366827128835437,6348286
2026-10-03T16:46:15.288Z,MDLZ,stock,58.19,0.7444598337950135,46.36352286756647,0.19723918115746045,0.7444627613614178,7771758
2026-10-03T16:46:15.288Z,GIS,stock,32.01,1.073571203031248,33.33311597274299,0.6209223537950083,1.3455783689931287,13642013
2026-10-03T16:46:15.288Z,KR,stock,59.03,-0.7565568258237991,57.630921144560546,0.7899159663865528,0.2547536161068352,4692484
2026-10-03T16:46:15.288Z,DG,stock,118.94,0.008408307407711178,38.333403975755516,0.2599580712788279,1.2470751605939654,1601129
2026-10-03T16:46:15.288Z,DLTR,stock,112.16,-1.9837455212793935,51.79156332476776,1.683031031063703,0.8497088461328408,1620651
2026-10-03T16:46:15.288Z,TJX,stock,132.68,-0.6811887117299174,47.2114446486511,0.6960561380908362,0.16230979357063677,6936773
2026-10-03T16:46:15.288Z,ROST,stock,228.54,-2.375053395984623,52.182390108476156,2.4146575065069538,0.37331351815171615,2300201
2026-10-03T16:46:15.288Z,BKNG,stock,159.02,-0.7861242825056095,50.700911255936,1.8697304413837017,0.3217497387157364,7528897
2026-10-03T16:46:15.288Z,MAR,stock,358.96,1.1753431607429632,62.487550103243045,0.24177711828664497,0.6349942189469614,874280
2026-10-03T16:46:15.288Z,HLT,stock,319.36,1.2427085975145877,59.13557176442221,0.41317728259228603,0.3330230121531533,1109055
2026-10-03T16:46:15.288Z,CMG,stock,32.36,0.12376237623762112,64.60178783623203,0.3387779999003755,1.5534292560406489,15057494
2026-10-03T16:46:15.288Z,YUM,stock,136.12,-0.4170019752725095,27.24011200560028,1.2371503545084797,0.0000035871383189103082,1751563
2026-10-03T16:46:15.288Z,EL,stock,91.97,1.9736112651069977,61.15706995552641,0.5890930046413847,1.5681909446546622,2689636
2026-10-03T16:46:15.288Z,LULU,stock,94.46,-1.4604631754642246,46.56762505066698,1.5169690889215275,0.8218566960496135,6071834
2026-10-03T16:46:15.288Z,BTC-USD,crypto,84835.19,0.38914715223247476,46.511829824180595,0.07933433975681035,0.4761190615953026,20854179840
2026-10-03T16:46:15.288Z,ETH-USD,crypto,2681.77,0.5084657910786403,55.94029489968576,0.1574832464631429,0.6232304416390053,7946009088
2026-10-03T16:46:15.288Z,SOL-USD,crypto,119.78,0.9871532166667869,69.2308820940196,-0.000001019121003988404,1.071637702199714,2055726336
2026-10-03T16:46:15.288Z,XRP-USD,crypto,1.4899,0.3335877981858396,42.30760413562275,0.19426563068725644,0.7029364175784829,2306267648
2026-10-03T16:46:15.288Z,BNB-USD,crypto,780.67,1.6329330956990196,73.43087286595146,-0.000002189125249233456,2.0643754597306603,1228049408
2026-10-03T16:46:15.288Z,DOGE-USD,crypto,0.09316,0.21113073943627975,54.66710377302259,0.28898380648999655,0.789783608158969,835306240
2026-10-03T16:46:15.288Z,ADA-USD,crypto,0.2449,0.21004008033335075,45.7489487750288,1.4605884366797455,0.7777460229180266,473674272
2026-10-03T16:46:15.288Z,AVAX-USD,crypto,11.057,2.3393856138238993,38.793110535618865,1.206222162309872,2.7315848565053735,526675424
2026-10-03T16:46:15.288Z,LINK-USD,crypto,13.878,0.5794953066163564,66.21625104710355,1.616333102633299,0.6746474691136821,416504672
2026-10-03T16:46:15.288Z,DOT-USD,crypto,1.1969,3.6466761102421703,28.52475034687616,1.9014871194665348,4.432418967641983,167919136
2026-10-03T16:46:15.288Z,LTC-USD,crypto,69.292,-0.7698883038298521,18.54265645059735,2.791725464231577,0.9954945106146451,383393024
2026-10-03T16:46:15.288Z,BCH-USD,crypto,313.15,0.5950737485727003,47.86176780605331,0.6755895672240043,1.3856978503815536,167656112
2026-10-03T19:29:54.725Z,AAPL,stock,333.69,1.0202228142407377,47.5403713061628,0.18542854839859646,0.8309655944601747,31878433
2026-10-03T19:29:54.725Z,MSFT,stock,517.53,0.9223868954758228,78.53875458497967,0.8323892821655781,0.6916726655825419,17179496
2026-10-03T19:29:54.725Z,NVDA,stock,233.95,1.3384735337433835,38.36649170924583,1.5651946806937749,0.07699693042280333,134470648
2026-10-03T19:29:54.725Z,TSLA,stock,370.59,4.653921097963899,43.42942081609701,0.9567879036960371,0.7750067551284137,54147498
2026-10-03T19:29:54.725Z,AMZN,stock,251.52,1.3253837167143458,89.36936023522254,0.6733166403078797,0.559733292077098,33047205
2026-10-03T19:29:54.725Z,META,stock,728.08,0.2961718071990538,52.61787215005832,1.0290252379304825,0.21196658397761714,12873427
2026-10-03T19:29:54.725Z,GOOGL,stock,343.5,1.5551087984862793,60.73745531576857,0.5500850984536494,0.5709302522983118,22734069
2026-10-03T19:29:54.725Z,AMD,stock,633.91,2.952592857258855,61.972848697175394,1.6522895617061069,0.7501704636562898,19323673
2026-10-03T19:29:54.725Z,NFLX,stock,67.06,-1.16433308769343,41.39239397978343,0.9903867155251531,0.43433184291422433,38312283
2026-10-03T19:29:54.725Z,JPM,stock,332.38,-0.24011045080737478,65.42540527671363,0.5222596333707459,0.599275466129689,6539384
2026-10-03T19:29:54.725Z,V,stock,360.66,0.22509378907878344,46.11250289699926,0.17990024161684445,1.0007416453793374,3987848
2026-10-03T19:29:54.725Z,XOM,stock,164.01,0.11598095470638367,36.252512068286826,0.3221060579546582,1.250115369952977,11164224
2026-10-03T19:29:54.725Z,SPY,stock,769.64,0.7395384756344948,59.25925925925925,0.35087404306339376,0.29777867993430485,45857487
2026-10-03T19:29:54.725Z,QQQ,stock,749.58,1.0174790776653329,58.343026706231456,0.6474822134339334,0.23937496158725424,34175024
2026-10-03T19:29:54.725Z,DIA,stock,511.1,0.48759388148323274,62.80958385876419,0.2517642053041541,0.45007025262756545,3710080
2026-10-03T19:29:54.725Z,IWM,stock,281.52,0.8959931187728479,48.99235295323616,0.6931532367139838,0.18326901949744637,29615280
2026-10-03T19:29:54.725Z,XLK,stock,199.81,1.0110712299681512,48.57614647005997,0.7697658947423928,0.21064276625569295,8927877
2026-10-03T19:29:54.725Z,XLF,stock,53.49,0.05611672278339158,48.89034960672029,0.3008337437669687,0.4507042253521164,30268795
2026-10-03T19:29:54.725Z,PLTR,stock,188.75,-0.6788044622184761,29.586672732999688,2.9812402779632894,0.0052953833554378535,17716878
2026-10-03T19:29:54.725Z,SOFI,stock,15.77,-0.4419191919191937,28.62384964858464,1.8973607991523451,0.2052367036466378,44191235
2026-10-03T19:29:54.725Z,COIN,stock,183,-3.322943631464944,65.73166056934019,8.56857078164798,1.0491407136664317,12808738
2026-10-03T19:29:54.725Z,HOOD,stock,112.74,1.4304993252361575,41.26041696585738,5.105004241906107,0.1663192345226916,29222290
2026-10-03T19:29:54.725Z,RIVN,stock,14.3,-3.1165311653116468,54.389060875417954,4.888592317070226,1.960787086984217,59672838
2026-10-03T19:29:54.725Z,LCID,stock,4.13,-1.4319809069212528,34.262705613968876,1.4319822530088848,0.7317096601279084,7667981
2026-10-03T19:29:54.725Z,F,stock,12.1,-1.3854930725346368,51.4092797970078,0.6568169390093217,0.9182759492061937,48917301
2026-10-03T19:29:54.725Z,GM,stock,78.27,-1.3113100491741347,36.59773948198429,1.1929513117185013,0.1535489082253607,9076899
2026-10-03T19:29:54.725Z,BAC,stock,53.75,0.03722315280104807,60.674118776573856,0.2690425021469395,0.7121996706502702,34897453
2026-10-03T19:29:54.725Z,WFC,stock,80.45,0.24922118380062658,56.321798761772804,0.21086918976722047,0.6568619683407618,10074371
2026-10-03T19:29:54.725Z,GS,stock,902.56,0.6568748815060153,49.60085785773859,0.8328404999713709,0.5489568811290002,1584186
2026-10-03T19:29:54.725Z,MS,stock,190.31,1.223339184085959,33.657888785149694,0.5850664569987958,0.7944507498554222,6252383
2026-10-03T19:29:54.725Z,PYPL,stock,52.8,-0.4900113079532701,50.67084376327739,1.0216537786704813,0.31843405520570633,9001061
2026-10-03T19:29:54.725Z,SHOP,stock,151.39,1.5426923334898268,44.975870452438144,0.9033214858066987,0.6381754776042706,5571811
2026-10-03T19:29:54.725Z,CRM,stock,234.69,-0.8449871139465123,55.736347549608716,1.65933123727715,0.5462402804194385,7840153
2026-10-03T19:29:54.725Z,ORCL,stock,142.3,3.063663359165654,59.48987087842229,1.7668824772117973,1.3966108830374837,30193711
2026-10-03T19:29:54.725Z,AVGO,stock,355.14,3.3465254335932957,44.02815883921641,0.5405123042065869,1.8643830537114214,24509128
2026-10-03T19:29:54.725Z,MU,stock,1074.89,-2.050319394198963,42.33477724269777,1.9090953244759,0.206956096818229,26523742
2026-10-03T19:29:54.725Z,INTC,stock,119.33,-0.5583333333333347,30.63806332128054,5.256051694040617,-0.0000015344462089237856,94956744
2026-10-03T19:29:54.725Z,TSM,stock,472.78,2.9573170731707283,54.89107640687834,0.3551360692350592,1.6053818917711022,9722477
2026-10-03T19:29:54.725Z,ASML,stock,1867.31,3.2524371160470853,67.09659103987478,0.24360640050229976,0.7844975992449009,1335151
2026-10-03T19:29:54.725Z,QCOM,stock,184.87,1.526717557251909,36.45926385065539,1.9725311045797056,0.1137205316398025,10092090
2026-10-03T19:29:54.725Z,ARM,stock,307.49,5.1823219538893195,49.12734806482709,3.1969618174064065,1.2114875141960644,5880656
2026-10-03T19:29:54.725Z,SMCI,stock,43.69,4.2223282442748,47.70620796658909,1.9854195127131948,2.043679554727738,42778087
2026-10-03T19:29:54.725Z,NOW,stock,134.38,-2.4535423925667796,40.77752690882373,2.9677271500772227,0.5010793900912447,8760611
2026-10-03T19:29:54.725Z,UBER,stock,68.11,0.3388332351208073,44.375143053330284,0.35113164517767087,1.1396867034481781,15498371
2026-10-03T19:29:54.725Z,ABNB,stock,162.43,1.2214121019505253,40.883991873277076,1.0538521098417102,0.7068056056303453,3362539
2026-10-03T19:29:54.725Z,DIS,stock,102.19,0.8487121286884431,38.157907945590516,0.34123470715641685,0.6798029556650224,6526004
2026-10-03T19:29:54.725Z,WMT,stock,104.26,0,60.79572055279083,0.7305700407768636,0.3658093537055163,22930196
2026-10-03T19:29:54.725Z,COST,stock,920.65,0.6240846394298994,76.05284080484374,0.03474279436936879,1.0964539335075227,2011685
2026-10-03T19:29:54.725Z,HD,stock,282.85,0.13807264745452213,35.42502087125514,1.3557339542057547,0.6225520663418125,4723854
2026-10-03T19:29:54.725Z,LOW,stock,180.8,-0.8663230617392171,30.81687842758079,1.9097261199795033,0.3608138359910992,2756482
2026-10-03T19:29:54.725Z,NKE,stock,33.87,-3.6415362731152237,57.810875345736704,0.044262423715909015,3.1835467258857895,141948809
2026-10-03T19:29:54.725Z,SBUX,stock,94.71,-0.17917369308600517,51.34069207040168,0.31575847751304725,0.3071402633749073,5946911
2026-10-03T19:29:54.725Z,MCD,stock,231.89,0.02588103351592712,48.727139559659086,0.3395189533472471,0.35704133030831453,6342621
2026-10-03T19:29:54.725Z,PEP,stock,125.89,0.2308917197452279,56.66663275790159,0.22192135452866235,0.48289605316394135,6071580
2026-10-03T19:29:54.725Z,KO,stock,85.65,-0.5226480836236802,50.86792656733354,0.6265256133080506,0.4868884691461393,19281489
2026-10-03T19:29:54.725Z,TGT,stock,156,-0.4467134652201587,68.48377905379019,0.5798849332316923,0.7198925220059655,4088123
2026-10-03T19:29:54.725Z,CVX,stock,206.69,-0.1979719942056961,36.45322048421892,0.2798302988880685,0.9129931690809642,6642588
2026-10-03T19:29:54.725Z,OXY,stock,58.08,0.41493775933609073,61.44108123328171,0.034420782523777824,2.0155466379371947,8872692
2026-10-03T19:29:54.725Z,SLB,stock,48.74,0.16440608302508306,32.352908177003854,1.1258711625126832,1.3727082857950812,11141176
2026-10-03T19:29:54.725Z,UNH,stock,371.9,1.8346111719605664,72.67311011893923,0.12890189497784116,1.9322992403854093,3292808
2026-10-03T19:29:54.725Z,LLY,stock,1142.85,-0.6087750576162109,36.47697823848912,1.8490428364749623,0.4818137375118449,2020098
2026-10-03T19:29:54.725Z,NVO,stock,37.32,-0.21390374331550346,60.869620689215225,0.7314834732647508,0.3762779406845924,10147743
2026-10-03T19:29:54.725Z,PFE,stock,27.8,-1.1379800853485074,77.01232926822985,1.0327458484928171,1.2381679783798647,34914894
2026-10-03T19:29:54.725Z,MRK,stock,144.3,0.34072734858494474,82.052084637536,0.006927835051538513,1.0362642486227427,9159620
2026-10-03T19:29:54.725Z,JNJ,stock,256.03,-1.0167787829583437,59.99989292043453,0.7366311517596845,0.32130138496181065,10176696
2026-10-03T19:29:54.725Z,ABBV,stock,262.82,1.111837802485279,54.40588390733728,0.4130209719162222,1.4376961198583016,5541012
2026-10-03T19:29:54.725Z,BA,stock,193.56,0.66569586020387,41.312296054583214,1.0429941910536722,1.4359042923239078,12577596
2026-10-03T19:29:54.725Z,CAT,stock,845.42,2.307738851576201,44.41246810312274,1.3541056659339386,0.765196662693678,2378887
2026-10-03T19:29:54.725Z,GE,stock,309.56,-0.9059188834469684,64.89358632133323,2.1017357446345244,0.40869680730489755,4148627
2026-10-03T19:29:54.725Z,LMT,stock,505.41,-0.017804154302665676,45.37362451181845,0.44419223443924055,1.2663054175565307,1060592
2026-10-03T19:29:54.725Z,RTX,stock,184.68,-0.1783687368250279,48.972126710073894,0.613606945623602,0.2007500658170373,3793732
2026-10-03T19:29:54.725Z,NOC,stock,478,-0.8298755186721992,27.96678516059319,0.7134914528467966,1.4797361609167803,2678739
2026-10-03T19:29:54.725Z,DE,stock,687,2.958367053322544,69.13170117295127,0.23235196669533173,2.5786540896918724,1063572
2026-10-03T19:29:54.725Z,BABA,stock,105.85,-1.4890646812470996,43.910109062454154,0.9636950597741858,0.6083080706173983,7768242
2026-10-03T19:29:54.725Z,PDD,stock,75.38,-1.4640522875817052,55.447585878332866,0.3604660813672899,0.6542937833423025,6223348
2026-10-03T19:29:54.725Z,SNOW,stock,341.04,-0.2777859001725163,70.59972846939378,0.3360713151177309,2.007003169691458,3301495
2026-10-03T19:29:54.725Z,DDOG,stock,277.22,0.2749041452651551,45.11265145844859,1.6078083407275856,0.6535424023345126,2068099
2026-10-03T19:29:54.725Z,PANW,stock,403.24,1.7640378548895923,61.704892060765786,1.2658856579788076,0.6075291896846411,4829505
2026-10-03T19:29:54.725Z,CRWD,stock,270.04,1.4844601450637174,67.46736675173412,0.8809287989646083,0.7424033940148049,5830129
2026-10-03T19:29:54.725Z,NET,stock,349.07,-0.5498575498575518,41.285930408472005,1.2313371141478688,1.071316250723241,2834127
2026-10-03T19:29:54.725Z,ROKU,stock,152.39,0.7470580457490384,52.458237471241375,0.0983304659332654,0.8070396545822658,1420321
2026-10-03T19:29:54.725Z,PINS,stock,19.26,-1.0277492291880745,50.704376699154324,1.0785789458680253,0.6532519969845334,8515739
2026-10-03T19:29:54.725Z,ADBE,stock,237.69,-1.4878978779840863,36.48215430647574,2.0763794406342706,0.2784462827921045,3103549
2026-10-03T19:29:54.725Z,AMAT,stock,540.04,2.0290950311732496,68.2172682180568,1.1865924018786196,0.8798279117170713,5699753
2026-10-03T19:29:54.725Z,LRCX,stock,347.49,2.1728903263745916,42.567479328334095,1.3303011160244236,0.2437684123842351,7429457
2026-10-03T19:29:54.725Z,KLAC,stock,206.89,3.274596915090088,57.862904466279865,0.8292566185785446,1.1835471046360175,7334998
2026-10-03T19:29:54.725Z,TXN,stock,293.8,4.439941701325942,43.24740700036307,0.9740815051484553,0.3586678052946239,4934069
2026-10-03T19:29:54.725Z,ADI,stock,417.15,3.1018289668808587,54.081690427929196,1.032028469750895,0.5023303690578107,2623345
2026-10-03T19:29:54.725Z,MRVL,stock,272.29,1.570426738287092,36.50658869196589,2.3630252321537535,0.08822356838843927,14725646
2026-10-03T19:29:54.725Z,CDNS,stock,351.35,0.17677415675876157,75.06588169329969,0.6980971321826257,2.54053357423558,2093620
2026-10-03T19:29:54.725Z,SNPS,stock,489.9,-0.13046846332613918,57.04726056043497,1.2288420603412487,1.202283421990947,3051798
2026-10-03T19:29:54.725Z,WDAY,stock,186.14,-0.3266398929049604,41.23717286546519,1.2257877344920531,0.3558358247055588,1425582
2026-10-03T19:29:54.725Z,TEAM,stock,187.89,-1.063661734505824,57.280064844066615,1.9312053909982214,0.5996657396362179,1701477
2026-10-03T19:29:54.725Z,ZS,stock,196.6,-1.0966898078277527,48.26229786408709,2.5260949151947436,0.699157110856719,1720683
2026-10-03T19:29:54.725Z,OKTA,stock,211.49,-0.5361425951182741,38.857828294910085,2.246362822467534,0.32732302573676025,2068431
2026-10-03T19:29:54.725Z,MDB,stock,357.96,1.771244989054093,54.54590048839113,0.6908065259271194,5.624079801352078,2682941
2026-10-03T19:29:54.725Z,FSLR,stock,174.61,1.4525594096798558,35.180863477246206,1.8410740691846659,0.20659971305596192,1895851
2026-10-03T19:29:54.725Z,ENPH,stock,33.47,1.9804996953077347,45.714275334149555,1.9768646909190353,0.9190378072011908,4664805
2026-10-03T19:29:54.725Z,NEE,stock,76.83,0.6286836935167047,50.623622284605375,1.0177824254416437,0.30680693981548585,18041737
2026-10-03T19:29:54.725Z,DUK,stock,114.13,0.34288728679444397,58.82310702617312,0.80827183932466,0.2107301884605786,3880387
2026-10-03T19:29:54.725Z,SO,stock,83.72,0.29950880555888343,54.14464471247233,0.6408760058626648,0.10162953500148146,7744995
2026-10-03T19:29:54.725Z,T,stock,24.3,0,36.58794477188386,0.7555671053295738,0.2888999549572911,24466804
2026-10-03T19:29:54.725Z,VZ,stock,45.92,-0.13049151805131617,37.03658352799337,0.9597792782426802,0.2806195651820806,19585521
2026-10-03T19:29:54.725Z,CMCSA,stock,21.57,-0.5990783410138203,50,1.2588662027852604,0.7708447001239055,20666526
2026-10-03T19:29:54.725Z,TMUS,stock,163.64,1.1809806467569386,34.34052114423689,0.4925490807379788,1.5262485643408115,3306030
2026-10-03T19:29:54.725Z,AXP,stock,302.78,0.2284087523585679,50,0.13852644792919214,0.9098524639550732,2610928
2026-10-03T19:29:54.725Z,MA,stock,552.26,0.4109090909090893,35.46393828418972,0.42371854341440923,1.1798747919395827,2452978
2026-10-03T19:29:54.725Z,BLK,stock,1059.63,-0.44439851178170836,23.070237708235197,2.510768303274152,0.08972930827711456,538424
2026-10-03T19:29:54.725Z,SCHW,stock,96.7,-1.6976720544881585,37.649054276315795,1.0589866515455242,0.2592048311748253,7581335
2026-10-03T19:29:54.725Z,C,stock,128.5,1.1811023622047243,54.273716059365135,0.09718172983479105,0.9823182711198428,7610602
2026-10-03T19:29:54.725Z,TFC,stock,46.45,0.3673292999135732,50.563565551572054,0.5033766014312673,0.47588245715356203,8580075
2026-10-03T19:29:54.725Z,USB,stock,57.51,0.2615062761506251,42.69634988941657,0.5275423920326535,0.5771243320443741,7520114
2026-10-03T19:29:54.725Z,CB,stock,330.89,-0.12375490492001961,46.86325666004452,0.33734216821223534,0.6846352395551732,1964566
2026-10-03T19:29:54.725Z,PGR,stock,210.31,-0.30811528251801557,71.76691111184189,0.6636262722024149,1.1348896784765083,2740287
2026-10-03T19:29:54.725Z,AMGN,stock,403.04,-1.0386230264934715,36.635478144043,0.9194156031565439,0.21757026008900246,3503505
2026-10-03T19:29:54.725Z,GILD,stock,144.74,-1.8711864406779597,66.25022649894618,1.7946158736758304,0.46504660354010446,4786436
2026-10-03T19:29:54.725Z,BMY,stock,61.15,0.5260562222587544,75.33327568931229,0.0817005920198178,1.342392849459362,9638721
2026-10-03T19:29:54.725Z,REGN,stock,735.2,0.053074944543501056,46.05568487472532,0.27941428238862864,0.7979372999294968,612910
2026-10-03T19:29:54.725Z,ISRG,stock,391.95,-2.3153225002492324,36.67674409704948,2.243451635487026,0.0025507880112934467,1826723
2026-10-03T19:29:54.725Z,TMO,stock,654.8,0.3509524758241197,54.871240027089975,0.7013667784182973,0.7384615384615315,1663049
2026-10-03T19:29:54.725Z,DHR,stock,214.06,1.0861352474499488,24.999863760960423,0.8246832691305717,0.20597551393591443,3894323
2026-10-03T19:29:54.725Z,ELV,stock,386.43,1.2471506799067233,51.020471715152304,0.32371579155679503,1.3666645933093657,889961
2026-10-03T19:29:54.725Z,CI,stock,270.53,0.9590983728914738,77.14333167247966,0.16974436361180312,1.6609728652602476,1910757
2026-10-03T19:29:54.725Z,CVS,stock,86.46,1.478873239436609,57.23251729796647,0.7689627849628929,1.2115854975329543,10446777
2026-10-03T19:29:54.725Z,MDT,stock,86.38,-0.06941230911615257,55.12355297707948,1.6733050650582897,0.793469166829131,34596650
2026-10-03T19:29:54.725Z,SYK,stock,275.43,0.90489449003518,53.43672607689497,0.5147138140109334,1.207081195297372,1945788
2026-10-03T19:29:54.725Z,HON,stock,213.99,0.08886810102899799,46.84990168232467,0.6407555130586345,0.6041222152199118,1792209
2026-10-03T19:29:54.725Z,UPS,stock,93.02,-0.9266162530620988,51.076465611420964,1.711749154793036,0.32268669535453937,4663083
2026-10-03T19:29:54.725Z,FDX,stock,290.36,1.1460619361131503,67.60003613043085,0.017218298777179994,1.0369528382472861,1459305
2026-10-03T19:29:54.725Z,DAL,stock,84.09,-0.04754546535123267,79.86564122520456,0.602835086666222,0.7427803644779385,8143457
2026-10-03T19:29:54.725Z,UAL,stock,112.51,0.6530685274646663,70.51286231293403,0.2924462500889059,0.8877361789224469,4017208
2026-10-03T19:29:54.725Z,AAL,stock,12.94,-1.4470677837014567,50,1.932547940294714,0.11605268118981275,71772533
2026-10-03T19:29:54.725Z,LUV,stock,42.47,1.505736137667293,73.5846204781989,0.2114693853076285,1.433009513784156,6171820
2026-10-03T19:29:54.725Z,CARR,stock,55.12,-0.18109380659181712,31.182883910186476,1.6241277871187867,0.2819973564665023,5689447
2026-10-03T19:29:54.725Z,ETN,stock,436.11,-0.26756311745333866,45.19524923519885,3.413984630941243,0.26554780687460605,2088721
2026-10-03T19:29:54.725Z,EMR,stock,161.61,1.9171343885981085,49.11519063405149,1.2375069971669956,0.7292430446210286,2888938
2026-10-03T19:29:54.725Z,MMM,stock,161.89,-0.6931664826401814,67.97736916548797,1.3827994709245612,0.41558043308761816,3019691
2026-10-03T19:29:54.725Z,WM,stock,204.45,1.2630014858840926,63.83986340762041,0.2050056754027208,1.6405698253283862,2366307
2026-10-03T19:29:54.725Z,LIN,stock,479.48,2.136542762807547,68.50165966087471,0.749328515375745,1.3699788583509553,2527281
2026-10-03T19:29:54.725Z,APD,stock,277.57,1.5512384297369515,41.72174053638918,0.773064740038895,1.1828989879055478,1012265
2026-10-03T19:29:54.725Z,FCX,stock,72.04,3.9838337182448105,63.690362660417975,1.2542002715229776,1.5859787133096233,11926686
2026-10-03T19:29:54.725Z,NEM,stock,115.56,0.7761402284817307,61.80540838384266,0.7813181172538405,1.4396083720283588,4015405
2026-10-03T19:29:54.725Z,EOG,stock,141.38,0.04953648007925354,50,0.141264181712154,0.8344577634322957,3592737
2026-10-03T19:29:54.725Z,COP,stock,126.75,-0.24397922241460906,38.311617537775575,0.2518294606065486,0.9638354911968128,5196222
2026-10-03T19:29:54.725Z,MPC,stock,422.33,0.518862311079378,41.2842623960579,0.48071144064371996,3.9824700592919564,2163484
2026-10-03T19:29:54.725Z,PSX,stock,264.58,0.13246035650757518,31.288100052422678,0.8957192611529217,3.2366296191200004,1987536
2026-10-03T19:29:54.725Z,HAL,stock,31.85,-0.09410288582182429,22.236890716977413,1.1790243488472598,0.759251455281037,8092378
2026-10-03T19:29:54.725Z,BKR,stock,56,0.6832074793239888,49.17521120314278,0.47983020360260087,1.0647900274546676,3969823
2026-10-03T19:29:54.725Z,WMB,stock,70.54,1.9069633054030735,70.45446663892356,0.014178669489876106,2.4322982475712935,8279976
2026-10-03T19:29:54.725Z,KMI,stock,31.07,1.7687520471667182,61.25210713616782,0.11252063253948374,2.0193731007539157,11618742
2026-10-03T19:29:54.725Z,PG,stock,144.91,0.666898228551586,68.8752237876547,0.18597099421557778,0.7228782359833776,6219527
2026-10-03T19:29:54.725Z,CL,stock,84.26,-0.31941322607357864,36.84221093420604,0.6192175967835634,0.23792820273025117,6600468
2026-10-03T19:29:54.725Z,KMB,stock,94.36,0.02119991520033498,42.857142857142854,0.9551765247518089,0.286963197596217,4442970
2026-10-03T19:29:54.725Z,PM,stock,187.46,0.47164755064851294,47.98531113235072,0.7938223224867712,0.468951552722907,3052459
2026-10-03T19:29:54.725Z,MO,stock,67.35,0.5974607916355361,64.48576806799383,0.09641906792940222,0.9366827128835437,6348286
2026-10-03T19:29:54.725Z,MDLZ,stock,58.19,0.7444598337950135,46.36352286756647,0.19723918115746045,0.7444627613614178,7771758
2026-10-03T19:29:54.725Z,GIS,stock,32.01,1.073571203031248,33.33311597274299,0.6209223537950083,1.3455783689931287,13642013
2026-10-03T19:29:54.725Z,KR,stock,59.03,-0.7565568258237991,57.630921144560546,0.7899159663865528,0.2547536161068352,4692484
2026-10-03T19:29:54.725Z,DG,stock,118.94,0.008408307407711178,38.333403975755516,0.2599580712788279,1.2470751605939654,1601129
2026-10-03T19:29:54.725Z,DLTR,stock,112.16,-1.9837455212793935,51.79156332476776,1.683031031063703,0.8497088461328408,1620651
2026-10-03T19:29:54.725Z,TJX,stock,132.68,-0.6811887117299174,47.2114446486511,0.6960561380908362,0.16230979357063677,6936773
2026-10-03T19:29:54.725Z,ROST,stock,228.54,-2.375053395984623,52.182390108476156,2.4146575065069538,0.37331351815171615,2300201
2026-10-03T19:29:54.725Z,BKNG,stock,159.02,-0.7861242825056095,50.700911255936,1.8697304413837017,0.3217497387157364,7528897
2026-10-03T19:29:54.725Z,MAR,stock,358.96,1.1753431607429632,62.487550103243045,0.24177711828664497,0.6349942189469614,874280
2026-10-03T19:29:54.725Z,HLT,stock,319.36,1.2427085975145877,59.13557176442221,0.41317728259228603,0.3330230121531533,1109055
2026-10-03T19:29:54.725Z,CMG,stock,32.36,0.12376237623762112,64.60178783623203,0.3387779999003755,1.5534292560406489,15057494
2026-10-03T19:29:54.725Z,YUM,stock,136.12,-0.4170019752725095,27.24011200560028,1.2371503545084797,0.0000035871383189103082,1751563
2026-10-03T19:29:54.725Z,EL,stock,91.97,1.9736112651069977,61.15706995552641,0.5890930046413847,1.5681909446546622,2689636
2026-10-03T19:29:54.725Z,LULU,stock,94.46,-1.4604631754642246,46.56762505066698,1.5169690889215275,0.8218566960496135,6071834
2026-10-03T19:29:54.725Z,BTC-USD,crypto,84809.1,0.35827372754631104,28.088760295867644,0.23518824654291562,0.44521888978786434,14399673344
2026-10-03T19:29:54.725Z,ETH-USD,crypto,2681.29,0.4904761560317423,32.83655510412302,0.26632265066917343,0.6052202652957736,5671178752
2026-10-03T19:29:54.725Z,SOL-USD,crypto,119.79,0.9955842696987387,50.72479793009652,0.199948997531994,1.0800758085365192,1521305344
2026-10-03T19:29:54.725Z,XRP-USD,crypto,1.4875,0.1719658029407616,29.703285808705516,0.49501560191162,0.5407194584522435,1393595648
2026-10-03T19:29:54.725Z,BNB-USD,crypto,790.16,2.8684058755908874,62.64269760516193,0.1263932931992003,3.3050929499798634,1299460864
2026-10-03T19:29:54.725Z,DOGE-USD,crypto,0.09315,0.20037385550116418,56.410060465960434,0.29968700702602163,0.7789646103478635,566037952
2026-10-03T19:29:54.725Z,ADA-USD,crypto,0.24506,0.2755100942690497,50.483032667693685,1.39620989094626,0.84358693497873,335839040
2026-10-03T19:29:54.725Z,AVAX-USD,crypto,11.106,2.7929109728794583,50,0.7684094541569584,3.1868482785881005,415911296
2026-10-03T19:29:54.725Z,LINK-USD,crypto,13.935,0.9925974274174206,68.98770469539394,1.2122497323241812,1.088140400785358,271136000
2026-10-03T19:29:54.725Z,DOT-USD,crypto,1.1892,2.9798874010359975,37.99281316361803,2.532582907903423,3.7605753499204955,146987856
2026-10-03T19:29:54.725Z,LTC-USD,crypto,68.839,-1.4186102428468434,31.97693501885118,3.42722953922874,0.33523129100330856,335817792
2026-10-03T19:29:54.725Z,BCH-USD,crypto,314.64,1.073715485393311,52.243849953538415,0.4272256324871885,1.868101458227856,144969120
2026-10-03T22:20:10.742Z,AAPL,stock,333.69,1.0202228142407377,47.5403713061628,0.18542854839859646,0.8309655944601747,31878433
2026-10-03T22:20:10.742Z,MSFT,stock,517.53,0.9223868954758228,78.53875458497967,0.8323892821655781,0.6916726655825419,17179496
2026-10-03T22:20:10.742Z,NVDA,stock,233.95,1.3384735337433835,38.36649170924583,1.5651946806937749,0.07699693042280333,134470648
2026-10-03T22:20:10.742Z,TSLA,stock,370.59,4.653921097963899,43.42942081609701,0.9567879036960371,0.7750067551284137,54147498
2026-10-03T22:20:10.742Z,AMZN,stock,251.52,1.3253837167143458,89.36936023522254,0.6733166403078797,0.559733292077098,33047205
2026-10-03T22:20:10.742Z,META,stock,728.08,0.2961718071990538,52.61787215005832,1.0290252379304825,0.21196658397761714,12873427
2026-10-03T22:20:10.742Z,GOOGL,stock,343.5,1.5551087984862793,60.73745531576857,0.5500850984536494,0.5709302522983118,22734069
2026-10-03T22:20:10.742Z,AMD,stock,633.91,2.952592857258855,61.972848697175394,1.6522895617061069,0.7501704636562898,19323673
2026-10-03T22:20:10.742Z,NFLX,stock,67.06,-1.16433308769343,41.39239397978343,0.9903867155251531,0.43433184291422433,38312283
2026-10-03T22:20:10.742Z,JPM,stock,332.38,-0.24011045080737478,65.42540527671363,0.5222596333707459,0.599275466129689,6539384
2026-10-03T22:20:10.742Z,V,stock,360.66,0.22509378907878344,46.11250289699926,0.17990024161684445,1.0007416453793374,3987848
2026-10-03T22:20:10.742Z,XOM,stock,164.01,0.11598095470638367,36.252512068286826,0.3221060579546582,1.250115369952977,11164224
2026-10-03T22:20:10.742Z,SPY,stock,769.64,0.7395384756344948,59.25925925925925,0.35087404306339376,0.29777867993430485,45857487
2026-10-03T22:20:10.742Z,QQQ,stock,749.58,1.0174790776653329,58.343026706231456,0.6474822134339334,0.23937496158725424,34175024
2026-10-03T22:20:10.742Z,DIA,stock,511.1,0.48759388148323274,62.80958385876419,0.2517642053041541,0.45007025262756545,3710080
2026-10-03T22:20:10.742Z,IWM,stock,281.52,0.8959931187728479,48.99235295323616,0.6931532367139838,0.18326901949744637,29615280
2026-10-03T22:20:10.742Z,XLK,stock,199.81,1.0110712299681512,48.57614647005997,0.7697658947423928,0.21064276625569295,8927877
2026-10-03T22:20:10.742Z,XLF,stock,53.49,0.05611672278339158,48.89034960672029,0.3008337437669687,0.4507042253521164,30268795
2026-10-03T22:20:10.742Z,PLTR,stock,188.75,-0.6788044622184761,29.586672732999688,2.9812402779632894,0.0052953833554378535,17716878
2026-10-03T22:20:10.742Z,SOFI,stock,15.77,-0.4419191919191937,28.62384964858464,1.8973607991523451,0.2052367036466378,44191235
2026-10-03T22:20:10.742Z,COIN,stock,183,-3.322943631464944,65.73166056934019,8.56857078164798,1.0491407136664317,12808738
2026-10-03T22:20:10.742Z,HOOD,stock,112.74,1.4304993252361575,41.26041696585738,5.105004241906107,0.1663192345226916,29222290
2026-10-03T22:20:10.742Z,RIVN,stock,14.3,-3.1165311653116468,54.389060875417954,4.888592317070226,1.960787086984217,59672838
2026-10-03T22:20:10.742Z,LCID,stock,4.13,-1.4319809069212528,34.262705613968876,1.4319822530088848,0.7317096601279084,7667981
2026-10-03T22:20:10.742Z,F,stock,12.1,-1.3854930725346368,51.4092797970078,0.6568169390093217,0.9182759492061937,48917301
2026-10-03T22:20:10.742Z,GM,stock,78.27,-1.3113100491741347,36.59773948198429,1.1929513117185013,0.1535489082253607,9076899
2026-10-03T22:20:10.742Z,BAC,stock,53.75,0.03722315280104807,60.674118776573856,0.2690425021469395,0.7121996706502702,34897453
2026-10-03T22:20:10.742Z,WFC,stock,80.45,0.24922118380062658,56.321798761772804,0.21086918976722047,0.6568619683407618,10074371
2026-10-03T22:20:10.742Z,GS,stock,902.56,0.6568748815060153,49.60085785773859,0.8328404999713709,0.5489568811290002,1584186
2026-10-03T22:20:10.742Z,MS,stock,190.31,1.223339184085959,33.657888785149694,0.5850664569987958,0.7944507498554222,6252383
2026-10-03T22:20:10.742Z,PYPL,stock,52.8,-0.4900113079532701,50.67084376327739,1.0216537786704813,0.31843405520570633,9001061
2026-10-03T22:20:10.742Z,SHOP,stock,151.39,1.5426923334898268,44.975870452438144,0.9033214858066987,0.6381754776042706,5571811
2026-10-03T22:20:10.742Z,CRM,stock,234.69,-0.8449871139465123,55.736347549608716,1.65933123727715,0.5462402804194385,7840153
2026-10-03T22:20:10.742Z,ORCL,stock,142.3,3.063663359165654,59.48987087842229,1.7668824772117973,1.3966108830374837,30193711
2026-10-03T22:20:10.742Z,AVGO,stock,355.14,3.3465254335932957,44.02815883921641,0.5405123042065869,1.8643830537114214,24509128
2026-10-03T22:20:10.742Z,MU,stock,1074.89,-2.050319394198963,42.33477724269777,1.9090953244759,0.206956096818229,26523742
2026-10-03T22:20:10.742Z,INTC,stock,119.33,-0.5583333333333347,30.63806332128054,5.256051694040617,-0.0000015344462089237856,94956744
2026-10-03T22:20:10.742Z,TSM,stock,472.78,2.9573170731707283,54.89107640687834,0.3551360692350592,1.6053818917711022,9722477
2026-10-03T22:20:10.742Z,ASML,stock,1867.31,3.2524371160470853,67.09659103987478,0.24360640050229976,0.7844975992449009,1335151
2026-10-03T22:20:10.742Z,QCOM,stock,184.87,1.526717557251909,36.45926385065539,1.9725311045797056,0.1137205316398025,10092090
2026-10-03T22:20:10.742Z,ARM,stock,307.49,5.1823219538893195,49.12734806482709,3.1969618174064065,1.2114875141960644,5880656
2026-10-03T22:20:10.742Z,SMCI,stock,43.69,4.2223282442748,47.70620796658909,1.9854195127131948,2.043679554727738,42778087
2026-10-03T22:20:10.742Z,NOW,stock,134.38,-2.4535423925667796,40.77752690882373,2.9677271500772227,0.5010793900912447,8760611
2026-10-03T22:20:10.742Z,UBER,stock,68.11,0.3388332351208073,44.375143053330284,0.35113164517767087,1.1396867034481781,15498371
2026-10-03T22:20:10.742Z,ABNB,stock,162.43,1.2214121019505253,40.883991873277076,1.0538521098417102,0.7068056056303453,3362539
2026-10-03T22:20:10.742Z,DIS,stock,102.19,0.8487121286884431,38.157907945590516,0.34123470715641685,0.6798029556650224,6526004
2026-10-03T22:20:10.742Z,WMT,stock,104.26,0,60.79572055279083,0.7305700407768636,0.3658093537055163,22930196
2026-10-03T22:20:10.742Z,COST,stock,920.65,0.6240846394298994,76.05284080484374,0.03474279436936879,1.0964539335075227,2011685
2026-10-03T22:20:10.742Z,HD,stock,282.85,0.13807264745452213,35.42502087125514,1.3557339542057547,0.6225520663418125,4723854
2026-10-03T22:20:10.742Z,LOW,stock,180.8,-0.8663230617392171,30.81687842758079,1.9097261199795033,0.3608138359910992,2756482
2026-10-03T22:20:10.742Z,NKE,stock,33.87,-3.6415362731152237,57.810875345736704,0.044262423715909015,3.1835467258857895,141948809
2026-10-03T22:20:10.742Z,SBUX,stock,94.71,-0.17917369308600517,51.34069207040168,0.31575847751304725,0.3071402633749073,5946911
2026-10-03T22:20:10.742Z,MCD,stock,231.89,0.02588103351592712,48.727139559659086,0.3395189533472471,0.35704133030831453,6342621
2026-10-03T22:20:10.742Z,PEP,stock,125.89,0.2308917197452279,56.66663275790159,0.22192135452866235,0.48289605316394135,6071580
2026-10-03T22:20:10.742Z,KO,stock,85.65,-0.5226480836236802,50.86792656733354,0.6265256133080506,0.4868884691461393,19281489
2026-10-03T22:20:10.742Z,TGT,stock,156,-0.4467134652201587,68.48377905379019,0.5798849332316923,0.7198925220059655,4088123
2026-10-03T22:20:10.742Z,CVX,stock,206.69,-0.1979719942056961,36.45322048421892,0.2798302988880685,0.9129931690809642,6642588
2026-10-03T22:20:10.742Z,OXY,stock,58.08,0.41493775933609073,61.44108123328171,0.034420782523777824,2.0155466379371947,8872692
2026-10-03T22:20:10.742Z,SLB,stock,48.74,0.16440608302508306,32.352908177003854,1.1258711625126832,1.3727082857950812,11141176
2026-10-03T22:20:10.742Z,UNH,stock,371.9,1.8346111719605664,72.67311011893923,0.12890189497784116,1.9322992403854093,3292808
2026-10-03T22:20:10.742Z,LLY,stock,1142.85,-0.6087750576162109,36.47697823848912,1.8490428364749623,0.4818137375118449,2020098
2026-10-03T22:20:10.742Z,NVO,stock,37.32,-0.21390374331550346,60.869620689215225,0.7314834732647508,0.3762779406845924,10147743
2026-10-03T22:20:10.742Z,PFE,stock,27.8,-1.1379800853485074,77.01232926822985,1.0327458484928171,1.2381679783798647,34914894
2026-10-03T22:20:10.742Z,MRK,stock,144.3,0.34072734858494474,82.052084637536,0.006927835051538513,1.0362642486227427,9159620
2026-10-03T22:20:10.742Z,JNJ,stock,256.03,-1.0167787829583437,59.99989292043453,0.7366311517596845,0.32130138496181065,10176696
2026-10-03T22:20:10.742Z,ABBV,stock,262.82,1.111837802485279,54.40588390733728,0.4130209719162222,1.4376961198583016,5541012
2026-10-03T22:20:10.742Z,BA,stock,193.56,0.66569586020387,41.312296054583214,1.0429941910536722,1.4359042923239078,12577596
2026-10-03T22:20:10.742Z,CAT,stock,845.42,2.307738851576201,44.41246810312274,1.3541056659339386,0.765196662693678,2378887
2026-10-03T22:20:10.742Z,GE,stock,309.56,-0.9059188834469684,64.89358632133323,2.1017357446345244,0.40869680730489755,4148627
2026-10-03T22:20:10.742Z,LMT,stock,505.41,-0.017804154302665676,45.37362451181845,0.44419223443924055,1.2663054175565307,1060592
2026-10-03T22:20:10.742Z,RTX,stock,184.68,-0.1783687368250279,48.972126710073894,0.613606945623602,0.2007500658170373,3793732
2026-10-03T22:20:10.742Z,NOC,stock,478,-0.8298755186721992,27.96678516059319,0.7134914528467966,1.4797361609167803,2678739
2026-10-03T22:20:10.742Z,DE,stock,687,2.958367053322544,69.13170117295127,0.23235196669533173,2.5786540896918724,1063572
2026-10-03T22:20:10.742Z,BABA,stock,105.85,-1.4890646812470996,43.910109062454154,0.9636950597741858,0.6083080706173983,7768242
2026-10-03T22:20:10.742Z,PDD,stock,75.38,-1.4640522875817052,55.447585878332866,0.3604660813672899,0.6542937833423025,6223348
2026-10-03T22:20:10.742Z,SNOW,stock,341.04,-0.2777859001725163,70.59972846939378,0.3360713151177309,2.007003169691458,3301495
2026-10-03T22:20:10.742Z,DDOG,stock,277.22,0.2749041452651551,45.11265145844859,1.6078083407275856,0.6535424023345126,2068099
2026-10-03T22:20:10.742Z,PANW,stock,403.24,1.7640378548895923,61.704892060765786,1.2658856579788076,0.6075291896846411,4829505
2026-10-03T22:20:10.742Z,CRWD,stock,270.04,1.4844601450637174,67.46736675173412,0.8809287989646083,0.7424033940148049,5830129
2026-10-03T22:20:10.742Z,NET,stock,349.07,-0.5498575498575518,41.285930408472005,1.2313371141478688,1.071316250723241,2834127
2026-10-03T22:20:10.742Z,ROKU,stock,152.39,0.7470580457490384,52.458237471241375,0.0983304659332654,0.8070396545822658,1420321
2026-10-03T22:20:10.742Z,PINS,stock,19.26,-1.0277492291880745,50.704376699154324,1.0785789458680253,0.6532519969845334,8515739
2026-10-03T22:20:10.742Z,ADBE,stock,237.69,-1.4878978779840863,36.48215430647574,2.0763794406342706,0.2784462827921045,3103549
2026-10-03T22:20:10.742Z,AMAT,stock,540.04,2.0290950311732496,68.2172682180568,1.1865924018786196,0.8798279117170713,5699753
2026-10-03T22:20:10.742Z,LRCX,stock,347.49,2.1728903263745916,42.567479328334095,1.3303011160244236,0.2437684123842351,7429457
2026-10-03T22:20:10.742Z,KLAC,stock,206.89,3.274596915090088,57.862904466279865,0.8292566185785446,1.1835471046360175,7334998
2026-10-03T22:20:10.742Z,TXN,stock,293.8,4.439941701325942,43.24740700036307,0.9740815051484553,0.3586678052946239,4934069
2026-10-03T22:20:10.742Z,ADI,stock,417.15,3.1018289668808587,54.081690427929196,1.032028469750895,0.5023303690578107,2623345
2026-10-03T22:20:10.742Z,MRVL,stock,272.29,1.570426738287092,36.50658869196589,2.3630252321537535,0.08822356838843927,14725646
2026-10-03T22:20:10.742Z,CDNS,stock,351.35,0.17677415675876157,75.06588169329969,0.6980971321826257,2.54053357423558,2093620
2026-10-03T22:20:10.742Z,SNPS,stock,489.9,-0.13046846332613918,57.04726056043497,1.2288420603412487,1.202283421990947,3051798
2026-10-03T22:20:10.742Z,WDAY,stock,186.14,-0.3266398929049604,41.23717286546519,1.2257877344920531,0.3558358247055588,1425582
2026-10-03T22:20:10.742Z,TEAM,stock,187.89,-1.063661734505824,57.280064844066615,1.9312053909982214,0.5996657396362179,1701477
2026-10-03T22:20:10.742Z,ZS,stock,196.6,-1.0966898078277527,48.26229786408709,2.5260949151947436,0.699157110856719,1720683
2026-10-03T22:20:10.742Z,OKTA,stock,211.49,-0.5361425951182741,38.857828294910085,2.246362822467534,0.32732302573676025,2068431
2026-10-03T22:20:10.742Z,MDB,stock,357.96,1.771244989054093,54.54590048839113,0.6908065259271194,5.624079801352078,2682941
2026-10-03T22:20:10.742Z,FSLR,stock,174.61,1.4525594096798558,35.180863477246206,1.8410740691846659,0.20659971305596192,1895851
2026-10-03T22:20:10.742Z,ENPH,stock,33.47,1.9804996953077347,45.714275334149555,1.9768646909190353,0.9190378072011908,4664805
2026-10-03T22:20:10.742Z,NEE,stock,76.83,0.6286836935167047,50.623622284605375,1.0177824254416437,0.30680693981548585,18041737
2026-10-03T22:20:10.742Z,DUK,stock,114.13,0.34288728679444397,58.82310702617312,0.80827183932466,0.2107301884605786,3880387
2026-10-03T22:20:10.742Z,SO,stock,83.72,0.29950880555888343,54.14464471247233,0.6408760058626648,0.10162953500148146,7744995
2026-10-03T22:20:10.742Z,T,stock,24.3,0,36.58794477188386,0.7555671053295738,0.2888999549572911,24466804
2026-10-03T22:20:10.742Z,VZ,stock,45.92,-0.13049151805131617,37.03658352799337,0.9597792782426802,0.2806195651820806,19585521
2026-10-03T22:20:10.742Z,CMCSA,stock,21.57,-0.5990783410138203,50,1.2588662027852604,0.7708447001239055,20666526
2026-10-03T22:20:10.742Z,TMUS,stock,163.64,1.1809806467569386,34.34052114423689,0.4925490807379788,1.5262485643408115,3306030
2026-10-03T22:20:10.742Z,AXP,stock,302.78,0.2284087523585679,50,0.13852644792919214,0.9098524639550732,2610928
2026-10-03T22:20:10.742Z,MA,stock,552.26,0.4109090909090893,35.46393828418972,0.42371854341440923,1.1798747919395827,2452978
2026-10-03T22:20:10.742Z,BLK,stock,1059.63,-0.44439851178170836,23.070237708235197,2.510768303274152,0.08972930827711456,538424
2026-10-03T22:20:10.742Z,SCHW,stock,96.7,-1.6976720544881585,37.649054276315795,1.0589866515455242,0.2592048311748253,7581335
2026-10-03T22:20:10.742Z,C,stock,128.5,1.1811023622047243,54.273716059365135,0.09718172983479105,0.9823182711198428,7610602
2026-10-03T22:20:10.742Z,TFC,stock,46.45,0.3673292999135732,50.563565551572054,0.5033766014312673,0.47588245715356203,8580075
2026-10-03T22:20:10.742Z,USB,stock,57.51,0.2615062761506251,42.69634988941657,0.5275423920326535,0.5771243320443741,7520114
2026-10-03T22:20:10.742Z,CB,stock,330.89,-0.12375490492001961,46.86325666004452,0.33734216821223534,0.6846352395551732,1964566
2026-10-03T22:20:10.742Z,PGR,stock,210.31,-0.30811528251801557,71.76691111184189,0.6636262722024149,1.1348896784765083,2740287
2026-10-03T22:20:10.742Z,AMGN,stock,403.04,-1.0386230264934715,36.635478144043,0.9194156031565439,0.21757026008900246,3503505
2026-10-03T22:20:10.742Z,GILD,stock,144.74,-1.8711864406779597,66.25022649894618,1.7946158736758304,0.46504660354010446,4786436
2026-10-03T22:20:10.742Z,BMY,stock,61.15,0.5260562222587544,75.33327568931229,0.0817005920198178,1.342392849459362,9638721
2026-10-03T22:20:10.742Z,REGN,stock,735.2,0.053074944543501056,46.05568487472532,0.27941428238862864,0.7979372999294968,612910
2026-10-03T22:20:10.742Z,ISRG,stock,391.95,-2.3153225002492324,36.67674409704948,2.243451635487026,0.0025507880112934467,1826723
2026-10-03T22:20:10.742Z,TMO,stock,654.8,0.3509524758241197,54.871240027089975,0.7013667784182973,0.7384615384615315,1663049
2026-10-03T22:20:10.742Z,DHR,stock,214.06,1.0861352474499488,24.999863760960423,0.8246832691305717,0.20597551393591443,3894323
2026-10-03T22:20:10.742Z,ELV,stock,386.43,1.2471506799067233,51.020471715152304,0.32371579155679503,1.3666645933093657,889961
2026-10-03T22:20:10.742Z,CI,stock,270.53,0.9590983728914738,77.14333167247966,0.16974436361180312,1.6609728652602476,1910757
2026-10-03T22:20:10.742Z,CVS,stock,86.46,1.478873239436609,57.23251729796647,0.7689627849628929,1.2115854975329543,10446777
2026-10-03T22:20:10.742Z,MDT,stock,86.38,-0.06941230911615257,55.12355297707948,1.6733050650582897,0.793469166829131,34596650
2026-10-03T22:20:10.742Z,SYK,stock,275.43,0.90489449003518,53.43672607689497,0.5147138140109334,1.207081195297372,1945788
2026-10-03T22:20:10.742Z,HON,stock,213.99,0.08886810102899799,46.84990168232467,0.6407555130586345,0.6041222152199118,1792209
2026-10-03T22:20:10.742Z,UPS,stock,93.02,-0.9266162530620988,51.076465611420964,1.711749154793036,0.32268669535453937,4663083
2026-10-03T22:20:10.742Z,FDX,stock,290.36,1.1460619361131503,67.60003613043085,0.017218298777179994,1.0369528382472861,1459305
2026-10-03T22:20:10.742Z,DAL,stock,84.09,-0.04754546535123267,79.86564122520456,0.602835086666222,0.7427803644779385,8143457
2026-10-03T22:20:10.742Z,UAL,stock,112.51,0.6530685274646663,70.51286231293403,0.2924462500889059,0.8877361789224469,4017208
2026-10-03T22:20:10.742Z,AAL,stock,12.94,-1.4470677837014567,50,1.932547940294714,0.11605268118981275,71772533
2026-10-03T22:20:10.742Z,LUV,stock,42.47,1.505736137667293,73.5846204781989,0.2114693853076285,1.433009513784156,6171820
2026-10-03T22:20:10.742Z,CARR,stock,55.12,-0.18109380659181712,31.182883910186476,1.6241277871187867,0.2819973564665023,5689447
2026-10-03T22:20:10.742Z,ETN,stock,436.11,-0.26756311745333866,45.19524923519885,3.413984630941243,0.26554780687460605,2088721
2026-10-03T22:20:10.742Z,EMR,stock,161.61,1.9171343885981085,49.11519063405149,1.2375069971669956,0.7292430446210286,2888938
2026-10-03T22:20:10.742Z,MMM,stock,161.89,-0.6931664826401814,67.97736916548797,1.3827994709245612,0.41558043308761816,3019691
2026-10-03T22:20:10.742Z,WM,stock,204.45,1.2630014858840926,63.83986340762041,0.2050056754027208,1.6405698253283862,2366307
2026-10-03T22:20:10.742Z,LIN,stock,479.48,2.136542762807547,68.50165966087471,0.749328515375745,1.3699788583509553,2527281
2026-10-03T22:20:10.742Z,APD,stock,277.57,1.5512384297369515,41.72174053638918,0.773064740038895,1.1828989879055478,1012265
2026-10-03T22:20:10.742Z,FCX,stock,72.04,3.9838337182448105,63.690362660417975,1.2542002715229776,1.5859787133096233,11926686
2026-10-03T22:20:10.742Z,NEM,stock,115.56,0.7761402284817307,61.80540838384266,0.7813181172538405,1.4396083720283588,4015405
2026-10-03T22:20:10.742Z,EOG,stock,141.38,0.04953648007925354,50,0.141264181712154,0.8344577634322957,3592737
2026-10-03T22:20:10.742Z,COP,stock,126.75,-0.24397922241460906,38.311617537775575,0.2518294606065486,0.9638354911968128,5196222
2026-10-03T22:20:10.742Z,MPC,stock,422.33,0.518862311079378,41.2842623960579,0.48071144064371996,3.9824700592919564,2163484
2026-10-03T22:20:10.742Z,PSX,stock,264.58,0.13246035650757518,31.288100052422678,0.8957192611529217,3.2366296191200004,1987536
2026-10-03T22:20:10.742Z,HAL,stock,31.85,-0.09410288582182429,22.236890716977413,1.1790243488472598,0.759251455281037,8092378
2026-10-03T22:20:10.742Z,BKR,stock,56,0.6832074793239888,49.17521120314278,0.47983020360260087,1.0647900274546676,3969823
2026-10-03T22:20:10.742Z,WMB,stock,70.54,1.9069633054030735,70.45446663892356,0.014178669489876106,2.4322982475712935,8279976
2026-10-03T22:20:10.742Z,KMI,stock,31.07,1.7687520471667182,61.25210713616782,0.11252063253948374,2.0193731007539157,11618742
2026-10-03T22:20:10.742Z,PG,stock,144.91,0.666898228551586,68.8752237876547,0.18597099421557778,0.7228782359833776,6219527
2026-10-03T22:20:10.742Z,CL,stock,84.26,-0.31941322607357864,36.84221093420604,0.6192175967835634,0.23792820273025117,6600468
2026-10-03T22:20:10.742Z,KMB,stock,94.36,0.02119991520033498,42.857142857142854,0.9551765247518089,0.286963197596217,4442970
2026-10-03T22:20:10.742Z,PM,stock,187.46,0.47164755064851294,47.98531113235072,0.7938223224867712,0.468951552722907,3052459
2026-10-03T22:20:10.742Z,MO,stock,67.35,0.5974607916355361,64.48576806799383,0.09641906792940222,0.9366827128835437,6348286
2026-10-03T22:20:10.742Z,MDLZ,stock,58.19,0.7444598337950135,46.36352286756647,0.19723918115746045,0.7444627613614178,7771758
2026-10-03T22:20:10.742Z,GIS,stock,32.01,1.073571203031248,33.33311597274299,0.6209223537950083,1.3455783689931287,13642013
2026-10-03T22:20:10.742Z,KR,stock,59.03,-0.7565568258237991,57.630921144560546,0.7899159663865528,0.2547536161068352,4692484
2026-10-03T22:20:10.742Z,DG,stock,118.94,0.008408307407711178,38.333403975755516,0.2599580712788279,1.2470751605939654,1601129
2026-10-03T22:20:10.742Z,DLTR,stock,112.16,-1.9837455212793935,51.79156332476776,1.683031031063703,0.8497088461328408,1620651
2026-10-03T22:20:10.742Z,TJX,stock,132.68,-0.6811887117299174,47.2114446486511,0.6960561380908362,0.16230979357063677,6936773
2026-10-03T22:20:10.742Z,ROST,stock,228.54,-2.375053395984623,52.182390108476156,2.4146575065069538,0.37331351815171615,2300201
2026-10-03T22:20:10.742Z,BKNG,stock,159.02,-0.7861242825056095,50.700911255936,1.8697304413837017,0.3217497387157364,7528897
2026-10-03T22:20:10.742Z,MAR,stock,358.96,1.1753431607429632,62.487550103243045,0.24177711828664497,0.6349942189469614,874280
2026-10-03T22:20:10.742Z,HLT,stock,319.36,1.2427085975145877,59.13557176442221,0.41317728259228603,0.3330230121531533,1109055
2026-10-03T22:20:10.742Z,CMG,stock,32.36,0.12376237623762112,64.60178783623203,0.3387779999003755,1.5534292560406489,15057494
2026-10-03T22:20:10.742Z,YUM,stock,136.12,-0.4170019752725095,27.24011200560028,1.2371503545084797,0.0000035871383189103082,1751563
2026-10-03T22:20:10.742Z,EL,stock,91.97,1.9736112651069977,61.15706995552641,0.5890930046413847,1.5681909446546622,2689636
2026-10-03T22:20:10.742Z,LULU,stock,94.46,-1.4604631754642246,46.56762505066698,1.5169690889215275,0.8218566960496135,6071834
2026-10-03T22:20:10.742Z,BTC-USD,crypto,84756.94,0.2965505450384296,68.01992792028832,0.29654643311794904,0.3834422335411681,12345578496
2026-10-03T22:20:10.742Z,ETH-USD,crypto,2687.98,0.7412066944978754,57.08284235872739,0.030126527201150225,0.8562370980795584,5038611968
2026-10-03T22:20:10.742Z,SOL-USD,crypto,119.8,1.0040153227306785,59.64879406804614,0.19161774692656974,1.0885139148733123,1387225472
2026-10-03T22:20:10.742Z,XRP-USD,crypto,1.4876,0.17870005274263923,42.10493294643557,0.48832619119578285,0.5474784984158362,1171230848
2026-10-03T22:20:10.742Z,BNB-USD,crypto,786.62,2.407544585726065,58.40491443153866,0.5738375674500751,2.842275256040756,1291186688
2026-10-03T22:20:10.742Z,DOGE-USD,crypto,0.09295,-0.014763823200922958,49.31516636048173,0.5137510177463006,0.5625846541259767,486894624
2026-10-03T22:20:10.742Z,ADA-USD,crypto,0.24485,0.18958070097844623,42.63951711722615,1.4807067322214584,0.7571707378990583,277229280
2026-10-03T22:20:10.742Z,AVAX-USD,crypto,11.108,2.8114222120245898,53.33339388544751,0.7505395477017314,3.2054304590812785,353588352
2026-10-03T22:20:10.742Z,LINK-USD,crypto,14.133,2.4275837417789927,68.35442528620003,0.28222913106565867,2.524484268697476,245349792
2026-10-03T22:20:10.742Z,DOT-USD,crypto,1.183,2.442992596220641,19.177947972630918,3.0407379583331213,3.219610359027874,135827168
2026-10-03T22:20:10.742Z,LTC-USD,crypto,69.535,-0.4218983895227337,80.47430013175004,2.4508259273125788,1.3496754429889286,317074080
2026-10-03T22:20:10.742Z,BCH-USD,crypto,316.32,1.6133920745601729,45.833267106413416,0.16727350270035266,2.4120196200948256,142341440
2026-10-04T00:45:24.122Z,AAPL,stock,333.69,1.0202228142407377,47.5403713061628,0.18542854839859646,0.8309655944601747,31878433
2026-10-04T00:45:24.122Z,MSFT,stock,517.53,0.9223868954758228,78.53875458497967,0.8323892821655781,0.6916726655825419,17179496
2026-10-04T00:45:24.122Z,NVDA,stock,233.95,1.3384735337433835,38.36649170924583,1.5651946806937749,0.07699693042280333,134470648
2026-10-04T00:45:24.122Z,TSLA,stock,370.59,4.653921097963899,43.42942081609701,0.9567879036960371,0.7750067551284137,54147498
2026-10-04T00:45:24.122Z,AMZN,stock,251.52,1.3253837167143458,89.36936023522254,0.6733166403078797,0.559733292077098,33047205
2026-10-04T00:45:24.122Z,META,stock,728.08,0.2961718071990538,52.61787215005832,1.0290252379304825,0.21196658397761714,12873427
2026-10-04T00:45:24.122Z,GOOGL,stock,343.5,1.5551087984862793,60.73745531576857,0.5500850984536494,0.5709302522983118,22734069
2026-10-04T00:45:24.122Z,AMD,stock,633.91,2.952592857258855,61.972848697175394,1.6522895617061069,0.7501704636562898,19323673
2026-10-04T00:45:24.122Z,NFLX,stock,67.06,-1.16433308769343,41.39239397978343,0.9903867155251531,0.43433184291422433,38312283
2026-10-04T00:45:24.122Z,JPM,stock,332.38,-0.24011045080737478,65.42540527671363,0.5222596333707459,0.599275466129689,6539384
2026-10-04T00:45:24.122Z,V,stock,360.66,0.22509378907878344,46.11250289699926,0.17990024161684445,1.0007416453793374,3987848
2026-10-04T00:45:24.122Z,XOM,stock,164.01,0.11598095470638367,36.252512068286826,0.3221060579546582,1.250115369952977,11164224
2026-10-04T00:45:24.122Z,SPY,stock,769.64,0.7395384756344948,59.25925925925925,0.35087404306339376,0.29777867993430485,45857487
2026-10-04T00:45:24.122Z,QQQ,stock,749.58,1.0174790776653329,58.343026706231456,0.6474822134339334,0.23937496158725424,34175024
2026-10-04T00:45:24.122Z,DIA,stock,511.1,0.48759388148323274,62.80958385876419,0.2517642053041541,0.45007025262756545,3710080
2026-10-04T00:45:24.122Z,IWM,stock,281.52,0.8959931187728479,48.99235295323616,0.6931532367139838,0.18326901949744637,29615280
2026-10-04T00:45:24.122Z,XLK,stock,199.81,1.0110712299681512,48.57614647005997,0.7697658947423928,0.21064276625569295,8927877
2026-10-04T00:45:24.122Z,XLF,stock,53.49,0.05611672278339158,48.89034960672029,0.3008337437669687,0.4507042253521164,30268795
2026-10-04T00:45:24.122Z,PLTR,stock,188.75,-0.6788044622184761,29.586672732999688,2.9812402779632894,0.0052953833554378535,17716878
2026-10-04T00:45:24.122Z,SOFI,stock,15.77,-0.4419191919191937,28.62384964858464,1.8973607991523451,0.2052367036466378,44191235
2026-10-04T00:45:24.122Z,COIN,stock,183,-3.322943631464944,65.73166056934019,8.56857078164798,1.0491407136664317,12808738
2026-10-04T00:45:24.122Z,HOOD,stock,112.74,1.4304993252361575,41.26041696585738,5.105004241906107,0.1663192345226916,29222290
2026-10-04T00:45:24.122Z,RIVN,stock,14.3,-3.1165311653116468,54.389060875417954,4.888592317070226,1.960787086984217,59672838
2026-10-04T00:45:24.122Z,LCID,stock,4.13,-1.4319809069212528,34.262705613968876,1.4319822530088848,0.7317096601279084,7667981
2026-10-04T00:45:24.122Z,F,stock,12.1,-1.3854930725346368,51.4092797970078,0.6568169390093217,0.9182759492061937,48917301
2026-10-04T00:45:24.122Z,GM,stock,78.27,-1.3113100491741347,36.59773948198429,1.1929513117185013,0.1535489082253607,9076899
2026-10-04T00:45:24.122Z,BAC,stock,53.75,0.03722315280104807,60.674118776573856,0.2690425021469395,0.7121996706502702,34897453
2026-10-04T00:45:24.122Z,WFC,stock,80.45,0.24922118380062658,56.321798761772804,0.21086918976722047,0.6568619683407618,10074371
2026-10-04T00:45:24.122Z,GS,stock,902.56,0.6568748815060153,49.60085785773859,0.8328404999713709,0.5489568811290002,1584186
2026-10-04T00:45:24.122Z,MS,stock,190.31,1.223339184085959,33.657888785149694,0.5850664569987958,0.7944507498554222,6252383
2026-10-04T00:45:24.122Z,PYPL,stock,52.8,-0.4900113079532701,50.67084376327739,1.0216537786704813,0.31843405520570633,9001061
2026-10-04T00:45:24.122Z,SHOP,stock,151.39,1.5426923334898268,44.975870452438144,0.9033214858066987,0.6381754776042706,5571811
2026-10-04T00:45:24.122Z,CRM,stock,234.69,-0.8449871139465123,55.736347549608716,1.65933123727715,0.5462402804194385,7840153
2026-10-04T00:45:24.122Z,ORCL,stock,142.3,3.063663359165654,59.48987087842229,1.7668824772117973,1.3966108830374837,30193711
2026-10-04T00:45:24.122Z,AVGO,stock,355.14,3.3465254335932957,44.02815883921641,0.5405123042065869,1.8643830537114214,24509128
2026-10-04T00:45:24.122Z,MU,stock,1074.89,-2.050319394198963,42.33477724269777,1.9090953244759,0.206956096818229,26523742
2026-10-04T00:45:24.122Z,INTC,stock,119.33,-0.5583333333333347,30.63806332128054,5.256051694040617,-0.0000015344462089237856,94956744
2026-10-04T00:45:24.122Z,TSM,stock,472.78,2.9573170731707283,54.89107640687834,0.3551360692350592,1.6053818917711022,9722477
2026-10-04T00:45:24.122Z,ASML,stock,1867.31,3.2524371160470853,67.09659103987478,0.24360640050229976,0.7844975992449009,1335151
2026-10-04T00:45:24.122Z,QCOM,stock,184.87,1.526717557251909,36.45926385065539,1.9725311045797056,0.1137205316398025,10092090
2026-10-04T00:45:24.122Z,ARM,stock,307.49,5.1823219538893195,49.12734806482709,3.1969618174064065,1.2114875141960644,5880656
2026-10-04T00:45:24.122Z,SMCI,stock,43.69,4.2223282442748,47.70620796658909,1.9854195127131948,2.043679554727738,42778087
2026-10-04T00:45:24.122Z,NOW,stock,134.38,-2.4535423925667796,40.77752690882373,2.9677271500772227,0.5010793900912447,8760611
2026-10-04T00:45:24.122Z,UBER,stock,68.11,0.3388332351208073,44.375143053330284,0.35113164517767087,1.1396867034481781,15498371
2026-10-04T00:45:24.122Z,ABNB,stock,162.43,1.2214121019505253,40.883991873277076,1.0538521098417102,0.7068056056303453,3362539
2026-10-04T00:45:24.122Z,DIS,stock,102.19,0.8487121286884431,38.157907945590516,0.34123470715641685,0.6798029556650224,6526004
2026-10-04T00:45:24.122Z,WMT,stock,104.26,0,60.79572055279083,0.7305700407768636,0.3658093537055163,22930196
2026-10-04T00:45:24.122Z,COST,stock,920.65,0.6240846394298994,76.05284080484374,0.03474279436936879,1.0964539335075227,2011685
2026-10-04T00:45:24.122Z,HD,stock,282.85,0.13807264745452213,35.42502087125514,1.3557339542057547,0.6225520663418125,4723854
2026-10-04T00:45:24.122Z,LOW,stock,180.8,-0.8663230617392171,30.81687842758079,1.9097261199795033,0.3608138359910992,2756482
2026-10-04T00:45:24.122Z,NKE,stock,33.87,-3.6415362731152237,57.810875345736704,0.044262423715909015,3.1835467258857895,141948809
2026-10-04T00:45:24.122Z,SBUX,stock,94.71,-0.17917369308600517,51.34069207040168,0.31575847751304725,0.3071402633749073,5946911
2026-10-04T00:45:24.122Z,MCD,stock,231.89,0.02588103351592712,48.727139559659086,0.3395189533472471,0.35704133030831453,6342621
2026-10-04T00:45:24.122Z,PEP,stock,125.89,0.2308917197452279,56.66663275790159,0.22192135452866235,0.48289605316394135,6071580
2026-10-04T00:45:24.122Z,KO,stock,85.65,-0.5226480836236802,50.86792656733354,0.6265256133080506,0.4868884691461393,19281489
2026-10-04T00:45:24.122Z,TGT,stock,156,-0.4467134652201587,68.48377905379019,0.5798849332316923,0.7198925220059655,4088123
2026-10-04T00:45:24.122Z,CVX,stock,206.69,-0.1979719942056961,36.45322048421892,0.2798302988880685,0.9129931690809642,6642588
2026-10-04T00:45:24.122Z,OXY,stock,58.08,0.41493775933609073,61.44108123328171,0.034420782523777824,2.0155466379371947,8872692
2026-10-04T00:45:24.122Z,SLB,stock,48.74,0.16440608302508306,32.352908177003854,1.1258711625126832,1.3727082857950812,11141176
2026-10-04T00:45:24.122Z,UNH,stock,371.9,1.8346111719605664,72.67311011893923,0.12890189497784116,1.9322992403854093,3292808
2026-10-04T00:45:24.122Z,LLY,stock,1142.85,-0.6087750576162109,36.47697823848912,1.8490428364749623,0.4818137375118449,2020098
2026-10-04T00:45:24.122Z,NVO,stock,37.32,-0.21390374331550346,60.869620689215225,0.7314834732647508,0.3762779406845924,10147743
2026-10-04T00:45:24.122Z,PFE,stock,27.8,-1.1379800853485074,77.01232926822985,1.0327458484928171,1.2381679783798647,34914894
2026-10-04T00:45:24.122Z,MRK,stock,144.3,0.34072734858494474,82.052084637536,0.006927835051538513,1.0362642486227427,9159620
2026-10-04T00:45:24.122Z,JNJ,stock,256.03,-1.0167787829583437,59.99989292043453,0.7366311517596845,0.32130138496181065,10176696
2026-10-04T00:45:24.122Z,ABBV,stock,262.82,1.111837802485279,54.40588390733728,0.4130209719162222,1.4376961198583016,5541012
2026-10-04T00:45:24.122Z,BA,stock,193.56,0.66569586020387,41.312296054583214,1.0429941910536722,1.4359042923239078,12577596
2026-10-04T00:45:24.122Z,CAT,stock,845.42,2.307738851576201,44.41246810312274,1.3541056659339386,0.765196662693678,2378887
2026-10-04T00:45:24.122Z,GE,stock,309.56,-0.9059188834469684,64.89358632133323,2.1017357446345244,0.40869680730489755,4148627
2026-10-04T00:45:24.122Z,LMT,stock,505.41,-0.017804154302665676,45.37362451181845,0.44419223443924055,1.2663054175565307,1060592
2026-10-04T00:45:24.122Z,RTX,stock,184.68,-0.1783687368250279,48.972126710073894,0.613606945623602,0.2007500658170373,3793732
2026-10-04T00:45:24.122Z,NOC,stock,478,-0.8298755186721992,27.96678516059319,0.7134914528467966,1.4797361609167803,2678739
2026-10-04T00:45:24.122Z,DE,stock,687,2.958367053322544,69.13170117295127,0.23235196669533173,2.5786540896918724,1063572
2026-10-04T00:45:24.122Z,BABA,stock,105.85,-1.4890646812470996,43.910109062454154,0.9636950597741858,0.6083080706173983,7768242
2026-10-04T00:45:24.122Z,PDD,stock,75.38,-1.4640522875817052,55.447585878332866,0.3604660813672899,0.6542937833423025,6223348
2026-10-04T00:45:24.122Z,SNOW,stock,341.04,-0.2777859001725163,70.59972846939378,0.3360713151177309,2.007003169691458,3301495
2026-10-04T00:45:24.122Z,DDOG,stock,277.22,0.2749041452651551,45.11265145844859,1.6078083407275856,0.6535424023345126,2068099
2026-10-04T00:45:24.122Z,PANW,stock,403.24,1.7640378548895923,61.704892060765786,1.2658856579788076,0.6075291896846411,4829505
2026-10-04T00:45:24.122Z,CRWD,stock,270.04,1.4844601450637174,67.46736675173412,0.8809287989646083,0.7424033940148049,5830129
2026-10-04T00:45:24.122Z,NET,stock,349.07,-0.5498575498575518,41.285930408472005,1.2313371141478688,1.071316250723241,2834127
2026-10-04T00:45:24.122Z,ROKU,stock,152.39,0.7470580457490384,52.458237471241375,0.0983304659332654,0.8070396545822658,1420321
2026-10-04T00:45:24.122Z,PINS,stock,19.26,-1.0277492291880745,50.704376699154324,1.0785789458680253,0.6532519969845334,8515739
2026-10-04T00:45:24.122Z,ADBE,stock,237.69,-1.4878978779840863,36.48215430647574,2.0763794406342706,0.2784462827921045,3103549
2026-10-04T00:45:24.122Z,AMAT,stock,540.04,2.0290950311732496,68.2172682180568,1.1865924018786196,0.8798279117170713,5699753
2026-10-04T00:45:24.122Z,LRCX,stock,347.49,2.1728903263745916,42.567479328334095,1.3303011160244236,0.2437684123842351,7429457
2026-10-04T00:45:24.122Z,KLAC,stock,206.89,3.274596915090088,57.862904466279865,0.8292566185785446,1.1835471046360175,7334998
2026-10-04T00:45:24.122Z,TXN,stock,293.8,4.439941701325942,43.24740700036307,0.9740815051484553,0.3586678052946239,4934069
2026-10-04T00:45:24.122Z,ADI,stock,417.15,3.1018289668808587,54.081690427929196,1.032028469750895,0.5023303690578107,2623345
2026-10-04T00:45:24.122Z,MRVL,stock,272.29,1.570426738287092,36.50658869196589,2.3630252321537535,0.08822356838843927,14725646
2026-10-04T00:45:24.122Z,CDNS,stock,351.35,0.17677415675876157,75.06588169329969,0.6980971321826257,2.54053357423558,2093620
2026-10-04T00:45:24.122Z,SNPS,stock,489.9,-0.13046846332613918,57.04726056043497,1.2288420603412487,1.202283421990947,3051798
2026-10-04T00:45:24.122Z,WDAY,stock,186.14,-0.3266398929049604,41.23717286546519,1.2257877344920531,0.3558358247055588,1425582
2026-10-04T00:45:24.122Z,TEAM,stock,187.89,-1.063661734505824,57.280064844066615,1.9312053909982214,0.5996657396362179,1701477
2026-10-04T00:45:24.122Z,ZS,stock,196.6,-1.0966898078277527,48.26229786408709,2.5260949151947436,0.699157110856719,1720683
2026-10-04T00:45:24.122Z,OKTA,stock,211.49,-0.5361425951182741,38.857828294910085,2.246362822467534,0.32732302573676025,2068431
2026-10-04T00:45:24.122Z,MDB,stock,357.96,1.771244989054093,54.54590048839113,0.6908065259271194,5.624079801352078,2682941
2026-10-04T00:45:24.122Z,FSLR,stock,174.61,1.4525594096798558,35.180863477246206,1.8410740691846659,0.20659971305596192,1895851
2026-10-04T00:45:24.122Z,ENPH,stock,33.47,1.9804996953077347,45.714275334149555,1.9768646909190353,0.9190378072011908,4664805
2026-10-04T00:45:24.122Z,NEE,stock,76.83,0.6286836935167047,50.623622284605375,1.0177824254416437,0.30680693981548585,18041737
2026-10-04T00:45:24.122Z,DUK,stock,114.13,0.34288728679444397,58.82310702617312,0.80827183932466,0.2107301884605786,3880387
2026-10-04T00:45:24.122Z,SO,stock,83.72,0.29950880555888343,54.14464471247233,0.6408760058626648,0.10162953500148146,7744995
2026-10-04T00:45:24.122Z,T,stock,24.3,0,36.58794477188386,0.7555671053295738,0.2888999549572911,24466804
2026-10-04T00:45:24.122Z,VZ,stock,45.92,-0.13049151805131617,37.03658352799337,0.9597792782426802,0.2806195651820806,19585521
2026-10-04T00:45:24.122Z,CMCSA,stock,21.57,-0.5990783410138203,50,1.2588662027852604,0.7708447001239055,20666526
2026-10-04T00:45:24.122Z,TMUS,stock,163.64,1.1809806467569386,34.34052114423689,0.4925490807379788,1.5262485643408115,3306030
2026-10-04T00:45:24.122Z,AXP,stock,302.78,0.2284087523585679,50,0.13852644792919214,0.9098524639550732,2610928
2026-10-04T00:45:24.122Z,MA,stock,552.26,0.4109090909090893,35.46393828418972,0.42371854341440923,1.1798747919395827,2452978
2026-10-04T00:45:24.122Z,BLK,stock,1059.63,-0.44439851178170836,23.070237708235197,2.510768303274152,0.08972930827711456,538424
2026-10-04T00:45:24.122Z,SCHW,stock,96.7,-1.6976720544881585,37.649054276315795,1.0589866515455242,0.2592048311748253,7581335
2026-10-04T00:45:24.122Z,C,stock,128.5,1.1811023622047243,54.273716059365135,0.09718172983479105,0.9823182711198428,7610602
2026-10-04T00:45:24.122Z,TFC,stock,46.45,0.3673292999135732,50.563565551572054,0.5033766014312673,0.47588245715356203,8580075
2026-10-04T00:45:24.122Z,USB,stock,57.51,0.2615062761506251,42.69634988941657,0.5275423920326535,0.5771243320443741,7520114
2026-10-04T00:45:24.122Z,CB,stock,330.89,-0.12375490492001961,46.86325666004452,0.33734216821223534,0.6846352395551732,1964566
2026-10-04T00:45:24.122Z,PGR,stock,210.31,-0.30811528251801557,71.76691111184189,0.6636262722024149,1.1348896784765083,2740287
2026-10-04T00:45:24.122Z,AMGN,stock,403.04,-1.0386230264934715,36.635478144043,0.9194156031565439,0.21757026008900246,3503505
2026-10-04T00:45:24.122Z,GILD,stock,144.74,-1.8711864406779597,66.25022649894618,1.7946158736758304,0.46504660354010446,4786436
2026-10-04T00:45:24.122Z,BMY,stock,61.15,0.5260562222587544,75.33327568931229,0.0817005920198178,1.342392849459362,9638721
2026-10-04T00:45:24.122Z,REGN,stock,735.2,0.053074944543501056,46.05568487472532,0.27941428238862864,0.7979372999294968,612910
2026-10-04T00:45:24.122Z,ISRG,stock,391.95,-2.3153225002492324,36.67674409704948,2.243451635487026,0.0025507880112934467,1826723
2026-10-04T00:45:24.122Z,TMO,stock,654.8,0.3509524758241197,54.871240027089975,0.7013667784182973,0.7384615384615315,1663049
2026-10-04T00:45:24.122Z,DHR,stock,214.06,1.0861352474499488,24.999863760960423,0.8246832691305717,0.20597551393591443,3894323
2026-10-04T00:45:24.122Z,ELV,stock,386.43,1.2471506799067233,51.020471715152304,0.32371579155679503,1.3666645933093657,889961
2026-10-04T00:45:24.122Z,CI,stock,270.53,0.9590983728914738,77.14333167247966,0.16974436361180312,1.6609728652602476,1910757
2026-10-04T00:45:24.122Z,CVS,stock,86.46,1.478873239436609,57.23251729796647,0.7689627849628929,1.2115854975329543,10446777
2026-10-04T00:45:24.122Z,MDT,stock,86.38,-0.06941230911615257,55.12355297707948,1.6733050650582897,0.793469166829131,34596650
2026-10-04T00:45:24.122Z,SYK,stock,275.43,0.90489449003518,53.43672607689497,0.5147138140109334,1.207081195297372,1945788
2026-10-04T00:45:24.122Z,HON,stock,213.99,0.08886810102899799,46.84990168232467,0.6407555130586345,0.6041222152199118,1792209
2026-10-04T00:45:24.122Z,UPS,stock,93.02,-0.9266162530620988,51.076465611420964,1.711749154793036,0.32268669535453937,4663083
2026-10-04T00:45:24.122Z,FDX,stock,290.36,1.1460619361131503,67.60003613043085,0.017218298777179994,1.0369528382472861,1459305
2026-10-04T00:45:24.122Z,DAL,stock,84.09,-0.04754546535123267,79.86564122520456,0.602835086666222,0.7427803644779385,8143457
2026-10-04T00:45:24.122Z,UAL,stock,112.51,0.6530685274646663,70.51286231293403,0.2924462500889059,0.8877361789224469,4017208
2026-10-04T00:45:24.122Z,AAL,stock,12.94,-1.4470677837014567,50,1.932547940294714,0.11605268118981275,71772533
2026-10-04T00:45:24.122Z,LUV,stock,42.47,1.505736137667293,73.5846204781989,0.2114693853076285,1.433009513784156,6171820
2026-10-04T00:45:24.122Z,CARR,stock,55.12,-0.18109380659181712,31.182883910186476,1.6241277871187867,0.2819973564665023,5689447
2026-10-04T00:45:24.122Z,ETN,stock,436.11,-0.26756311745333866,45.19524923519885,3.413984630941243,0.26554780687460605,2088721
2026-10-04T00:45:24.122Z,EMR,stock,161.61,1.9171343885981085,49.11519063405149,1.2375069971669956,0.7292430446210286,2888938
2026-10-04T00:45:24.122Z,MMM,stock,161.89,-0.6931664826401814,67.97736916548797,1.3827994709245612,0.41558043308761816,3019691
2026-10-04T00:45:24.122Z,WM,stock,204.45,1.2630014858840926,63.83986340762041,0.2050056754027208,1.6405698253283862,2366307
2026-10-04T00:45:24.122Z,LIN,stock,479.48,2.136542762807547,68.50165966087471,0.749328515375745,1.3699788583509553,2527281
2026-10-04T00:45:24.122Z,APD,stock,277.57,1.5512384297369515,41.72174053638918,0.773064740038895,1.1828989879055478,1012265
2026-10-04T00:45:24.122Z,FCX,stock,72.04,3.9838337182448105,63.690362660417975,1.2542002715229776,1.5859787133096233,11926686
2026-10-04T00:45:24.122Z,NEM,stock,115.56,0.7761402284817307,61.80540838384266,0.7813181172538405,1.4396083720283588,4015405
2026-10-04T00:45:24.122Z,EOG,stock,141.38,0.04953648007925354,50,0.141264181712154,0.8344577634322957,3592737
2026-10-04T00:45:24.122Z,COP,stock,126.75,-0.24397922241460906,38.311617537775575,0.2518294606065486,0.9638354911968128,5196222
2026-10-04T00:45:24.122Z,MPC,stock,422.33,0.518862311079378,41.2842623960579,0.48071144064371996,3.9824700592919564,2163484
2026-10-04T00:45:24.122Z,PSX,stock,264.58,0.13246035650757518,31.288100052422678,0.8957192611529217,3.2366296191200004,1987536
2026-10-04T00:45:24.122Z,HAL,stock,31.85,-0.09410288582182429,22.236890716977413,1.1790243488472598,0.759251455281037,8092378
2026-10-04T00:45:24.122Z,BKR,stock,56,0.6832074793239888,49.17521120314278,0.47983020360260087,1.0647900274546676,3969823
2026-10-04T00:45:24.122Z,WMB,stock,70.54,1.9069633054030735,70.45446663892356,0.014178669489876106,2.4322982475712935,8279976
2026-10-04T00:45:24.122Z,KMI,stock,31.07,1.7687520471667182,61.25210713616782,0.11252063253948374,2.0193731007539157,11618742
2026-10-04T00:45:24.122Z,PG,stock,144.91,0.666898228551586,68.8752237876547,0.18597099421557778,0.7228782359833776,6219527
2026-10-04T00:45:24.122Z,CL,stock,84.26,-0.31941322607357864,36.84221093420604,0.6192175967835634,0.23792820273025117,6600468
2026-10-04T00:45:24.122Z,KMB,stock,94.36,0.02119991520033498,42.857142857142854,0.9551765247518089,0.286963197596217,4442970
2026-10-04T00:45:24.122Z,PM,stock,187.46,0.47164755064851294,47.98531113235072,0.7938223224867712,0.468951552722907,3052459
2026-10-04T00:45:24.122Z,MO,stock,67.35,0.5974607916355361,64.48576806799383,0.09641906792940222,0.9366827128835437,6348286
2026-10-04T00:45:24.122Z,MDLZ,stock,58.19,0.7444598337950135,46.36352286756647,0.19723918115746045,0.7444627613614178,7771758
2026-10-04T00:45:24.122Z,GIS,stock,32.01,1.073571203031248,33.33311597274299,0.6209223537950083,1.3455783689931287,13642013
2026-10-04T00:45:24.122Z,KR,stock,59.03,-0.7565568258237991,57.630921144560546,0.7899159663865528,0.2547536161068352,4692484
2026-10-04T00:45:24.122Z,DG,stock,118.94,0.008408307407711178,38.333403975755516,0.2599580712788279,1.2470751605939654,1601129
2026-10-04T00:45:24.122Z,DLTR,stock,112.16,-1.9837455212793935,51.79156332476776,1.683031031063703,0.8497088461328408,1620651
2026-10-04T00:45:24.122Z,TJX,stock,132.68,-0.6811887117299174,47.2114446486511,0.6960561380908362,0.16230979357063677,6936773
2026-10-04T00:45:24.122Z,ROST,stock,228.54,-2.375053395984623,52.182390108476156,2.4146575065069538,0.37331351815171615,2300201
2026-10-04T00:45:24.122Z,BKNG,stock,159.02,-0.7861242825056095,50.700911255936,1.8697304413837017,0.3217497387157364,7528897
2026-10-04T00:45:24.122Z,MAR,stock,358.96,1.1753431607429632,62.487550103243045,0.24177711828664497,0.6349942189469614,874280
2026-10-04T00:45:24.122Z,HLT,stock,319.36,1.2427085975145877,59.13557176442221,0.41317728259228603,0.3330230121531533,1109055
2026-10-04T00:45:24.122Z,CMG,stock,32.36,0.12376237623762112,64.60178783623203,0.3387779999003755,1.5534292560406489,15057494
2026-10-04T00:45:24.122Z,YUM,stock,136.12,-0.4170019752725095,27.24011200560028,1.2371503545084797,0.0000035871383189103082,1751563
2026-10-04T00:45:24.122Z,EL,stock,91.97,1.9736112651069977,61.15706995552641,0.5890930046413847,1.5681909446546622,2689636
2026-10-04T00:45:24.122Z,LULU,stock,94.46,-1.4604631754642246,46.56762505066698,1.5169690889215275,0.8218566960496135,6071834
2026-10-04T00:45:24.122Z,BTC-USD,crypto,84787.3,0.05290145543315146,45.85432688057986,0.07049996450416772,0.0000036856936334666976,12211648512
2026-10-04T00:45:24.122Z,ETH-USD,crypto,2690.18,0.12445865694817441,66.03978824723828,0.07317208978724375,0.1299017999793118,4850334208
2026-10-04T00:45:24.122Z,SOL-USD,crypto,120.08,0.36681697840113725,85.00038147554741,0.0000015248623095305128,0.35099141320151583,1324862848
2026-10-04T00:45:24.122Z,XRP-USD,crypto,1.4891,0.17490750084091208,74.60404564119061,0.08722200355275722,0.22884759513294206,1109779072
2026-10-04T00:45:24.122Z,BNB-USD,crypto,784.91,-0.2932603472529828,14.587855512884744,0.29596949637700104,0.0000034214712052362458,1294077696
2026-10-04T00:45:24.122Z,DOGE-USD,crypto,0.09297,0.15558211432666763,65.71373834560859,0.0967136570436839,0.12924107077802524,449596192
2026-10-04T00:45:24.122Z,ADA-USD,crypto,0.24408,-0.039365028816087784,62.01570983019521,0.19219161424450185,0.12716768962257294,253135216
2026-10-04T00:45:24.122Z,AVAX-USD,crypto,11.123,0.003299578436139141,49.5577611234893,0.1257078550582947,0.153070893998827,326584992
2026-10-04T00:45:24.122Z,LINK-USD,crypto,14.146,0.21417538932970046,52.678411771217405,0.23273785914877396,0.09198065390085604,237456720
2026-10-04T00:45:24.122Z,DOT-USD,crypto,1.1862,0.11965911374604146,59.5748998123066,0.07581945863862276,0.35532646753739877,130177320
2026-10-04T00:45:24.122Z,LTC-USD,crypto,70.635,0.5240743310313958,93.09711569622988,0.002832846197117075,0.7473861997527927,316735296
2026-10-04T00:45:24.122Z,BCH-USD,crypto,319.25,-0.1490336271782249,48.88878124394497,0.3589244439423797,0.031335141917020304,152052464
2026-10-04T06:23:07.159Z,AAPL,stock,333.69,1.0202228142407377,47.5403713061628,0.18542854839859646,0.8309655944601747,31878433
2026-10-04T06:23:07.159Z,MSFT,stock,517.53,0.9223868954758228,78.53875458497967,0.8323892821655781,0.6916726655825419,17179496
2026-10-04T06:23:07.159Z,NVDA,stock,233.95,1.3384735337433835,38.36649170924583,1.5651946806937749,0.07699693042280333,134470648
2026-10-04T06:23:07.159Z,TSLA,stock,370.59,4.653921097963899,43.42942081609701,0.9567879036960371,0.7750067551284137,54147498
2026-10-04T06:23:07.159Z,AMZN,stock,251.52,1.3253837167143458,89.36936023522254,0.6733166403078797,0.559733292077098,33047205
2026-10-04T06:23:07.159Z,META,stock,728.08,0.2961718071990538,52.61787215005832,1.0290252379304825,0.21196658397761714,12873427
2026-10-04T06:23:07.159Z,GOOGL,stock,343.5,1.5551087984862793,60.73745531576857,0.5500850984536494,0.5709302522983118,22734069
2026-10-04T06:23:07.159Z,AMD,stock,633.91,2.952592857258855,61.972848697175394,1.6522895617061069,0.7501704636562898,19323673
2026-10-04T06:23:07.159Z,NFLX,stock,67.06,-1.16433308769343,41.39239397978343,0.9903867155251531,0.43433184291422433,38312283
2026-10-04T06:23:07.159Z,JPM,stock,332.38,-0.24011045080737478,65.42540527671363,0.5222596333707459,0.599275466129689,6539384
2026-10-04T06:23:07.159Z,V,stock,360.66,0.22509378907878344,46.11250289699926,0.17990024161684445,1.0007416453793374,3987848
2026-10-04T06:23:07.159Z,XOM,stock,164.01,0.11598095470638367,36.252512068286826,0.3221060579546582,1.250115369952977,11164224
2026-10-04T06:23:07.159Z,SPY,stock,769.64,0.7395384756344948,59.25925925925925,0.35087404306339376,0.29777867993430485,45857487
2026-10-04T06:23:07.159Z,QQQ,stock,749.58,1.0174790776653329,58.343026706231456,0.6474822134339334,0.23937496158725424,34175024
2026-10-04T06:23:07.159Z,DIA,stock,511.1,0.48759388148323274,62.80958385876419,0.2517642053041541,0.45007025262756545,3710080
2026-10-04T06:23:07.159Z,IWM,stock,281.52,0.8959931187728479,48.99235295323616,0.6931532367139838,0.18326901949744637,29615280
2026-10-04T06:23:07.159Z,XLK,stock,199.81,1.0110712299681512,48.57614647005997,0.7697658947423928,0.21064276625569295,8927877
2026-10-04T06:23:07.159Z,XLF,stock,53.49,0.05611672278339158,48.89034960672029,0.3008337437669687,0.4507042253521164,30268795
2026-10-04T06:23:07.159Z,PLTR,stock,188.75,-0.6788044622184761,29.586672732999688,2.9812402779632894,0.0052953833554378535,17716878
2026-10-04T06:23:07.159Z,SOFI,stock,15.77,-0.4419191919191937,28.62384964858464,1.8973607991523451,0.2052367036466378,44191235
2026-10-04T06:23:07.159Z,COIN,stock,183,-3.322943631464944,65.73166056934019,8.56857078164798,1.0491407136664317,12808738
2026-10-04T06:23:07.159Z,HOOD,stock,112.74,1.4304993252361575,41.26041696585738,5.105004241906107,0.1663192345226916,29222290
2026-10-04T06:23:07.159Z,RIVN,stock,14.3,-3.1165311653116468,54.389060875417954,4.888592317070226,1.960787086984217,59672838
2026-10-04T06:23:07.159Z,LCID,stock,4.13,-1.4319809069212528,34.262705613968876,1.4319822530088848,0.7317096601279084,7667981
2026-10-04T06:23:07.159Z,F,stock,12.1,-1.3854930725346368,51.4092797970078,0.6568169390093217,0.9182759492061937,48917301
2026-10-04T06:23:07.159Z,GM,stock,78.27,-1.3113100491741347,36.59773948198429,1.1929513117185013,0.1535489082253607,9076899
2026-10-04T06:23:07.159Z,BAC,stock,53.75,0.03722315280104807,60.674118776573856,0.2690425021469395,0.7121996706502702,34897453
2026-10-04T06:23:07.159Z,WFC,stock,80.45,0.24922118380062658,56.321798761772804,0.21086918976722047,0.6568619683407618,10074371
2026-10-04T06:23:07.159Z,GS,stock,902.56,0.6568748815060153,49.60085785773859,0.8328404999713709,0.5489568811290002,1584186
2026-10-04T06:23:07.159Z,MS,stock,190.31,1.223339184085959,33.657888785149694,0.5850664569987958,0.7944507498554222,6252383
2026-10-04T06:23:07.159Z,PYPL,stock,52.8,-0.4900113079532701,50.67084376327739,1.0216537786704813,0.31843405520570633,9001061
2026-10-04T06:23:07.159Z,SHOP,stock,151.39,1.5426923334898268,44.975870452438144,0.9033214858066987,0.6381754776042706,5571811
2026-10-04T06:23:07.159Z,CRM,stock,234.69,-0.8449871139465123,55.736347549608716,1.65933123727715,0.5462402804194385,7840153
2026-10-04T06:23:07.159Z,ORCL,stock,142.3,3.063663359165654,59.48987087842229,1.7668824772117973,1.3966108830374837,30193711
2026-10-04T06:23:07.159Z,AVGO,stock,355.14,3.3465254335932957,44.02815883921641,0.5405123042065869,1.8643830537114214,24509128
2026-10-04T06:23:07.159Z,MU,stock,1074.89,-2.050319394198963,42.33477724269777,1.9090953244759,0.206956096818229,26523742
2026-10-04T06:23:07.159Z,INTC,stock,119.33,-0.5583333333333347,30.63806332128054,5.256051694040617,-0.0000015344462089237856,94956744
2026-10-04T06:23:07.159Z,TSM,stock,472.78,2.9573170731707283,54.89107640687834,0.3551360692350592,1.6053818917711022,9722477
2026-10-04T06:23:07.159Z,ASML,stock,1867.31,3.2524371160470853,67.09659103987478,0.24360640050229976,0.7844975992449009,1335151
2026-10-04T06:23:07.159Z,QCOM,stock,184.87,1.526717557251909,36.45926385065539,1.9725311045797056,0.1137205316398025,10092090
2026-10-04T06:23:07.159Z,ARM,stock,307.49,5.1823219538893195,49.12734806482709,3.1969618174064065,1.2114875141960644,5880656
2026-10-04T06:23:07.159Z,SMCI,stock,43.69,4.2223282442748,47.70620796658909,1.9854195127131948,2.043679554727738,42778087
2026-10-04T06:23:07.159Z,NOW,stock,134.38,-2.4535423925667796,40.77752690882373,2.9677271500772227,0.5010793900912447,8760611
2026-10-04T06:23:07.159Z,UBER,stock,68.11,0.3388332351208073,44.375143053330284,0.35113164517767087,1.1396867034481781,15498371
2026-10-04T06:23:07.159Z,ABNB,stock,162.43,1.2214121019505253,40.883991873277076,1.0538521098417102,0.7068056056303453,3362539
2026-10-04T06:23:07.159Z,DIS,stock,102.19,0.8487121286884431,38.157907945590516,0.34123470715641685,0.6798029556650224,6526004
2026-10-04T06:23:07.159Z,WMT,stock,104.26,0,60.79572055279083,0.7305700407768636,0.3658093537055163,22930196
2026-10-04T06:23:07.159Z,COST,stock,920.65,0.6240846394298994,76.05284080484374,0.03474279436936879,1.0964539335075227,2011685
2026-10-04T06:23:07.159Z,HD,stock,282.85,0.13807264745452213,35.42502087125514,1.3557339542057547,0.6225520663418125,4723854
2026-10-04T06:23:07.159Z,LOW,stock,180.8,-0.8663230617392171,30.81687842758079,1.9097261199795033,0.3608138359910992,2756482
2026-10-04T06:23:07.159Z,NKE,stock,33.87,-3.6415362731152237,57.810875345736704,0.044262423715909015,3.1835467258857895,141948809
2026-10-04T06:23:07.159Z,SBUX,stock,94.71,-0.17917369308600517,51.34069207040168,0.31575847751304725,0.3071402633749073,5946911
2026-10-04T06:23:07.159Z,MCD,stock,231.89,0.02588103351592712,48.727139559659086,0.3395189533472471,0.35704133030831453,6342621
2026-10-04T06:23:07.159Z,PEP,stock,125.89,0.2308917197452279,56.66663275790159,0.22192135452866235,0.48289605316394135,6071580
2026-10-04T06:23:07.159Z,KO,stock,85.65,-0.5226480836236802,50.86792656733354,0.6265256133080506,0.4868884691461393,19281489
2026-10-04T06:23:07.159Z,TGT,stock,156,-0.4467134652201587,68.48377905379019,0.5798849332316923,0.7198925220059655,4088123
2026-10-04T06:23:07.159Z,CVX,stock,206.69,-0.1979719942056961,36.45322048421892,0.2798302988880685,0.9129931690809642,6642588
2026-10-04T06:23:07.159Z,OXY,stock,58.08,0.41493775933609073,61.44108123328171,0.034420782523777824,2.0155466379371947,8872692
2026-10-04T06:23:07.159Z,SLB,stock,48.74,0.16440608302508306,32.352908177003854,1.1258711625126832,1.3727082857950812,11141176
2026-10-04T06:23:07.159Z,UNH,stock,371.9,1.8346111719605664,72.67311011893923,0.12890189497784116,1.9322992403854093,3292808
2026-10-04T06:23:07.159Z,LLY,stock,1142.85,-0.6087750576162109,36.47697823848912,1.8490428364749623,0.4818137375118449,2020098
2026-10-04T06:23:07.159Z,NVO,stock,37.32,-0.21390374331550346,60.869620689215225,0.7314834732647508,0.3762779406845924,10147743
2026-10-04T06:23:07.159Z,PFE,stock,27.8,-1.1379800853485074,77.01232926822985,1.0327458484928171,1.2381679783798647,34914894
2026-10-04T06:23:07.159Z,MRK,stock,144.3,0.34072734858494474,82.052084637536,0.006927835051538513,1.0362642486227427,9159620
2026-10-04T06:23:07.159Z,JNJ,stock,256.03,-1.0167787829583437,59.99989292043453,0.7366311517596845,0.32130138496181065,10176696
2026-10-04T06:23:07.159Z,ABBV,stock,262.82,1.111837802485279,54.40588390733728,0.4130209719162222,1.4376961198583016,5541012
2026-10-04T06:23:07.159Z,BA,stock,193.56,0.66569586020387,41.312296054583214,1.0429941910536722,1.4359042923239078,12577596
2026-10-04T06:23:07.159Z,CAT,stock,845.42,2.307738851576201,44.41246810312274,1.3541056659339386,0.765196662693678,2378887
2026-10-04T06:23:07.159Z,GE,stock,309.56,-0.9059188834469684,64.89358632133323,2.1017357446345244,0.40869680730489755,4148627
2026-10-04T06:23:07.159Z,LMT,stock,505.41,-0.017804154302665676,45.37362451181845,0.44419223443924055,1.2663054175565307,1060592
2026-10-04T06:23:07.159Z,RTX,stock,184.68,-0.1783687368250279,48.972126710073894,0.613606945623602,0.2007500658170373,3793732
2026-10-04T06:23:07.159Z,NOC,stock,478,-0.8298755186721992,27.96678516059319,0.7134914528467966,1.4797361609167803,2678739
2026-10-04T06:23:07.159Z,DE,stock,687,2.958367053322544,69.13170117295127,0.23235196669533173,2.5786540896918724,1063572
2026-10-04T06:23:07.159Z,BABA,stock,105.85,-1.4890646812470996,43.910109062454154,0.9636950597741858,0.6083080706173983,7768242
2026-10-04T06:23:07.159Z,PDD,stock,75.38,-1.4640522875817052,55.447585878332866,0.3604660813672899,0.6542937833423025,6223348
2026-10-04T06:23:07.159Z,SNOW,stock,341.04,-0.2777859001725163,70.59972846939378,0.3360713151177309,2.007003169691458,3301495
2026-10-04T06:23:07.159Z,DDOG,stock,277.22,0.2749041452651551,45.11265145844859,1.6078083407275856,0.6535424023345126,2068099
2026-10-04T06:23:07.159Z,PANW,stock,403.24,1.7640378548895923,61.704892060765786,1.2658856579788076,0.6075291896846411,4829505
2026-10-04T06:23:07.159Z,CRWD,stock,270.04,1.4844601450637174,67.46736675173412,0.8809287989646083,0.7424033940148049,5830129
2026-10-04T06:23:07.159Z,NET,stock,349.07,-0.5498575498575518,41.285930408472005,1.2313371141478688,1.071316250723241,2834127
2026-10-04T06:23:07.159Z,ROKU,stock,152.39,0.7470580457490384,52.458237471241375,0.0983304659332654,0.8070396545822658,1420321
2026-10-04T06:23:07.159Z,PINS,stock,19.26,-1.0277492291880745,50.704376699154324,1.0785789458680253,0.6532519969845334,8515739
2026-10-04T06:23:07.159Z,ADBE,stock,237.69,-1.4878978779840863,36.48215430647574,2.0763794406342706,0.2784462827921045,3103549
2026-10-04T06:23:07.159Z,AMAT,stock,540.04,2.0290950311732496,68.2172682180568,1.1865924018786196,0.8798279117170713,5699753
2026-10-04T06:23:07.159Z,LRCX,stock,347.49,2.1728903263745916,42.567479328334095,1.3303011160244236,0.2437684123842351,7429457
2026-10-04T06:23:07.159Z,KLAC,stock,206.89,3.274596915090088,57.862904466279865,0.8292566185785446,1.1835471046360175,7334998
2026-10-04T06:23:07.159Z,TXN,stock,293.8,4.439941701325942,43.24740700036307,0.9740815051484553,0.3586678052946239,4934069
2026-10-04T06:23:07.159Z,ADI,stock,417.15,3.1018289668808587,54.081690427929196,1.032028469750895,0.5023303690578107,2623345
2026-10-04T06:23:07.159Z,MRVL,stock,272.29,1.570426738287092,36.50658869196589,2.3630252321537535,0.08822356838843927,14725646
2026-10-04T06:23:07.159Z,CDNS,stock,351.35,0.17677415675876157,75.06588169329969,0.6980971321826257,2.54053357423558,2093620
2026-10-04T06:23:07.159Z,SNPS,stock,489.9,-0.13046846332613918,57.04726056043497,1.2288420603412487,1.202283421990947,3051798
2026-10-04T06:23:07.159Z,WDAY,stock,186.14,-0.3266398929049604,41.23717286546519,1.2257877344920531,0.3558358247055588,1425582
2026-10-04T06:23:07.159Z,TEAM,stock,187.89,-1.063661734505824,57.280064844066615,1.9312053909982214,0.5996657396362179,1701477
2026-10-04T06:23:07.159Z,ZS,stock,196.6,-1.0966898078277527,48.26229786408709,2.5260949151947436,0.699157110856719,1720683
2026-10-04T06:23:07.159Z,OKTA,stock,211.49,-0.5361425951182741,38.857828294910085,2.246362822467534,0.32732302573676025,2068431
2026-10-04T06:23:07.159Z,MDB,stock,357.96,1.771244989054093,54.54590048839113,0.6908065259271194,5.624079801352078,2682941
2026-10-04T06:23:07.159Z,FSLR,stock,174.61,1.4525594096798558,35.180863477246206,1.8410740691846659,0.20659971305596192,1895851
2026-10-04T06:23:07.159Z,ENPH,stock,33.47,1.9804996953077347,45.714275334149555,1.9768646909190353,0.9190378072011908,4664805
2026-10-04T06:23:07.159Z,NEE,stock,76.83,0.6286836935167047,50.623622284605375,1.0177824254416437,0.30680693981548585,18041737
2026-10-04T06:23:07.159Z,DUK,stock,114.13,0.34288728679444397,58.82310702617312,0.80827183932466,0.2107301884605786,3880387
2026-10-04T06:23:07.159Z,SO,stock,83.72,0.29950880555888343,54.14464471247233,0.6408760058626648,0.10162953500148146,7744995
2026-10-04T06:23:07.159Z,T,stock,24.3,0,36.58794477188386,0.7555671053295738,0.2888999549572911,24466804
2026-10-04T06:23:07.159Z,VZ,stock,45.92,-0.13049151805131617,37.03658352799337,0.9597792782426802,0.2806195651820806,19585521
2026-10-04T06:23:07.159Z,CMCSA,stock,21.57,-0.5990783410138203,50,1.2588662027852604,0.7708447001239055,20666526
2026-10-04T06:23:07.159Z,TMUS,stock,163.64,1.1809806467569386,34.34052114423689,0.4925490807379788,1.5262485643408115,3306030
2026-10-04T06:23:07.159Z,AXP,stock,302.78,0.2284087523585679,50,0.13852644792919214,0.9098524639550732,2610928
2026-10-04T06:23:07.159Z,MA,stock,552.26,0.4109090909090893,35.46393828418972,0.42371854341440923,1.1798747919395827,2452978
2026-10-04T06:23:07.159Z,BLK,stock,1059.63,-0.44439851178170836,23.070237708235197,2.510768303274152,0.08972930827711456,538424
2026-10-04T06:23:07.159Z,SCHW,stock,96.7,-1.6976720544881585,37.649054276315795,1.0589866515455242,0.2592048311748253,7581335
2026-10-04T06:23:07.159Z,C,stock,128.5,1.1811023622047243,54.273716059365135,0.09718172983479105,0.9823182711198428,7610602
2026-10-04T06:23:07.159Z,TFC,stock,46.45,0.3673292999135732,50.563565551572054,0.5033766014312673,0.47588245715356203,8580075
2026-10-04T06:23:07.159Z,USB,stock,57.51,0.2615062761506251,42.69634988941657,0.5275423920326535,0.5771243320443741,7520114
2026-10-04T06:23:07.159Z,CB,stock,330.89,-0.12375490492001961,46.86325666004452,0.33734216821223534,0.6846352395551732,1964566
2026-10-04T06:23:07.159Z,PGR,stock,210.31,-0.30811528251801557,71.76691111184189,0.6636262722024149,1.1348896784765083,2740287
2026-10-04T06:23:07.159Z,AMGN,stock,403.04,-1.0386230264934715,36.635478144043,0.9194156031565439,0.21757026008900246,3503505
2026-10-04T06:23:07.159Z,GILD,stock,144.74,-1.8711864406779597,66.25022649894618,1.7946158736758304,0.46504660354010446,4786436
2026-10-04T06:23:07.159Z,BMY,stock,61.15,0.5260562222587544,75.33327568931229,0.0817005920198178,1.342392849459362,9638721
2026-10-04T06:23:07.159Z,REGN,stock,735.2,0.053074944543501056,46.05568487472532,0.27941428238862864,0.7979372999294968,612910
2026-10-04T06:23:07.159Z,ISRG,stock,391.95,-2.3153225002492324,36.67674409704948,2.243451635487026,0.0025507880112934467,1826723
2026-10-04T06:23:07.159Z,TMO,stock,654.8,0.3509524758241197,54.871240027089975,0.7013667784182973,0.7384615384615315,1663049
2026-10-04T06:23:07.159Z,DHR,stock,214.06,1.0861352474499488,24.999863760960423,0.8246832691305717,0.20597551393591443,3894323
2026-10-04T06:23:07.159Z,ELV,stock,386.43,1.2471506799067233,51.020471715152304,0.32371579155679503,1.3666645933093657,889961
2026-10-04T06:23:07.159Z,CI,stock,270.53,0.9590983728914738,77.14333167247966,0.16974436361180312,1.6609728652602476,1910757
2026-10-04T06:23:07.159Z,CVS,stock,86.46,1.478873239436609,57.23251729796647,0.7689627849628929,1.2115854975329543,10446777
2026-10-04T06:23:07.159Z,MDT,stock,86.38,-0.06941230911615257,55.12355297707948,1.6733050650582897,0.793469166829131,34596650
2026-10-04T06:23:07.159Z,SYK,stock,275.43,0.90489449003518,53.43672607689497,0.5147138140109334,1.207081195297372,1945788
2026-10-04T06:23:07.159Z,HON,stock,213.99,0.08886810102899799,46.84990168232467,0.6407555130586345,0.6041222152199118,1792209
2026-10-04T06:23:07.159Z,UPS,stock,93.02,-0.9266162530620988,51.076465611420964,1.711749154793036,0.32268669535453937,4663083
2026-10-04T06:23:07.159Z,FDX,stock,290.36,1.1460619361131503,67.60003613043085,0.017218298777179994,1.0369528382472861,1459305
2026-10-04T06:23:07.159Z,DAL,stock,84.09,-0.04754546535123267,79.86564122520456,0.602835086666222,0.7427803644779385,8143457
2026-10-04T06:23:07.159Z,UAL,stock,112.51,0.6530685274646663,70.51286231293403,0.2924462500889059,0.8877361789224469,4017208
2026-10-04T06:23:07.159Z,AAL,stock,12.94,-1.4470677837014567,50,1.932547940294714,0.11605268118981275,71772533
2026-10-04T06:23:07.159Z,LUV,stock,42.47,1.505736137667293,73.5846204781989,0.2114693853076285,1.433009513784156,6171820
2026-10-04T06:23:07.159Z,CARR,stock,55.12,-0.18109380659181712,31.182883910186476,1.6241277871187867,0.2819973564665023,5689447
2026-10-04T06:23:07.159Z,ETN,stock,436.11,-0.26756311745333866,45.19524923519885,3.413984630941243,0.26554780687460605,2088721
2026-10-04T06:23:07.159Z,EMR,stock,161.61,1.9171343885981085,49.11519063405149,1.2375069971669956,0.7292430446210286,2888938
2026-10-04T06:23:07.159Z,MMM,stock,161.89,-0.6931664826401814,67.97736916548797,1.3827994709245612,0.41558043308761816,3019691
2026-10-04T06:23:07.159Z,WM,stock,204.45,1.2630014858840926,63.83986340762041,0.2050056754027208,1.6405698253283862,2366307
2026-10-04T06:23:07.159Z,LIN,stock,479.48,2.136542762807547,68.50165966087471,0.749328515375745,1.3699788583509553,2527281
2026-10-04T06:23:07.159Z,APD,stock,277.57,1.5512384297369515,41.72174053638918,0.773064740038895,1.1828989879055478,1012265
2026-10-04T06:23:07.159Z,FCX,stock,72.04,3.9838337182448105,63.690362660417975,1.2542002715229776,1.5859787133096233,11926686
2026-10-04T06:23:07.159Z,NEM,stock,115.56,0.7761402284817307,61.80540838384266,0.7813181172538405,1.4396083720283588,4015405
2026-10-04T06:23:07.159Z,EOG,stock,141.38,0.04953648007925354,50,0.141264181712154,0.8344577634322957,3592737
2026-10-04T06:23:07.159Z,COP,stock,126.75,-0.24397922241460906,38.311617537775575,0.2518294606065486,0.9638354911968128,5196222
2026-10-04T06:23:07.159Z,MPC,stock,422.33,0.518862311079378,41.2842623960579,0.48071144064371996,3.9824700592919564,2163484
2026-10-04T06:23:07.159Z,PSX,stock,264.58,0.13246035650757518,31.288100052422678,0.8957192611529217,3.2366296191200004,1987536
2026-10-04T06:23:07.159Z,HAL,stock,31.85,-0.09410288582182429,22.236890716977413,1.1790243488472598,0.759251455281037,8092378
2026-10-04T06:23:07.159Z,BKR,stock,56,0.6832074793239888,49.17521120314278,0.47983020360260087,1.0647900274546676,3969823
2026-10-04T06:23:07.159Z,WMB,stock,70.54,1.9069633054030735,70.45446663892356,0.014178669489876106,2.4322982475712935,8279976
2026-10-04T06:23:07.159Z,KMI,stock,31.07,1.7687520471667182,61.25210713616782,0.11252063253948374,2.0193731007539157,11618742
2026-10-04T06:23:07.159Z,PG,stock,144.91,0.666898228551586,68.8752237876547,0.18597099421557778,0.7228782359833776,6219527
2026-10-04T06:23:07.159Z,CL,stock,84.26,-0.31941322607357864,36.84221093420604,0.6192175967835634,0.23792820273025117,6600468
2026-10-04T06:23:07.159Z,KMB,stock,94.36,0.02119991520033498,42.857142857142854,0.9551765247518089,0.286963197596217,4442970
2026-10-04T06:23:07.159Z,PM,stock,187.46,0.47164755064851294,47.98531113235072,0.7938223224867712,0.468951552722907,3052459
2026-10-04T06:23:07.159Z,MO,stock,67.35,0.5974607916355361,64.48576806799383,0.09641906792940222,0.9366827128835437,6348286
2026-10-04T06:23:07.159Z,MDLZ,stock,58.19,0.7444598337950135,46.36352286756647,0.19723918115746045,0.7444627613614178,7771758
2026-10-04T06:23:07.159Z,GIS,stock,32.01,1.073571203031248,33.33311597274299,0.6209223537950083,1.3455783689931287,13642013
2026-10-04T06:23:07.159Z,KR,stock,59.03,-0.7565568258237991,57.630921144560546,0.7899159663865528,0.2547536161068352,4692484
2026-10-04T06:23:07.159Z,DG,stock,118.94,0.008408307407711178,38.333403975755516,0.2599580712788279,1.2470751605939654,1601129
2026-10-04T06:23:07.159Z,DLTR,stock,112.16,-1.9837455212793935,51.79156332476776,1.683031031063703,0.8497088461328408,1620651
2026-10-04T06:23:07.159Z,TJX,stock,132.68,-0.6811887117299174,47.2114446486511,0.6960561380908362,0.16230979357063677,6936773
2026-10-04T06:23:07.159Z,ROST,stock,228.54,-2.375053395984623,52.182390108476156,2.4146575065069538,0.37331351815171615,2300201
2026-10-04T06:23:07.159Z,BKNG,stock,159.02,-0.7861242825056095,50.700911255936,1.8697304413837017,0.3217497387157364,7528897
2026-10-04T06:23:07.159Z,MAR,stock,358.96,1.1753431607429632,62.487550103243045,0.24177711828664497,0.6349942189469614,874280
2026-10-04T06:23:07.159Z,HLT,stock,319.36,1.2427085975145877,59.13557176442221,0.41317728259228603,0.3330230121531533,1109055
2026-10-04T06:23:07.159Z,CMG,stock,32.36,0.12376237623762112,64.60178783623203,0.3387779999003755,1.5534292560406489,15057494
2026-10-04T06:23:07.159Z,YUM,stock,136.12,-0.4170019752725095,27.24011200560028,1.2371503545084797,0.0000035871383189103082,1751563
2026-10-04T06:23:07.159Z,EL,stock,91.97,1.9736112651069977,61.15706995552641,0.5890930046413847,1.5681909446546622,2689636
2026-10-04T06:23:07.159Z,LULU,stock,94.46,-1.4604631754642246,46.56762505066698,1.5169690889215275,0.8218566960496135,6071834
2026-10-04T06:23:07.159Z,BTC-USD,crypto,84955,0.2507951443945389,71.82126149378932,0.0070160900185498795,0.298157686917642,12300751872
2026-10-04T06:23:07.159Z,ETH-USD,crypto,2693.47,0.24690751501022073,45.2601976058336,0.10013915862997949,0.2523573148229016,4495577088
2026-10-04T06:23:07.159Z,SOL-USD,crypto,120.77,0.9435416928839533,53.44799237067974,0.19008264462810248,0.9191959955591751,1371558656
2026-10-04T06:23:07.159Z,XRP-USD,crypto,1.4935,0.4709048099562811,58.999606613658855,0.08696625670462216,0.5114715210628378,1048092736
2026-10-04T06:23:07.159Z,BNB-USD,crypto,787.78,0.07131437189110305,58.09070438114803,0.053287515925710925,0.6413192002332956,1287142912
2026-10-04T06:23:07.159Z,DOGE-USD,crypto,0.09284,0.015534511069040559,56.09747233377551,0.2364084749912309,0.29167182127943453,449454464
2026-10-04T06:23:07.159Z,ADA-USD,crypto,0.2442,0.00977982613533375,60.85284078110651,0.16353148019583255,0.6263399258957661,237354192
2026-10-04T06:23:07.159Z,AVAX-USD,crypto,11.052,-0.6350384841431056,44.69699159032454,0.7632224412572369,0.144977780581456,284391424
2026-10-04T06:23:07.159Z,LINK-USD,crypto,14.015,-0.7138648323585657,53.17938512593507,1.156639410149165,0.12860084113027406,217747680
2026-10-04T06:23:07.159Z,DOT-USD,crypto,1.189,0.35598945055138836,61.538618290005246,0.260049319704077,1.2604276346246672,114809760
2026-10-04T06:23:07.159Z,LTC-USD,crypto,70.363,0.1369780159179096,53.47577998869286,0.6607294451150759,0.7012707249764527,310034496
2026-10-04T06:23:07.159Z,BCH-USD,crypto,318.64,-0.33982169135182755,60.83470082539371,0.5493114637989075,0.6348087945523049,168030064
2026-10-04T12:34:22.499Z,AAPL,stock,333.69,1.0202228142407377,47.5403713061628,0.18542854839859646,0.8309655944601747,31878433
2026-10-04T12:34:22.499Z,MSFT,stock,517.53,0.9223868954758228,78.53875458497967,0.8323892821655781,0.6916726655825419,17179496
2026-10-04T12:34:22.499Z,NVDA,stock,233.95,1.3384735337433835,38.36649170924583,1.5651946806937749,0.07699693042280333,134470648
2026-10-04T12:34:22.499Z,TSLA,stock,370.59,4.653921097963899,43.42942081609701,0.9567879036960371,0.7750067551284137,54147498
2026-10-04T12:34:22.499Z,AMZN,stock,251.52,1.3253837167143458,89.36936023522254,0.6733166403078797,0.559733292077098,33047205
2026-10-04T12:34:22.499Z,META,stock,728.08,0.2961718071990538,52.61787215005832,1.0290252379304825,0.21196658397761714,12873427
2026-10-04T12:34:22.499Z,GOOGL,stock,343.5,1.5551087984862793,60.73745531576857,0.5500850984536494,0.5709302522983118,22734069
2026-10-04T12:34:22.499Z,AMD,stock,633.91,2.952592857258855,61.972848697175394,1.6522895617061069,0.7501704636562898,19323673
2026-10-04T12:34:22.499Z,NFLX,stock,67.06,-1.16433308769343,41.39239397978343,0.9903867155251531,0.43433184291422433,38312283
2026-10-04T12:34:22.499Z,JPM,stock,332.38,-0.24011045080737478,65.42540527671363,0.5222596333707459,0.599275466129689,6539384
2026-10-04T12:34:22.499Z,V,stock,360.66,0.22509378907878344,46.11250289699926,0.17990024161684445,1.0007416453793374,3987848
2026-10-04T12:34:22.499Z,XOM,stock,164.01,0.11598095470638367,36.252512068286826,0.3221060579546582,1.250115369952977,11164224
2026-10-04T12:34:22.499Z,SPY,stock,769.64,0.7395384756344948,59.25925925925925,0.35087404306339376,0.29777867993430485,45857487
2026-10-04T12:34:22.499Z,QQQ,stock,749.58,1.0174790776653329,58.343026706231456,0.6474822134339334,0.23937496158725424,34175024
2026-10-04T12:34:22.499Z,DIA,stock,511.1,0.48759388148323274,62.80958385876419,0.2517642053041541,0.45007025262756545,3710080
2026-10-04T12:34:22.499Z,IWM,stock,281.52,0.8959931187728479,48.99235295323616,0.6931532367139838,0.18326901949744637,29615280
2026-10-04T12:34:22.499Z,XLK,stock,199.81,1.0110712299681512,48.57614647005997,0.7697658947423928,0.21064276625569295,8927877
2026-10-04T12:34:22.499Z,XLF,stock,53.49,0.05611672278339158,48.89034960672029,0.3008337437669687,0.4507042253521164,30268795
2026-10-04T12:34:22.499Z,PLTR,stock,188.75,-0.6788044622184761,29.586672732999688,2.9812402779632894,0.0052953833554378535,17716878
2026-10-04T12:34:22.499Z,SOFI,stock,15.77,-0.4419191919191937,28.62384964858464,1.8973607991523451,0.2052367036466378,44191235
2026-10-04T12:34:22.499Z,COIN,stock,183,-3.322943631464944,65.73166056934019,8.56857078164798,1.0491407136664317,12808738
2026-10-04T12:34:22.499Z,HOOD,stock,112.74,1.4304993252361575,41.26041696585738,5.105004241906107,0.1663192345226916,29222290
2026-10-04T12:34:22.499Z,RIVN,stock,14.3,-3.1165311653116468,54.389060875417954,4.888592317070226,1.960787086984217,59672838
2026-10-04T12:34:22.499Z,LCID,stock,4.13,-1.4319809069212528,34.262705613968876,1.4319822530088848,0.7317096601279084,7667981
2026-10-04T12:34:22.499Z,F,stock,12.1,-1.3854930725346368,51.4092797970078,0.6568169390093217,0.9182759492061937,48917301
2026-10-04T12:34:22.499Z,GM,stock,78.27,-1.3113100491741347,36.59773948198429,1.1929513117185013,0.1535489082253607,9076899
2026-10-04T12:34:22.499Z,BAC,stock,53.75,0.03722315280104807,60.674118776573856,0.2690425021469395,0.7121996706502702,34897453
2026-10-04T12:34:22.499Z,WFC,stock,80.45,0.24922118380062658,56.321798761772804,0.21086918976722047,0.6568619683407618,10074371
2026-10-04T12:34:22.499Z,GS,stock,902.56,0.6568748815060153,49.60085785773859,0.8328404999713709,0.5489568811290002,1584186
2026-10-04T12:34:22.499Z,MS,stock,190.31,1.223339184085959,33.657888785149694,0.5850664569987958,0.7944507498554222,6252383
2026-10-04T12:34:22.499Z,PYPL,stock,52.8,-0.4900113079532701,50.67084376327739,1.0216537786704813,0.31843405520570633,9001061
2026-10-04T12:34:22.499Z,SHOP,stock,151.39,1.5426923334898268,44.975870452438144,0.9033214858066987,0.6381754776042706,5571811
2026-10-04T12:34:22.499Z,CRM,stock,234.69,-0.8449871139465123,55.736347549608716,1.65933123727715,0.5462402804194385,7840153
2026-10-04T12:34:22.499Z,ORCL,stock,142.3,3.063663359165654,59.48987087842229,1.7668824772117973,1.3966108830374837,30193711
2026-10-04T12:34:22.499Z,AVGO,stock,355.14,3.3465254335932957,44.02815883921641,0.5405123042065869,1.8643830537114214,24509128
2026-10-04T12:34:22.499Z,MU,stock,1074.89,-2.050319394198963,42.33477724269777,1.9090953244759,0.206956096818229,26523742
2026-10-04T12:34:22.499Z,INTC,stock,119.33,-0.5583333333333347,30.63806332128054,5.256051694040617,-0.0000015344462089237856,94956744
2026-10-04T12:34:22.499Z,TSM,stock,472.78,2.9573170731707283,54.89107640687834,0.3551360692350592,1.6053818917711022,9722477
2026-10-04T12:34:22.499Z,ASML,stock,1867.31,3.2524371160470853,67.09659103987478,0.24360640050229976,0.7844975992449009,1335151
2026-10-04T12:34:22.499Z,QCOM,stock,184.87,1.526717557251909,36.45926385065539,1.9725311045797056,0.1137205316398025,10092090
2026-10-04T12:34:22.499Z,ARM,stock,307.49,5.1823219538893195,49.12734806482709,3.1969618174064065,1.2114875141960644,5880656
2026-10-04T12:34:22.499Z,SMCI,stock,43.69,4.2223282442748,47.70620796658909,1.9854195127131948,2.043679554727738,42778087
2026-10-04T12:34:22.499Z,NOW,stock,134.38,-2.4535423925667796,40.77752690882373,2.9677271500772227,0.5010793900912447,8760611
2026-10-04T12:34:22.499Z,UBER,stock,68.11,0.3388332351208073,44.375143053330284,0.35113164517767087,1.1396867034481781,15498371
2026-10-04T12:34:22.499Z,ABNB,stock,162.43,1.2214121019505253,40.883991873277076,1.0538521098417102,0.7068056056303453,3362539
2026-10-04T12:34:22.499Z,DIS,stock,102.19,0.8487121286884431,38.157907945590516,0.34123470715641685,0.6798029556650224,6526004
2026-10-04T12:34:22.499Z,WMT,stock,104.26,0,60.79572055279083,0.7305700407768636,0.3658093537055163,22930196
2026-10-04T12:34:22.499Z,COST,stock,920.65,0.6240846394298994,76.05284080484374,0.03474279436936879,1.0964539335075227,2011685
2026-10-04T12:34:22.499Z,HD,stock,282.85,0.13807264745452213,35.42502087125514,1.3557339542057547,0.6225520663418125,4723854
2026-10-04T12:34:22.499Z,LOW,stock,180.8,-0.8663230617392171,30.81687842758079,1.9097261199795033,0.3608138359910992,2756482
2026-10-04T12:34:22.499Z,NKE,stock,33.87,-3.6415362731152237,57.810875345736704,0.044262423715909015,3.1835467258857895,141948809
2026-10-04T12:34:22.499Z,SBUX,stock,94.71,-0.17917369308600517,51.34069207040168,0.31575847751304725,0.3071402633749073,5946911
2026-10-04T12:34:22.499Z,MCD,stock,231.89,0.02588103351592712,48.727139559659086,0.3395189533472471,0.35704133030831453,6342621
2026-10-04T12:34:22.499Z,PEP,stock,125.89,0.2308917197452279,56.66663275790159,0.22192135452866235,0.48289605316394135,6071580
2026-10-04T12:34:22.499Z,KO,stock,85.65,-0.5226480836236802,50.86792656733354,0.6265256133080506,0.4868884691461393,19281489
2026-10-04T12:34:22.499Z,TGT,stock,156,-0.4467134652201587,68.48377905379019,0.5798849332316923,0.7198925220059655,4088123
2026-10-04T12:34:22.499Z,CVX,stock,206.69,-0.1979719942056961,36.45322048421892,0.2798302988880685,0.9129931690809642,6642588
2026-10-04T12:34:22.499Z,OXY,stock,58.08,0.41493775933609073,61.44108123328171,0.034420782523777824,2.0155466379371947,8872692
2026-10-04T12:34:22.499Z,SLB,stock,48.74,0.16440608302508306,32.352908177003854,1.1258711625126832,1.3727082857950812,11141176
2026-10-04T12:34:22.499Z,UNH,stock,371.9,1.8346111719605664,72.67311011893923,0.12890189497784116,1.9322992403854093,3292808
2026-10-04T12:34:22.499Z,LLY,stock,1142.85,-0.6087750576162109,36.47697823848912,1.8490428364749623,0.4818137375118449,2020098
2026-10-04T12:34:22.499Z,NVO,stock,37.32,-0.21390374331550346,60.869620689215225,0.7314834732647508,0.3762779406845924,10147743
2026-10-04T12:34:22.499Z,PFE,stock,27.8,-1.1379800853485074,77.01232926822985,1.0327458484928171,1.2381679783798647,34914894
2026-10-04T12:34:22.499Z,MRK,stock,144.3,0.34072734858494474,82.052084637536,0.006927835051538513,1.0362642486227427,9159620
2026-10-04T12:34:22.499Z,JNJ,stock,256.03,-1.0167787829583437,59.99989292043453,0.7366311517596845,0.32130138496181065,10176696
2026-10-04T12:34:22.499Z,ABBV,stock,262.82,1.111837802485279,54.40588390733728,0.4130209719162222,1.4376961198583016,5541012
2026-10-04T12:34:22.499Z,BA,stock,193.56,0.66569586020387,41.312296054583214,1.0429941910536722,1.4359042923239078,12577596
2026-10-04T12:34:22.499Z,CAT,stock,845.42,2.307738851576201,44.41246810312274,1.3541056659339386,0.765196662693678,2378887
2026-10-04T12:34:22.499Z,GE,stock,309.56,-0.9059188834469684,64.89358632133323,2.1017357446345244,0.40869680730489755,4148627
2026-10-04T12:34:22.499Z,LMT,stock,505.41,-0.017804154302665676,45.37362451181845,0.44419223443924055,1.2663054175565307,1060592
2026-10-04T12:34:22.499Z,RTX,stock,184.68,-0.1783687368250279,48.972126710073894,0.613606945623602,0.2007500658170373,3793732
2026-10-04T12:34:22.499Z,NOC,stock,478,-0.8298755186721992,27.96678516059319,0.7134914528467966,1.4797361609167803,2678739
2026-10-04T12:34:22.499Z,DE,stock,687,2.958367053322544,69.13170117295127,0.23235196669533173,2.5786540896918724,1063572
2026-10-04T12:34:22.499Z,BABA,stock,105.85,-1.4890646812470996,43.910109062454154,0.9636950597741858,0.6083080706173983,7768242
2026-10-04T12:34:22.499Z,PDD,stock,75.38,-1.4640522875817052,55.447585878332866,0.3604660813672899,0.6542937833423025,6223348
2026-10-04T12:34:22.499Z,SNOW,stock,341.04,-0.2777859001725163,70.59972846939378,0.3360713151177309,2.007003169691458,3301495
2026-10-04T12:34:22.499Z,DDOG,stock,277.22,0.2749041452651551,45.11265145844859,1.6078083407275856,0.6535424023345126,2068099
2026-10-04T12:34:22.499Z,PANW,stock,403.24,1.7640378548895923,61.704892060765786,1.2658856579788076,0.6075291896846411,4829505
2026-10-04T12:34:22.499Z,CRWD,stock,270.04,1.4844601450637174,67.46736675173412,0.8809287989646083,0.7424033940148049,5830129
2026-10-04T12:34:22.499Z,NET,stock,349.07,-0.5498575498575518,41.285930408472005,1.2313371141478688,1.071316250723241,2834127
2026-10-04T12:34:22.499Z,ROKU,stock,152.39,0.7470580457490384,52.458237471241375,0.0983304659332654,0.8070396545822658,1420321
2026-10-04T12:34:22.499Z,PINS,stock,19.26,-1.0277492291880745,50.704376699154324,1.0785789458680253,0.6532519969845334,8515739
2026-10-04T12:34:22.499Z,ADBE,stock,237.69,-1.4878978779840863,36.48215430647574,2.0763794406342706,0.2784462827921045,3103549
2026-10-04T12:34:22.499Z,AMAT,stock,540.04,2.0290950311732496,68.2172682180568,1.1865924018786196,0.8798279117170713,5699753
2026-10-04T12:34:22.499Z,LRCX,stock,347.49,2.1728903263745916,42.567479328334095,1.3303011160244236,0.2437684123842351,7429457
2026-10-04T12:34:22.499Z,KLAC,stock,206.89,3.274596915090088,57.862904466279865,0.8292566185785446,1.1835471046360175,7334998
2026-10-04T12:34:22.499Z,TXN,stock,293.8,4.439941701325942,43.24740700036307,0.9740815051484553,0.3586678052946239,4934069
2026-10-04T12:34:22.499Z,ADI,stock,417.15,3.1018289668808587,54.081690427929196,1.032028469750895,0.5023303690578107,2623345
2026-10-04T12:34:22.499Z,MRVL,stock,272.29,1.570426738287092,36.50658869196589,2.3630252321537535,0.08822356838843927,14725646
2026-10-04T12:34:22.499Z,CDNS,stock,351.35,0.17677415675876157,75.06588169329969,0.6980971321826257,2.54053357423558,2093620
2026-10-04T12:34:22.499Z,SNPS,stock,489.9,-0.13046846332613918,57.04726056043497,1.2288420603412487,1.202283421990947,3051798
2026-10-04T12:34:22.499Z,WDAY,stock,186.14,-0.3266398929049604,41.23717286546519,1.2257877344920531,0.3558358247055588,1425582
2026-10-04T12:34:22.499Z,TEAM,stock,187.89,-1.063661734505824,57.280064844066615,1.9312053909982214,0.5996657396362179,1701477
2026-10-04T12:34:22.499Z,ZS,stock,196.6,-1.0966898078277527,48.26229786408709,2.5260949151947436,0.699157110856719,1720683
2026-10-04T12:34:22.499Z,OKTA,stock,211.49,-0.5361425951182741,38.857828294910085,2.246362822467534,0.32732302573676025,2068431
2026-10-04T12:34:22.499Z,MDB,stock,357.96,1.771244989054093,54.54590048839113,0.6908065259271194,5.624079801352078,2682941
2026-10-04T12:34:22.499Z,FSLR,stock,174.61,1.4525594096798558,35.180863477246206,1.8410740691846659,0.20659971305596192,1895851
2026-10-04T12:34:22.499Z,ENPH,stock,33.47,1.9804996953077347,45.714275334149555,1.9768646909190353,0.9190378072011908,4664805
2026-10-04T12:34:22.499Z,NEE,stock,76.83,0.6286836935167047,50.623622284605375,1.0177824254416437,0.30680693981548585,18041737
2026-10-04T12:34:22.499Z,DUK,stock,114.13,0.34288728679444397,58.82310702617312,0.80827183932466,0.2107301884605786,3880387
2026-10-04T12:34:22.499Z,SO,stock,83.72,0.29950880555888343,54.14464471247233,0.6408760058626648,0.10162953500148146,7744995
2026-10-04T12:34:22.499Z,T,stock,24.3,0,36.58794477188386,0.7555671053295738,0.2888999549572911,24466804
2026-10-04T12:34:22.499Z,VZ,stock,45.92,-0.13049151805131617,37.03658352799337,0.9597792782426802,0.2806195651820806,19585521
2026-10-04T12:34:22.499Z,CMCSA,stock,21.57,-0.5990783410138203,50,1.2588662027852604,0.7708447001239055,20666526
2026-10-04T12:34:22.499Z,TMUS,stock,163.64,1.1809806467569386,34.34052114423689,0.4925490807379788,1.5262485643408115,3306030
2026-10-04T12:34:22.499Z,AXP,stock,302.78,0.2284087523585679,50,0.13852644792919214,0.9098524639550732,2610928
2026-10-04T12:34:22.499Z,MA,stock,552.26,0.4109090909090893,35.46393828418972,0.42371854341440923,1.1798747919395827,2452978
2026-10-04T12:34:22.499Z,BLK,stock,1059.63,-0.44439851178170836,23.070237708235197,2.510768303274152,0.08972930827711456,538424
2026-10-04T12:34:22.499Z,SCHW,stock,96.7,-1.6976720544881585,37.649054276315795,1.0589866515455242,0.2592048311748253,7581335
2026-10-04T12:34:22.499Z,C,stock,128.5,1.1811023622047243,54.273716059365135,0.09718172983479105,0.9823182711198428,7610602
2026-10-04T12:34:22.499Z,TFC,stock,46.45,0.3673292999135732,50.563565551572054,0.5033766014312673,0.47588245715356203,8580075
2026-10-04T12:34:22.499Z,USB,stock,57.51,0.2615062761506251,42.69634988941657,0.5275423920326535,0.5771243320443741,7520114
2026-10-04T12:34:22.499Z,CB,stock,330.89,-0.12375490492001961,46.86325666004452,0.33734216821223534,0.6846352395551732,1964566
2026-10-04T12:34:22.499Z,PGR,stock,210.31,-0.30811528251801557,71.76691111184189,0.6636262722024149,1.1348896784765083,2740287
2026-10-04T12:34:22.499Z,AMGN,stock,403.04,-1.0386230264934715,36.635478144043,0.9194156031565439,0.21757026008900246,3503505
2026-10-04T12:34:22.499Z,GILD,stock,144.74,-1.8711864406779597,66.25022649894618,1.7946158736758304,0.46504660354010446,4786436
2026-10-04T12:34:22.499Z,BMY,stock,61.15,0.5260562222587544,75.33327568931229,0.0817005920198178,1.342392849459362,9638721
2026-10-04T12:34:22.499Z,REGN,stock,735.2,0.053074944543501056,46.05568487472532,0.27941428238862864,0.7979372999294968,612910
2026-10-04T12:34:22.499Z,ISRG,stock,391.95,-2.3153225002492324,36.67674409704948,2.243451635487026,0.0025507880112934467,1826723
2026-10-04T12:34:22.499Z,TMO,stock,654.8,0.3509524758241197,54.871240027089975,0.7013667784182973,0.7384615384615315,1663049
2026-10-04T12:34:22.499Z,DHR,stock,214.06,1.0861352474499488,24.999863760960423,0.8246832691305717,0.20597551393591443,3894323
2026-10-04T12:34:22.499Z,ELV,stock,386.43,1.2471506799067233,51.020471715152304,0.32371579155679503,1.3666645933093657,889961
2026-10-04T12:34:22.499Z,CI,stock,270.53,0.9590983728914738,77.14333167247966,0.16974436361180312,1.6609728652602476,1910757
2026-10-04T12:34:22.499Z,CVS,stock,86.46,1.478873239436609,57.23251729796647,0.7689627849628929,1.2115854975329543,10446777
2026-10-04T12:34:22.499Z,MDT,stock,86.38,-0.06941230911615257,55.12355297707948,1.6733050650582897,0.793469166829131,34596650
2026-10-04T12:34:22.499Z,SYK,stock,275.43,0.90489449003518,53.43672607689497,0.5147138140109334,1.207081195297372,1945788
2026-10-04T12:34:22.499Z,HON,stock,213.99,0.08886810102899799,46.84990168232467,0.6407555130586345,0.6041222152199118,1792209
2026-10-04T12:34:22.499Z,UPS,stock,93.02,-0.9266162530620988,51.076465611420964,1.711749154793036,0.32268669535453937,4663083
2026-10-04T12:34:22.499Z,FDX,stock,290.36,1.1460619361131503,67.60003613043085,0.017218298777179994,1.0369528382472861,1459305
2026-10-04T12:34:22.499Z,DAL,stock,84.09,-0.04754546535123267,79.86564122520456,0.602835086666222,0.7427803644779385,8143457
2026-10-04T12:34:22.499Z,UAL,stock,112.51,0.6530685274646663,70.51286231293403,0.2924462500889059,0.8877361789224469,4017208
2026-10-04T12:34:22.499Z,AAL,stock,12.94,-1.4470677837014567,50,1.932547940294714,0.11605268118981275,71772533
2026-10-04T12:34:22.499Z,LUV,stock,42.47,1.505736137667293,73.5846204781989,0.2114693853076285,1.433009513784156,6171820
2026-10-04T12:34:22.499Z,CARR,stock,55.12,-0.18109380659181712,31.182883910186476,1.6241277871187867,0.2819973564665023,5689447
2026-10-04T12:34:22.499Z,ETN,stock,436.11,-0.26756311745333866,45.19524923519885,3.413984630941243,0.26554780687460605,2088721
2026-10-04T12:34:22.499Z,EMR,stock,161.61,1.9171343885981085,49.11519063405149,1.2375069971669956,0.7292430446210286,2888938
2026-10-04T12:34:22.499Z,MMM,stock,161.89,-0.6931664826401814,67.97736916548797,1.3827994709245612,0.41558043308761816,3019691
2026-10-04T12:34:22.499Z,WM,stock,204.45,1.2630014858840926,63.83986340762041,0.2050056754027208,1.6405698253283862,2366307
2026-10-04T12:34:22.499Z,LIN,stock,479.48,2.136542762807547,68.50165966087471,0.749328515375745,1.3699788583509553,2527281
2026-10-04T12:34:22.499Z,APD,stock,277.57,1.5512384297369515,41.72174053638918,0.773064740038895,1.1828989879055478,1012265
2026-10-04T12:34:22.499Z,FCX,stock,72.04,3.9838337182448105,63.690362660417975,1.2542002715229776,1.5859787133096233,11926686
2026-10-04T12:34:22.499Z,NEM,stock,115.56,0.7761402284817307,61.80540838384266,0.7813181172538405,1.4396083720283588,4015405
2026-10-04T12:34:22.499Z,EOG,stock,141.38,0.04953648007925354,50,0.141264181712154,0.8344577634322957,3592737
2026-10-04T12:34:22.499Z,COP,stock,126.75,-0.24397922241460906,38.311617537775575,0.2518294606065486,0.9638354911968128,5196222
2026-10-04T12:34:22.499Z,MPC,stock,422.33,0.518862311079378,41.2842623960579,0.48071144064371996,3.9824700592919564,2163484
2026-10-04T12:34:22.499Z,PSX,stock,264.58,0.13246035650757518,31.288100052422678,0.8957192611529217,3.2366296191200004,1987536
2026-10-04T12:34:22.499Z,HAL,stock,31.85,-0.09410288582182429,22.236890716977413,1.1790243488472598,0.759251455281037,8092378
2026-10-04T12:34:22.499Z,BKR,stock,56,0.6832074793239888,49.17521120314278,0.47983020360260087,1.0647900274546676,3969823
2026-10-04T12:34:22.499Z,WMB,stock,70.54,1.9069633054030735,70.45446663892356,0.014178669489876106,2.4322982475712935,8279976
2026-10-04T12:34:22.499Z,KMI,stock,31.07,1.7687520471667182,61.25210713616782,0.11252063253948374,2.0193731007539157,11618742
2026-10-04T12:34:22.499Z,PG,stock,144.91,0.666898228551586,68.8752237876547,0.18597099421557778,0.7228782359833776,6219527
2026-10-04T12:34:22.499Z,CL,stock,84.26,-0.31941322607357864,36.84221093420604,0.6192175967835634,0.23792820273025117,6600468
2026-10-04T12:34:22.499Z,KMB,stock,94.36,0.02119991520033498,42.857142857142854,0.9551765247518089,0.286963197596217,4442970
2026-10-04T12:34:22.499Z,PM,stock,187.46,0.47164755064851294,47.98531113235072,0.7938223224867712,0.468951552722907,3052459
2026-10-04T12:34:22.499Z,MO,stock,67.35,0.5974607916355361,64.48576806799383,0.09641906792940222,0.9366827128835437,6348286
2026-10-04T12:34:22.499Z,MDLZ,stock,58.19,0.7444598337950135,46.36352286756647,0.19723918115746045,0.7444627613614178,7771758
2026-10-04T12:34:22.499Z,GIS,stock,32.01,1.073571203031248,33.33311597274299,0.6209223537950083,1.3455783689931287,13642013
2026-10-04T12:34:22.499Z,KR,stock,59.03,-0.7565568258237991,57.630921144560546,0.7899159663865528,0.2547536161068352,4692484
2026-10-04T12:34:22.499Z,DG,stock,118.94,0.008408307407711178,38.333403975755516,0.2599580712788279,1.2470751605939654,1601129
2026-10-04T12:34:22.499Z,DLTR,stock,112.16,-1.9837455212793935,51.79156332476776,1.683031031063703,0.8497088461328408,1620651
2026-10-04T12:34:22.499Z,TJX,stock,132.68,-0.6811887117299174,47.2114446486511,0.6960561380908362,0.16230979357063677,6936773
2026-10-04T12:34:22.499Z,ROST,stock,228.54,-2.375053395984623,52.182390108476156,2.4146575065069538,0.37331351815171615,2300201
2026-10-04T12:34:22.499Z,BKNG,stock,159.02,-0.7861242825056095,50.700911255936,1.8697304413837017,0.3217497387157364,7528897
2026-10-04T12:34:22.499Z,MAR,stock,358.96,1.1753431607429632,62.487550103243045,0.24177711828664497,0.6349942189469614,874280
2026-10-04T12:34:22.499Z,HLT,stock,319.36,1.2427085975145877,59.13557176442221,0.41317728259228603,0.3330230121531533,1109055
2026-10-04T12:34:22.499Z,CMG,stock,32.36,0.12376237623762112,64.60178783623203,0.3387779999003755,1.5534292560406489,15057494
2026-10-04T12:34:22.499Z,YUM,stock,136.12,-0.4170019752725095,27.24011200560028,1.2371503545084797,0.0000035871383189103082,1751563
2026-10-04T12:34:22.499Z,EL,stock,91.97,1.9736112651069977,61.15706995552641,0.5890930046413847,1.5681909446546622,2689636
2026-10-04T12:34:22.499Z,LULU,stock,94.46,-1.4604631754642246,46.56762505066698,1.5169690889215275,0.8218566960496135,6071834
2026-10-04T12:34:22.499Z,BTC-USD,crypto,85255.76,0.6057057340905848,43.33683955012541,0.16100804220474715,0.6532359507739992,12786464768
2026-10-04T12:34:22.499Z,ETH-USD,crypto,2701.35,0.5401892783928801,39.53739121505404,0.17737015749175528,0.5456550221078594,4514298368
2026-10-04T12:34:22.499Z,SOL-USD,crypto,121.47,1.5286247365621768,51.351295621692216,0.11512261298323408,1.5041379281325933,1500349184
2026-10-04T12:34:22.499Z,XRP-USD,crypto,1.5009,0.9687184661957597,56.75684383491028,0.06657951162209909,1.0094861774109127,1102611584
2026-10-04T12:34:22.499Z,BNB-USD,crypto,788.92,0.21612802339781115,49.44447584063295,0.6785760691871674,0.7869577083044126,1365233408
2026-10-04T12:34:22.499Z,DOGE-USD,crypto,0.09358,0.8127285603817307,43.87753550466807,0.12806740095836944,1.0910668788811777,454867296
2026-10-04T12:34:22.499Z,ADA-USD,crypto,0.24489,0.29236274210598484,39.857562548389495,0.43907625908816805,0.9106649649984184,231923056
2026-10-04T12:34:22.499Z,AVAX-USD,crypto,10.98,-1.2823672236600814,21.999485012922364,1.4097161061350327,0.04555460917081386,246950880
2026-10-04T12:34:22.499Z,LINK-USD,crypto,14.078,-0.26755541276803446,33.55251187391377,0.7123203436375356,0.7082045053214424,200316736
2026-10-04T12:34:22.499Z,DOT-USD,crypto,1.1909,0.5163564648121528,47.44175473225474,0.725240200362233,1.422239924368812,101940200
2026-10-04T12:34:22.499Z,LTC-USD,crypto,70.946,0.9666734266206934,47.717400590117826,0.3175365025787238,1.5356416419734698,266857040
2026-10-04T12:34:22.499Z,BCH-USD,crypto,317.98,-0.5462481214412847,47.35473870324471,0.7553039770862837,0.42636360937655393,177604320
2026-10-04T16:58:07.543Z,AAPL,stock,333.69,1.0202228142407377,47.5403713061628,0.18542854839859646,0.8309655944601747,31878433
2026-10-04T16:58:07.543Z,MSFT,stock,517.53,0.9223868954758228,78.53875458497967,0.8323892821655781,0.6916726655825419,17179496
2026-10-04T16:58:07.543Z,NVDA,stock,233.95,1.3384735337433835,38.36649170924583,1.5651946806937749,0.07699693042280333,134470648
2026-10-04T16:58:07.543Z,TSLA,stock,370.59,4.653921097963899,43.42942081609701,0.9567879036960371,0.7750067551284137,54147498
2026-10-04T16:58:07.543Z,AMZN,stock,251.52,1.3253837167143458,89.36936023522254,0.6733166403078797,0.559733292077098,33047205
2026-10-04T16:58:07.543Z,META,stock,728.08,0.2961718071990538,52.61787215005832,1.0290252379304825,0.21196658397761714,12873427
2026-10-04T16:58:07.543Z,GOOGL,stock,343.5,1.5551087984862793,60.73745531576857,0.5500850984536494,0.5709302522983118,22734069
2026-10-04T16:58:07.543Z,AMD,stock,633.91,2.952592857258855,61.972848697175394,1.6522895617061069,0.7501704636562898,19323673
2026-10-04T16:58:07.543Z,NFLX,stock,67.06,-1.16433308769343,41.39239397978343,0.9903867155251531,0.43433184291422433,38312283
2026-10-04T16:58:07.543Z,JPM,stock,332.38,-0.24011045080737478,65.42540527671363,0.5222596333707459,0.599275466129689,6539384
2026-10-04T16:58:07.543Z,V,stock,360.66,0.22509378907878344,46.11250289699926,0.17990024161684445,1.0007416453793374,3987848
2026-10-04T16:58:07.543Z,XOM,stock,164.01,0.11598095470638367,36.252512068286826,0.3221060579546582,1.250115369952977,11164224
2026-10-04T16:58:07.543Z,SPY,stock,769.64,0.7395384756344948,59.25925925925925,0.35087404306339376,0.29777867993430485,45857487
2026-10-04T16:58:07.543Z,QQQ,stock,749.58,1.0174790776653329,58.343026706231456,0.6474822134339334,0.23937496158725424,34175024
2026-10-04T16:58:07.543Z,DIA,stock,511.1,0.48759388148323274,62.80958385876419,0.2517642053041541,0.45007025262756545,3710080
2026-10-04T16:58:07.543Z,IWM,stock,281.52,0.8959931187728479,48.99235295323616,0.6931532367139838,0.18326901949744637,29615280
2026-10-04T16:58:07.543Z,XLK,stock,199.81,1.0110712299681512,48.57614647005997,0.7697658947423928,0.21064276625569295,8927877
2026-10-04T16:58:07.543Z,XLF,stock,53.49,0.05611672278339158,48.89034960672029,0.3008337437669687,0.4507042253521164,30268795
2026-10-04T16:58:07.543Z,PLTR,stock,188.75,-0.6788044622184761,29.586672732999688,2.9812402779632894,0.0052953833554378535,17716878
2026-10-04T16:58:07.543Z,SOFI,stock,15.77,-0.4419191919191937,28.62384964858464,1.8973607991523451,0.2052367036466378,44191235
2026-10-04T16:58:07.543Z,COIN,stock,183,-3.322943631464944,65.73166056934019,8.56857078164798,1.0491407136664317,12808738
2026-10-04T16:58:07.543Z,HOOD,stock,112.74,1.4304993252361575,41.26041696585738,5.105004241906107,0.1663192345226916,29222290
2026-10-04T16:58:07.543Z,RIVN,stock,14.3,-3.1165311653116468,54.389060875417954,4.888592317070226,1.960787086984217,59672838
2026-10-04T16:58:07.543Z,LCID,stock,4.13,-1.4319809069212528,34.262705613968876,1.4319822530088848,0.7317096601279084,7667981
2026-10-04T16:58:07.543Z,F,stock,12.1,-1.3854930725346368,51.4092797970078,0.6568169390093217,0.9182759492061937,48917301
2026-10-04T16:58:07.543Z,GM,stock,78.27,-1.3113100491741347,36.59773948198429,1.1929513117185013,0.1535489082253607,9076899
2026-10-04T16:58:07.543Z,BAC,stock,53.75,0.03722315280104807,60.674118776573856,0.2690425021469395,0.7121996706502702,34897453
2026-10-04T16:58:07.543Z,WFC,stock,80.45,0.24922118380062658,56.321798761772804,0.21086918976722047,0.6568619683407618,10074371
2026-10-04T16:58:07.543Z,GS,stock,902.56,0.6568748815060153,49.60085785773859,0.8328404999713709,0.5489568811290002,1584186
2026-10-04T16:58:07.543Z,MS,stock,190.31,1.223339184085959,33.657888785149694,0.5850664569987958,0.7944507498554222,6252383
2026-10-04T16:58:07.543Z,PYPL,stock,52.8,-0.4900113079532701,50.67084376327739,1.0216537786704813,0.31843405520570633,9001061
2026-10-04T16:58:07.543Z,SHOP,stock,151.39,1.5426923334898268,44.975870452438144,0.9033214858066987,0.6381754776042706,5571811
2026-10-04T16:58:07.543Z,CRM,stock,234.69,-0.8449871139465123,55.736347549608716,1.65933123727715,0.5462402804194385,7840153
2026-10-04T16:58:07.543Z,ORCL,stock,142.3,3.063663359165654,59.48987087842229,1.7668824772117973,1.3966108830374837,30193711
2026-10-04T16:58:07.543Z,AVGO,stock,355.14,3.3465254335932957,44.02815883921641,0.5405123042065869,1.8643830537114214,24509128
2026-10-04T16:58:07.543Z,MU,stock,1074.89,-2.050319394198963,42.33477724269777,1.9090953244759,0.206956096818229,26523742
2026-10-04T16:58:07.543Z,INTC,stock,119.33,-0.5583333333333347,30.63806332128054,5.256051694040617,-0.0000015344462089237856,94956744
2026-10-04T16:58:07.543Z,TSM,stock,472.78,2.9573170731707283,54.89107640687834,0.3551360692350592,1.6053818917711022,9722477
2026-10-04T16:58:07.543Z,ASML,stock,1867.31,3.2524371160470853,67.09659103987478,0.24360640050229976,0.7844975992449009,1335151
2026-10-04T16:58:07.543Z,QCOM,stock,184.87,1.526717557251909,36.45926385065539,1.9725311045797056,0.1137205316398025,10092090
2026-10-04T16:58:07.543Z,ARM,stock,307.49,5.1823219538893195,49.12734806482709,3.1969618174064065,1.2114875141960644,5880656
2026-10-04T16:58:07.543Z,SMCI,stock,43.69,4.2223282442748,47.70620796658909,1.9854195127131948,2.043679554727738,42778087
2026-10-04T16:58:07.543Z,NOW,stock,134.38,-2.4535423925667796,40.77752690882373,2.9677271500772227,0.5010793900912447,8760611
2026-10-04T16:58:07.543Z,UBER,stock,68.11,0.3388332351208073,44.375143053330284,0.35113164517767087,1.1396867034481781,15498371
2026-10-04T16:58:07.543Z,ABNB,stock,162.43,1.2214121019505253,40.883991873277076,1.0538521098417102,0.7068056056303453,3362539
2026-10-04T16:58:07.543Z,DIS,stock,102.19,0.8487121286884431,38.157907945590516,0.34123470715641685,0.6798029556650224,6526004
2026-10-04T16:58:07.543Z,WMT,stock,104.26,0,60.79572055279083,0.7305700407768636,0.3658093537055163,22930196
2026-10-04T16:58:07.543Z,COST,stock,920.65,0.6240846394298994,76.05284080484374,0.03474279436936879,1.0964539335075227,2011685
2026-10-04T16:58:07.543Z,HD,stock,282.85,0.13807264745452213,35.42502087125514,1.3557339542057547,0.6225520663418125,4723854
2026-10-04T16:58:07.543Z,LOW,stock,180.8,-0.8663230617392171,30.81687842758079,1.9097261199795033,0.3608138359910992,2756482
2026-10-04T16:58:07.543Z,NKE,stock,33.87,-3.6415362731152237,57.810875345736704,0.044262423715909015,3.1835467258857895,141948809
2026-10-04T16:58:07.543Z,SBUX,stock,94.71,-0.17917369308600517,51.34069207040168,0.31575847751304725,0.3071402633749073,5946911
2026-10-04T16:58:07.543Z,MCD,stock,231.89,0.02588103351592712,48.727139559659086,0.3395189533472471,0.35704133030831453,6342621
2026-10-04T16:58:07.543Z,PEP,stock,125.89,0.2308917197452279,56.66663275790159,0.22192135452866235,0.48289605316394135,6071580
2026-10-04T16:58:07.543Z,KO,stock,85.65,-0.5226480836236802,50.86792656733354,0.6265256133080506,0.4868884691461393,19281489
2026-10-04T16:58:07.543Z,TGT,stock,156,-0.4467134652201587,68.48377905379019,0.5798849332316923,0.7198925220059655,4088123
2026-10-04T16:58:07.543Z,CVX,stock,206.69,-0.1979719942056961,36.45322048421892,0.2798302988880685,0.9129931690809642,6642588
2026-10-04T16:58:07.543Z,OXY,stock,58.08,0.41493775933609073,61.44108123328171,0.034420782523777824,2.0155466379371947,8872692
2026-10-04T16:58:07.543Z,SLB,stock,48.74,0.16440608302508306,32.352908177003854,1.1258711625126832,1.3727082857950812,11141176
2026-10-04T16:58:07.543Z,UNH,stock,371.9,1.8346111719605664,72.67311011893923,0.12890189497784116,1.9322992403854093,3292808
2026-10-04T16:58:07.543Z,LLY,stock,1142.85,-0.6087750576162109,36.47697823848912,1.8490428364749623,0.4818137375118449,2020098
2026-10-04T16:58:07.543Z,NVO,stock,37.32,-0.21390374331550346,60.869620689215225,0.7314834732647508,0.3762779406845924,10147743
2026-10-04T16:58:07.543Z,PFE,stock,27.8,-1.1379800853485074,77.01232926822985,1.0327458484928171,1.2381679783798647,34914894
2026-10-04T16:58:07.543Z,MRK,stock,144.3,0.34072734858494474,82.052084637536,0.006927835051538513,1.0362642486227427,9159620
2026-10-04T16:58:07.543Z,JNJ,stock,256.03,-1.0167787829583437,59.99989292043453,0.7366311517596845,0.32130138496181065,10176696
2026-10-04T16:58:07.543Z,ABBV,stock,262.82,1.111837802485279,54.40588390733728,0.4130209719162222,1.4376961198583016,5541012
2026-10-04T16:58:07.543Z,BA,stock,193.56,0.66569586020387,41.312296054583214,1.0429941910536722,1.4359042923239078,12577596
2026-10-04T16:58:07.543Z,CAT,stock,845.42,2.307738851576201,44.41246810312274,1.3541056659339386,0.765196662693678,2378887
2026-10-04T16:58:07.543Z,GE,stock,309.56,-0.9059188834469684,64.89358632133323,2.1017357446345244,0.40869680730489755,4148627
2026-10-04T16:58:07.543Z,LMT,stock,505.41,-0.017804154302665676,45.37362451181845,0.44419223443924055,1.2663054175565307,1060592
2026-10-04T16:58:07.543Z,RTX,stock,184.68,-0.1783687368250279,48.972126710073894,0.613606945623602,0.2007500658170373,3793732
2026-10-04T16:58:07.543Z,NOC,stock,478,-0.8298755186721992,27.96678516059319,0.7134914528467966,1.4797361609167803,2678739
2026-10-04T16:58:07.543Z,DE,stock,687,2.958367053322544,69.13170117295127,0.23235196669533173,2.5786540896918724,1063572
2026-10-04T16:58:07.543Z,BABA,stock,105.85,-1.4890646812470996,43.910109062454154,0.9636950597741858,0.6083080706173983,7768242
2026-10-04T16:58:07.543Z,PDD,stock,75.38,-1.4640522875817052,55.447585878332866,0.3604660813672899,0.6542937833423025,6223348
2026-10-04T16:58:07.543Z,SNOW,stock,341.04,-0.2777859001725163,70.59972846939378,0.3360713151177309,2.007003169691458,3301495
2026-10-04T16:58:07.543Z,DDOG,stock,277.22,0.2749041452651551,45.11265145844859,1.6078083407275856,0.6535424023345126,2068099
2026-10-04T16:58:07.543Z,PANW,stock,403.24,1.7640378548895923,61.704892060765786,1.2658856579788076,0.6075291896846411,4829505
2026-10-04T16:58:07.543Z,CRWD,stock,270.04,1.4844601450637174,67.46736675173412,0.8809287989646083,0.7424033940148049,5830129
2026-10-04T16:58:07.543Z,NET,stock,349.07,-0.5498575498575518,41.285930408472005,1.2313371141478688,1.071316250723241,2834127
2026-10-04T16:58:07.543Z,ROKU,stock,152.39,0.7470580457490384,52.458237471241375,0.0983304659332654,0.8070396545822658,1420321
2026-10-04T16:58:07.543Z,PINS,stock,19.26,-1.0277492291880745,50.704376699154324,1.0785789458680253,0.6532519969845334,8515739
2026-10-04T16:58:07.543Z,ADBE,stock,237.69,-1.4878978779840863,36.48215430647574,2.0763794406342706,0.2784462827921045,3103549
2026-10-04T16:58:07.543Z,AMAT,stock,540.04,2.0290950311732496,68.2172682180568,1.1865924018786196,0.8798279117170713,5699753
2026-10-04T16:58:07.543Z,LRCX,stock,347.49,2.1728903263745916,42.567479328334095,1.3303011160244236,0.2437684123842351,7429457
2026-10-04T16:58:07.543Z,KLAC,stock,206.89,3.274596915090088,57.862904466279865,0.8292566185785446,1.1835471046360175,7334998
2026-10-04T16:58:07.543Z,TXN,stock,293.8,4.439941701325942,43.24740700036307,0.9740815051484553,0.3586678052946239,4934069
2026-10-04T16:58:07.543Z,ADI,stock,417.15,3.1018289668808587,54.081690427929196,1.032028469750895,0.5023303690578107,2623345
2026-10-04T16:58:07.543Z,MRVL,stock,272.29,1.570426738287092,36.50658869196589,2.3630252321537535,0.08822356838843927,14725646
2026-10-04T16:58:07.543Z,CDNS,stock,351.35,0.17677415675876157,75.06588169329969,0.6980971321826257,2.54053357423558,2093620
2026-10-04T16:58:07.543Z,SNPS,stock,489.9,-0.13046846332613918,57.04726056043497,1.2288420603412487,1.202283421990947,3051798
2026-10-04T16:58:07.543Z,WDAY,stock,186.14,-0.3266398929049604,41.23717286546519,1.2257877344920531,0.3558358247055588,1425582
2026-10-04T16:58:07.543Z,TEAM,stock,187.89,-1.063661734505824,57.280064844066615,1.9312053909982214,0.5996657396362179,1701477
2026-10-04T16:58:07.543Z,ZS,stock,196.6,-1.0966898078277527,48.26229786408709,2.5260949151947436,0.699157110856719,1720683
2026-10-04T16:58:07.543Z,OKTA,stock,211.49,-0.5361425951182741,38.857828294910085,2.246362822467534,0.32732302573676025,2068431
2026-10-04T16:58:07.543Z,MDB,stock,357.96,1.771244989054093,54.54590048839113,0.6908065259271194,5.624079801352078,2682941
2026-10-04T16:58:07.543Z,FSLR,stock,174.61,1.4525594096798558,35.180863477246206,1.8410740691846659,0.20659971305596192,1895851
2026-10-04T16:58:07.543Z,ENPH,stock,33.47,1.9804996953077347,45.714275334149555,1.9768646909190353,0.9190378072011908,4664805
2026-10-04T16:58:07.543Z,NEE,stock,76.83,0.6286836935167047,50.623622284605375,1.0177824254416437,0.30680693981548585,18041737
2026-10-04T16:58:07.543Z,DUK,stock,114.13,0.34288728679444397,58.82310702617312,0.80827183932466,0.2107301884605786,3880387
2026-10-04T16:58:07.543Z,SO,stock,83.72,0.29950880555888343,54.14464471247233,0.6408760058626648,0.10162953500148146,7744995
2026-10-04T16:58:07.543Z,T,stock,24.3,0,36.58794477188386,0.7555671053295738,0.2888999549572911,24466804
2026-10-04T16:58:07.543Z,VZ,stock,45.92,-0.13049151805131617,37.03658352799337,0.9597792782426802,0.2806195651820806,19585521
2026-10-04T16:58:07.543Z,CMCSA,stock,21.57,-0.5990783410138203,50,1.2588662027852604,0.7708447001239055,20666526
2026-10-04T16:58:07.543Z,TMUS,stock,163.64,1.1809806467569386,34.34052114423689,0.4925490807379788,1.5262485643408115,3306030
2026-10-04T16:58:07.543Z,AXP,stock,302.78,0.2284087523585679,50,0.13852644792919214,0.9098524639550732,2610928
2026-10-04T16:58:07.543Z,MA,stock,552.26,0.4109090909090893,35.46393828418972,0.42371854341440923,1.1798747919395827,2452978
2026-10-04T16:58:07.543Z,BLK,stock,1059.63,-0.44439851178170836,23.070237708235197,2.510768303274152,0.08972930827711456,538424
2026-10-04T16:58:07.543Z,SCHW,stock,96.7,-1.6976720544881585,37.649054276315795,1.0589866515455242,0.2592048311748253,7581335
2026-10-04T16:58:07.543Z,C,stock,128.5,1.1811023622047243,54.273716059365135,0.09718172983479105,0.9823182711198428,7610602
2026-10-04T16:58:07.543Z,TFC,stock,46.45,0.3673292999135732,50.563565551572054,0.5033766014312673,0.47588245715356203,8580075
2026-10-04T16:58:07.543Z,USB,stock,57.51,0.2615062761506251,42.69634988941657,0.5275423920326535,0.5771243320443741,7520114
2026-10-04T16:58:07.543Z,CB,stock,330.89,-0.12375490492001961,46.86325666004452,0.33734216821223534,0.6846352395551732,1964566
2026-10-04T16:58:07.543Z,PGR,stock,210.31,-0.30811528251801557,71.76691111184189,0.6636262722024149,1.1348896784765083,2740287
2026-10-04T16:58:07.543Z,AMGN,stock,403.04,-1.0386230264934715,36.635478144043,0.9194156031565439,0.21757026008900246,3503505
2026-10-04T16:58:07.543Z,GILD,stock,144.74,-1.8711864406779597,66.25022649894618,1.7946158736758304,0.46504660354010446,4786436
2026-10-04T16:58:07.543Z,BMY,stock,61.15,0.5260562222587544,75.33327568931229,0.0817005920198178,1.342392849459362,9638721
2026-10-04T16:58:07.543Z,REGN,stock,735.2,0.053074944543501056,46.05568487472532,0.27941428238862864,0.7979372999294968,612910
2026-10-04T16:58:07.543Z,ISRG,stock,391.95,-2.3153225002492324,36.67674409704948,2.243451635487026,0.0025507880112934467,1826723
2026-10-04T16:58:07.543Z,TMO,stock,654.8,0.3509524758241197,54.871240027089975,0.7013667784182973,0.7384615384615315,1663049
2026-10-04T16:58:07.543Z,DHR,stock,214.06,1.0861352474499488,24.999863760960423,0.8246832691305717,0.20597551393591443,3894323
2026-10-04T16:58:07.543Z,ELV,stock,386.43,1.2471506799067233,51.020471715152304,0.32371579155679503,1.3666645933093657,889961
2026-10-04T16:58:07.543Z,CI,stock,270.53,0.9590983728914738,77.14333167247966,0.16974436361180312,1.6609728652602476,1910757
2026-10-04T16:58:07.543Z,CVS,stock,86.46,1.478873239436609,57.23251729796647,0.7689627849628929,1.2115854975329543,10446777
2026-10-04T16:58:07.543Z,MDT,stock,86.38,-0.06941230911615257,55.12355297707948,1.6733050650582897,0.793469166829131,34596650
2026-10-04T16:58:07.543Z,SYK,stock,275.43,0.90489449003518,53.43672607689497,0.5147138140109334,1.207081195297372,1945788
2026-10-04T16:58:07.543Z,HON,stock,213.99,0.08886810102899799,46.84990168232467,0.6407555130586345,0.6041222152199118,1792209
2026-10-04T16:58:07.543Z,UPS,stock,93.02,-0.9266162530620988,51.076465611420964,1.711749154793036,0.32268669535453937,4663083
2026-10-04T16:58:07.543Z,FDX,stock,290.36,1.1460619361131503,67.60003613043085,0.017218298777179994,1.0369528382472861,1459305
2026-10-04T16:58:07.543Z,DAL,stock,84.09,-0.04754546535123267,79.86564122520456,0.602835086666222,0.7427803644779385,8143457
2026-10-04T16:58:07.543Z,UAL,stock,112.51,0.6530685274646663,70.51286231293403,0.2924462500889059,0.8877361789224469,4017208
2026-10-04T16:58:07.543Z,AAL,stock,12.94,-1.4470677837014567,50,1.932547940294714,0.11605268118981275,71772533
2026-10-04T16:58:07.543Z,LUV,stock,42.47,1.505736137667293,73.5846204781989,0.2114693853076285,1.433009513784156,6171820
2026-10-04T16:58:07.543Z,CARR,stock,55.12,-0.18109380659181712,31.182883910186476,1.6241277871187867,0.2819973564665023,5689447
2026-10-04T16:58:07.543Z,ETN,stock,436.11,-0.26756311745333866,45.19524923519885,3.413984630941243,0.26554780687460605,2088721
2026-10-04T16:58:07.543Z,EMR,stock,161.61,1.9171343885981085,49.11519063405149,1.2375069971669956,0.7292430446210286,2888938
2026-10-04T16:58:07.543Z,MMM,stock,161.89,-0.6931664826401814,67.97736916548797,1.3827994709245612,0.41558043308761816,3019691
2026-10-04T16:58:07.543Z,WM,stock,204.45,1.2630014858840926,63.83986340762041,0.2050056754027208,1.6405698253283862,2366307
2026-10-04T16:58:07.543Z,LIN,stock,479.48,2.136542762807547,68.50165966087471,0.749328515375745,1.3699788583509553,2527281
2026-10-04T16:58:07.543Z,APD,stock,277.57,1.5512384297369515,41.72174053638918,0.773064740038895,1.1828989879055478,1012265
2026-10-04T16:58:07.543Z,FCX,stock,72.04,3.9838337182448105,63.690362660417975,1.2542002715229776,1.5859787133096233,11926686
2026-10-04T16:58:07.543Z,NEM,stock,115.56,0.7761402284817307,61.80540838384266,0.7813181172538405,1.4396083720283588,4015405
2026-10-04T16:58:07.543Z,EOG,stock,141.38,0.04953648007925354,50,0.141264181712154,0.8344577634322957,3592737
2026-10-04T16:58:07.543Z,COP,stock,126.75,-0.24397922241460906,38.311617537775575,0.2518294606065486,0.9638354911968128,5196222
2026-10-04T16:58:07.543Z,MPC,stock,422.33,0.518862311079378,41.2842623960579,0.48071144064371996,3.9824700592919564,2163484
2026-10-04T16:58:07.543Z,PSX,stock,264.58,0.13246035650757518,31.288100052422678,0.8957192611529217,3.2366296191200004,1987536
2026-10-04T16:58:07.543Z,HAL,stock,31.85,-0.09410288582182429,22.236890716977413,1.1790243488472598,0.759251455281037,8092378
2026-10-04T16:58:07.543Z,BKR,stock,56,0.6832074793239888,49.17521120314278,0.47983020360260087,1.0647900274546676,3969823
2026-10-04T16:58:07.543Z,WMB,stock,70.54,1.9069633054030735,70.45446663892356,0.014178669489876106,2.4322982475712935,8279976
2026-10-04T16:58:07.543Z,KMI,stock,31.07,1.7687520471667182,61.25210713616782,0.11252063253948374,2.0193731007539157,11618742
2026-10-04T16:58:07.543Z,PG,stock,144.91,0.666898228551586,68.8752237876547,0.18597099421557778,0.7228782359833776,6219527
2026-10-04T16:58:07.543Z,CL,stock,84.26,-0.31941322607357864,36.84221093420604,0.6192175967835634,0.23792820273025117,6600468
2026-10-04T16:58:07.543Z,KMB,stock,94.36,0.02119991520033498,42.857142857142854,0.9551765247518089,0.286963197596217,4442970
2026-10-04T16:58:07.543Z,PM,stock,187.46,0.47164755064851294,47.98531113235072,0.7938223224867712,0.468951552722907,3052459
2026-10-04T16:58:07.543Z,MO,stock,67.35,0.5974607916355361,64.48576806799383,0.09641906792940222,0.9366827128835437,6348286
2026-10-04T16:58:07.543Z,MDLZ,stock,58.19,0.7444598337950135,46.36352286756647,0.19723918115746045,0.7444627613614178,7771758
2026-10-04T16:58:07.543Z,GIS,stock,32.01,1.073571203031248,33.33311597274299,0.6209223537950083,1.3455783689931287,13642013
2026-10-04T16:58:07.543Z,KR,stock,59.03,-0.7565568258237991,57.630921144560546,0.7899159663865528,0.2547536161068352,4692484
2026-10-04T16:58:07.543Z,DG,stock,118.94,0.008408307407711178,38.333403975755516,0.2599580712788279,1.2470751605939654,1601129
2026-10-04T16:58:07.543Z,DLTR,stock,112.16,-1.9837455212793935,51.79156332476776,1.683031031063703,0.8497088461328408,1620651
2026-10-04T16:58:07.543Z,TJX,stock,132.68,-0.6811887117299174,47.2114446486511,0.6960561380908362,0.16230979357063677,6936773
2026-10-04T16:58:07.543Z,ROST,stock,228.54,-2.375053395984623,52.182390108476156,2.4146575065069538,0.37331351815171615,2300201
2026-10-04T16:58:07.543Z,BKNG,stock,159.02,-0.7861242825056095,50.700911255936,1.8697304413837017,0.3217497387157364,7528897
2026-10-04T16:58:07.543Z,MAR,stock,358.96,1.1753431607429632,62.487550103243045,0.24177711828664497,0.6349942189469614,874280
2026-10-04T16:58:07.543Z,HLT,stock,319.36,1.2427085975145877,59.13557176442221,0.41317728259228603,0.3330230121531533,1109055
2026-10-04T16:58:07.543Z,CMG,stock,32.36,0.12376237623762112,64.60178783623203,0.3387779999003755,1.5534292560406489,15057494
2026-10-04T16:58:07.543Z,YUM,stock,136.12,-0.4170019752725095,27.24011200560028,1.2371503545084797,0.0000035871383189103082,1751563
2026-10-04T16:58:07.543Z,EL,stock,91.97,1.9736112651069977,61.15706995552641,0.5890930046413847,1.5681909446546622,2689636
2026-10-04T16:58:07.543Z,LULU,stock,94.46,-1.4604631754642246,46.56762505066698,1.5169690889215275,0.8218566960496135,6071834
2026-10-04T16:58:07.543Z,BTC-USD,crypto,85370.99,0.7416824173286477,54.53825559033146,0.09245429458512175,0.7892768749134209,12470171648
2026-10-04T16:58:07.543Z,ETH-USD,crypto,2704.47,0.6563109918134198,61.840469810137414,0.08423385979496445,0.6617830483425071,4673103360
2026-10-04T16:58:07.543Z,SOL-USD,crypto,121.8,1.80444960001048,56.880875219609855,0.1884772446100348,1.779896267774345,1646496000
2026-10-04T16:58:07.543Z,XRP-USD,crypto,1.5044,1.2041708711739003,45.76264337237417,0.23211085744517185,1.2450336500079837,1121853184
2026-10-04T16:58:07.543Z,BNB-USD,crypto,788.86,0.20850625226588598,64.27041395684938,0.6861297950856657,0.7792925236690976,1318884352
2026-10-04T16:58:07.543Z,DOGE-USD,crypto,0.09466,1.9762009566759393,71.11173660725373,0.0211199535652917,2.2577515575431932,480696288
2026-10-04T16:58:07.543Z,ADA-USD,crypto,0.24766,1.426789810567878,48.85654628029022,0.4981905581356066,2.05208577414965,296208288
2026-10-04T16:58:07.543Z,AVAX-USD,crypto,11.099,-0.2124766680695141,53.723393462248644,0.34120574335088794,1.3052178500738036,223833776
2026-10-04T16:58:07.543Z,LINK-USD,crypto,14.164,0.3416923663555611,58.69544936249612,0.3377420035830583,1.3234130283685852,211464592
2026-10-04T16:58:07.543Z,DOT-USD,crypto,1.1954,0.8961730775350091,39.062597012330656,0.44969539285061755,1.8054795579733587,86484560
2026-10-04T16:58:07.543Z,LTC-USD,crypto,71.107,1.1958002896106588,12.833840605135833,1.501574799737779,1.766059682516388,300167264
2026-10-04T16:58:07.543Z,BCH-USD,crypto,316.91,-0.8809091520408732,45.92062487106343,1.089261536506741,0.27527889873300315,164140960
2026-10-04T19:54:04.234Z,AAPL,stock,333.69,1.0202228142407377,47.5403713061628,0.18542854839859646,0.8309655944601747,33278552
2026-10-04T19:54:04.234Z,MSFT,stock,517.53,0.9223868954758228,78.53875458497967,0.8323892821655781,0.6916726655825419,17822339
2026-10-04T19:54:04.234Z,NVDA,stock,233.95,1.3384735337433835,38.36649170924583,1.5651946806937749,0.07699693042280333,135167817
2026-10-04T19:54:04.234Z,TSLA,stock,370.59,4.653921097963899,43.42942081609701,0.9567879036960371,0.7750067551284137,55330140
2026-10-04T19:54:04.234Z,AMZN,stock,251.52,1.3253837167143458,89.36936023522254,0.6733166403078797,0.559733292077098,33433392
2026-10-04T19:54:04.234Z,META,stock,728.08,0.2961718071990538,52.61787215005832,1.0290252379304825,0.21196658397761714,12964079
2026-10-04T19:54:04.234Z,GOOGL,stock,343.5,1.5551087984862793,60.73745531576857,0.5500850984536494,0.5709302522983118,23772148
2026-10-04T19:54:04.234Z,AMD,stock,633.91,2.952592857258855,61.972848697175394,1.6522895617061069,0.7501704636562898,19865309
2026-10-04T19:54:04.234Z,NFLX,stock,67.06,-1.16433308769343,41.39239397978343,0.9903867155251531,0.43433184291422433,38672123
2026-10-04T19:54:04.234Z,JPM,stock,332.38,-0.24011045080737478,65.42540527671363,0.5222596333707459,0.599275466129689,6539384
2026-10-04T19:54:04.234Z,V,stock,360.66,0.22509378907878344,46.11250289699926,0.17990024161684445,1.0007416453793374,3987848
2026-10-04T19:54:04.234Z,XOM,stock,164.01,0.11598095470638367,36.252512068286826,0.3221060579546582,1.250115369952977,11164224
2026-10-04T19:54:04.234Z,SPY,stock,769.64,0.7395384756344948,59.25925925925925,0.35087404306339376,0.29777867993430485,45857487
2026-10-04T19:54:04.234Z,QQQ,stock,749.58,1.0174790776653329,58.343026706231456,0.6474822134339334,0.23937496158725424,34498919
2026-10-04T19:54:04.234Z,DIA,stock,511.1,0.48759388148323274,62.80958385876419,0.2517642053041541,0.45007025262756545,3710080
2026-10-04T19:54:04.234Z,IWM,stock,281.52,0.8959931187728479,48.99235295323616,0.6931532367139838,0.18326901949744637,29615280
2026-10-04T19:54:04.234Z,XLK,stock,199.81,1.0110712299681512,48.57614647005997,0.7697658947423928,0.21064276625569295,8927877
2026-10-04T19:54:04.234Z,XLF,stock,53.49,0.05611672278339158,48.89034960672029,0.3008337437669687,0.4507042253521164,30268795
2026-10-04T19:54:04.234Z,PLTR,stock,188.75,-0.6788044622184761,29.586672732999688,2.9812402779632894,0.0052953833554378535,17932108
2026-10-04T19:54:04.234Z,SOFI,stock,15.77,-0.4419191919191937,28.62384964858464,1.8973607991523451,0.2052367036466378,49554082
2026-10-04T19:54:04.234Z,COIN,stock,183,-3.322943631464944,65.73166056934019,8.56857078164798,1.0491407136664317,12867480
2026-10-04T19:54:04.234Z,HOOD,stock,112.74,1.4304993252361575,41.26041696585738,5.105004241906107,0.1663192345226916,29379831
2026-10-04T19:54:04.234Z,RIVN,stock,14.3,-3.1165311653116468,54.389060875417954,4.888592317070226,1.960787086984217,60862087
2026-10-04T19:54:04.234Z,LCID,stock,4.13,-1.4319809069212528,34.262705613968876,1.4319822530088848,0.7317096601279084,7689938
2026-10-04T19:54:04.234Z,F,stock,12.1,-1.3854930725346368,51.4092797970078,0.6568169390093217,0.9182759492061937,48917301
2026-10-04T19:54:04.234Z,GM,stock,78.27,-1.3113100491741347,36.59773948198429,1.1929513117185013,0.1535489082253607,9076899
2026-10-04T19:54:04.234Z,BAC,stock,53.75,0.03722315280104807,60.674118776573856,0.2690425021469395,0.7121996706502702,34897453
2026-10-04T19:54:04.234Z,WFC,stock,80.45,0.24922118380062658,56.321798761772804,0.21086918976722047,0.6568619683407618,10074371
2026-10-04T19:54:04.234Z,GS,stock,902.56,0.6568748815060153,49.60085785773859,0.8328404999713709,0.5489568811290002,1584186
2026-10-04T19:54:04.234Z,MS,stock,190.31,1.223339184085959,33.657888785149694,0.5850664569987958,0.7944507498554222,6252383
2026-10-04T19:54:04.234Z,PYPL,stock,52.8,-0.4900113079532701,50.67084376327739,1.0216537786704813,0.31843405520570633,9014413
2026-10-04T19:54:04.234Z,SHOP,stock,151.39,1.5426923334898268,44.975870452438144,0.9033214858066987,0.6381754776042706,5731774
2026-10-04T19:54:04.234Z,CRM,stock,234.69,-0.8449871139465123,55.736347549608716,1.65933123727715,0.5462402804194385,7840153
2026-10-04T19:54:04.234Z,ORCL,stock,142.3,3.063663359165654,59.48987087842229,1.7668824772117973,1.3966108830374837,30193711
2026-10-04T19:54:04.234Z,AVGO,stock,355.14,3.3465254335932957,44.02815883921641,0.5405123042065869,1.8643830537114214,24639562
2026-10-04T19:54:04.234Z,MU,stock,1074.89,-2.050319394198963,42.33477724269777,1.9090953244759,0.206956096818229,27337514
2026-10-04T19:54:04.234Z,INTC,stock,119.33,-0.5583333333333347,30.63806332128054,5.256051694040617,-0.0000015344462089237856,95401476
2026-10-04T19:54:04.234Z,TSM,stock,472.78,2.9573170731707283,54.89107640687834,0.3551360692350592,1.6053818917711022,9722477
2026-10-04T19:54:04.234Z,ASML,stock,1867.31,3.2524371160470853,67.09659103987478,0.24360640050229976,0.7844975992449009,1345027
2026-10-04T19:54:04.234Z,QCOM,stock,184.87,1.526717557251909,36.45926385065539,1.9725311045797056,0.1137205316398025,10122274
2026-10-04T19:54:04.234Z,ARM,stock,307.49,5.1823219538893195,49.12734806482709,3.1969618174064065,1.2114875141960644,5902359
2026-10-04T19:54:04.234Z,SMCI,stock,43.69,4.2223282442748,47.70620796658909,1.9854195127131948,2.043679554727738,44497408
2026-10-04T19:54:04.234Z,NOW,stock,134.38,-2.4535423925667796,40.77752690882373,2.9677271500772227,0.5010793900912447,8760611
2026-10-04T19:54:04.234Z,UBER,stock,68.11,0.3388332351208073,44.375143053330284,0.35113164517767087,1.1396867034481781,15498371
2026-10-04T19:54:04.234Z,ABNB,stock,162.43,1.2214121019505253,40.883991873277076,1.0538521098417102,0.7068056056303453,3443509
2026-10-04T19:54:04.234Z,DIS,stock,102.19,0.8487121286884431,38.157907945590516,0.34123470715641685,0.6798029556650224,6526004
2026-10-04T19:54:04.234Z,WMT,stock,104.26,0,60.79572055279083,0.7305700407768636,0.3658093537055163,23275480
2026-10-04T19:54:04.234Z,COST,stock,920.65,0.6240846394298994,76.05284080484374,0.03474279436936879,1.0964539335075227,2025566
2026-10-04T19:54:04.234Z,HD,stock,282.85,0.13807264745452213,35.42502087125514,1.3557339542057547,0.6225520663418125,4723854
2026-10-04T19:54:04.234Z,LOW,stock,180.8,-0.8663230617392171,30.81687842758079,1.9097261199795033,0.3608138359910992,2756482
2026-10-04T19:54:04.234Z,NKE,stock,33.87,-3.6415362731152237,57.810875345736704,0.044262423715909015,3.1835467258857895,141948809
2026-10-04T19:54:04.234Z,SBUX,stock,94.71,-0.17917369308600517,51.34069207040168,0.31575847751304725,0.3071402633749073,6366524
2026-10-04T19:54:04.234Z,MCD,stock,231.89,0.02588103351592712,48.727139559659086,0.3395189533472471,0.35704133030831453,6342621
2026-10-04T19:54:04.234Z,PEP,stock,125.89,0.2308917197452279,56.66663275790159,0.22192135452866235,0.48289605316394135,6093478
2026-10-04T19:54:04.234Z,KO,stock,85.65,-0.5226480836236802,50.86792656733354,0.6265256133080506,0.4868884691461393,19281489
2026-10-04T19:54:04.234Z,TGT,stock,156,-0.4467134652201587,68.48377905379019,0.5798849332316923,0.7198925220059655,4088123
2026-10-04T19:54:04.234Z,CVX,stock,206.69,-0.1979719942056961,36.45322048421892,0.2798302988880685,0.9129931690809642,6642588
2026-10-04T19:54:04.234Z,OXY,stock,58.08,0.41493775933609073,61.44108123328171,0.034420782523777824,2.0155466379371947,8872692
2026-10-04T19:54:04.234Z,SLB,stock,48.74,0.16440608302508306,32.352908177003854,1.1258711625126832,1.3727082857950812,11141176
2026-10-04T19:54:04.234Z,UNH,stock,371.9,1.8346111719605664,72.67311011893923,0.12890189497784116,1.9322992403854093,3292808
2026-10-04T19:54:04.234Z,LLY,stock,1142.85,-0.6087750576162109,36.47697823848912,1.8490428364749623,0.4818137375118449,2020098
2026-10-04T19:54:04.234Z,NVO,stock,37.32,-0.21390374331550346,60.869620689215225,0.7314834732647508,0.3762779406845924,10147743
2026-10-04T19:54:04.234Z,PFE,stock,27.8,-1.1379800853485074,77.01232926822985,1.0327458484928171,1.2381679783798647,34914894
2026-10-04T19:54:04.234Z,MRK,stock,144.3,0.34072734858494474,82.052084637536,0.006927835051538513,1.0362642486227427,9159620
2026-10-04T19:54:04.234Z,JNJ,stock,256.03,-1.0167787829583437,59.99989292043453,0.7366311517596845,0.32130138496181065,10176696
2026-10-04T19:54:04.234Z,ABBV,stock,262.82,1.111837802485279,54.40588390733728,0.4130209719162222,1.4376961198583016,5541012
2026-10-04T19:54:04.234Z,BA,stock,193.56,0.66569586020387,41.312296054583214,1.0429941910536722,1.4359042923239078,12577596
2026-10-04T19:54:04.234Z,CAT,stock,845.42,2.307738851576201,44.41246810312274,1.3541056659339386,0.765196662693678,2378887
2026-10-04T19:54:04.234Z,GE,stock,309.56,-0.9059188834469684,64.89358632133323,2.1017357446345244,0.40869680730489755,4148627
2026-10-04T19:54:04.234Z,LMT,stock,505.41,-0.017804154302665676,45.37362451181845,0.44419223443924055,1.2663054175565307,1060592
2026-10-04T19:54:04.234Z,RTX,stock,184.68,-0.1783687368250279,48.972126710073894,0.613606945623602,0.2007500658170373,3793732
2026-10-04T19:54:04.234Z,NOC,stock,478,-0.8298755186721992,27.96678516059319,0.7134914528467966,1.4797361609167803,2678739
2026-10-04T19:54:04.234Z,DE,stock,687,2.958367053322544,69.13170117295127,0.23235196669533173,2.5786540896918724,1063572
2026-10-04T19:54:04.234Z,BABA,stock,105.85,-1.4890646812470996,43.910109062454154,0.9636950597741858,0.6083080706173983,7768242
2026-10-04T19:54:04.234Z,PDD,stock,75.38,-1.4640522875817052,55.447585878332866,0.3604660813672899,0.6542937833423025,6771517
2026-10-04T19:54:04.234Z,SNOW,stock,341.04,-0.2777859001725163,70.59972846939378,0.3360713151177309,2.007003169691458,3301495
2026-10-04T19:54:04.234Z,DDOG,stock,277.22,0.2749041452651551,45.11265145844859,1.6078083407275856,0.6535424023345126,2079569
2026-10-04T19:54:04.234Z,PANW,stock,403.24,1.7640378548895923,61.704892060765786,1.2658856579788076,0.6075291896846411,4908517
2026-10-04T19:54:04.234Z,CRWD,stock,270.04,1.4844601450637174,67.46736675173412,0.8809287989646083,0.7424033940148049,5857040
2026-10-04T19:54:04.234Z,NET,stock,349.07,-0.5498575498575518,41.285930408472005,1.2313371141478688,1.071316250723241,2834127
2026-10-04T19:54:04.234Z,ROKU,stock,152.39,0.7470580457490384,52.458237471241375,0.0983304659332654,0.8070396545822658,1420452
2026-10-04T19:54:04.234Z,PINS,stock,19.26,-1.0277492291880745,50.704376699154324,1.0785789458680253,0.6532519969845334,8515739
2026-10-04T19:54:04.234Z,ADBE,stock,237.69,-1.4878978779840863,36.48215430647574,2.0763794406342706,0.2784462827921045,3115208
2026-10-04T19:54:04.234Z,AMAT,stock,540.04,2.0290950311732496,68.2172682180568,1.1865924018786196,0.8798279117170713,6080420
2026-10-04T19:54:04.234Z,LRCX,stock,347.49,2.1728903263745916,42.567479328334095,1.3303011160244236,0.2437684123842351,7462889
2026-10-04T19:54:04.234Z,KLAC,stock,206.89,3.274596915090088,57.862904466279865,0.8292566185785446,1.1835471046360175,7356292
2026-10-04T19:54:04.234Z,TXN,stock,293.8,4.439941701325942,43.24740700036307,0.9740815051484553,0.3586678052946239,5052143
2026-10-04T19:54:04.234Z,ADI,stock,417.15,3.1018289668808587,54.081690427929196,1.032028469750895,0.5023303690578107,2629935
2026-10-04T19:54:04.234Z,MRVL,stock,272.29,1.570426738287092,36.50658869196589,2.3630252321537535,0.08822356838843927,15905528
2026-10-04T19:54:04.234Z,CDNS,stock,351.35,0.17677415675876157,75.06588169329969,0.6980971321826257,2.54053357423558,2098092
2026-10-04T19:54:04.234Z,SNPS,stock,489.9,-0.13046846332613918,57.04726056043497,1.2288420603412487,1.202283421990947,3327855
2026-10-04T19:54:04.234Z,WDAY,stock,186.14,-0.3266398929049604,41.23717286546519,1.2257877344920531,0.3558358247055588,1441446
2026-10-04T19:54:04.234Z,TEAM,stock,187.89,-1.063661734505824,57.280064844066615,1.9312053909982214,0.5996657396362179,1749319
2026-10-04T19:54:04.234Z,ZS,stock,196.6,-1.0966898078277527,48.26229786408709,2.5260949151947436,0.699157110856719,1789141
2026-10-04T19:54:04.234Z,OKTA,stock,211.49,-0.5361425951182741,38.857828294910085,2.246362822467534,0.32732302573676025,2070620
2026-10-04T19:54:04.234Z,MDB,stock,357.96,1.771244989054093,54.54590048839113,0.6908065259271194,5.624079801352078,2697263
2026-10-04T19:54:04.234Z,FSLR,stock,174.61,1.4525594096798558,35.180863477246206,1.8410740691846659,0.20659971305596192,1904787
2026-10-04T19:54:04.234Z,ENPH,stock,33.47,1.9804996953077347,45.714275334149555,1.9768646909190353,0.9190378072011908,4675923
2026-10-04T19:54:04.234Z,NEE,stock,76.83,0.6286836935167047,50.623622284605375,1.0177824254416437,0.30680693981548585,18041737
2026-10-04T19:54:04.234Z,DUK,stock,114.13,0.34288728679444397,58.82310702617312,0.80827183932466,0.2107301884605786,3880387
2026-10-04T19:54:04.234Z,SO,stock,83.72,0.29950880555888343,54.14464471247233,0.6408760058626648,0.10162953500148146,7744995
2026-10-04T19:54:04.234Z,T,stock,24.3,0,36.58794477188386,0.7555671053295738,0.2888999549572911,24466804
2026-10-04T19:54:04.234Z,VZ,stock,45.92,-0.13049151805131617,37.03658352799337,0.9597792782426802,0.2806195651820806,19585521
2026-10-04T19:54:04.234Z,CMCSA,stock,21.57,-0.5990783410138203,50,1.2588662027852604,0.7708447001239055,21044204
2026-10-04T19:54:04.234Z,TMUS,stock,163.64,1.1809806467569386,34.34052114423689,0.4925490807379788,1.5262485643408115,3410026
2026-10-04T19:54:04.234Z,AXP,stock,302.78,0.2284087523585679,50,0.13852644792919214,0.9098524639550732,2610928
2026-10-04T19:54:04.234Z,MA,stock,552.26,0.4109090909090893,35.46393828418972,0.42371854341440923,1.1798747919395827,2452978
2026-10-04T19:54:04.234Z,BLK,stock,1059.63,-0.44439851178170836,23.070237708235197,2.510768303274152,0.08972930827711456,538424
2026-10-04T19:54:04.234Z,SCHW,stock,96.7,-1.6976720544881585,37.649054276315795,1.0589866515455242,0.2592048311748253,7581335
2026-10-04T19:54:04.234Z,C,stock,128.5,1.1811023622047243,54.273716059365135,0.09718172983479105,0.9823182711198428,7610602
2026-10-04T19:54:04.234Z,TFC,stock,46.45,0.3673292999135732,50.563565551572054,0.5033766014312673,0.47588245715356203,8580075
2026-10-04T19:54:04.234Z,USB,stock,57.51,0.2615062761506251,42.69634988941657,0.5275423920326535,0.5771243320443741,7520114
2026-10-04T19:54:04.234Z,CB,stock,330.89,-0.12375490492001961,46.86325666004452,0.33734216821223534,0.6846352395551732,1964566
2026-10-04T19:54:04.234Z,PGR,stock,210.31,-0.30811528251801557,71.76691111184189,0.6636262722024149,1.1348896784765083,2740287
2026-10-04T19:54:04.234Z,AMGN,stock,403.04,-1.0386230264934715,36.635478144043,0.9194156031565439,0.21757026008900246,3510312
2026-10-04T19:54:04.234Z,GILD,stock,144.74,-1.8711864406779597,66.25022649894618,1.7946158736758304,0.46504660354010446,5044221
2026-10-04T19:54:04.234Z,BMY,stock,61.15,0.5260562222587544,75.33327568931229,0.0817005920198178,1.342392849459362,9638721
2026-10-04T19:54:04.234Z,REGN,stock,735.2,0.053074944543501056,46.05568487472532,0.27941428238862864,0.7979372999294968,613949
2026-10-04T19:54:04.234Z,ISRG,stock,391.95,-2.3153225002492324,36.67674409704948,2.243451635487026,0.0025507880112934467,1833944
2026-10-04T19:54:04.234Z,TMO,stock,654.8,0.3509524758241197,54.871240027089975,0.7013667784182973,0.7384615384615315,1663049
2026-10-04T19:54:04.234Z,DHR,stock,214.06,1.0861352474499488,24.999863760960423,0.8246832691305717,0.20597551393591443,3894323
2026-10-04T19:54:04.234Z,ELV,stock,386.43,1.2471506799067233,51.020471715152304,0.32371579155679503,1.3666645933093657,889961
2026-10-04T19:54:04.234Z,CI,stock,270.53,0.9590983728914738,77.14333167247966,0.16974436361180312,1.6609728652602476,1910757
2026-10-04T19:54:04.234Z,CVS,stock,86.46,1.478873239436609,57.23251729796647,0.7689627849628929,1.2115854975329543,10446777
2026-10-04T19:54:04.234Z,MDT,stock,86.38,-0.06941230911615257,55.12355297707948,1.6733050650582897,0.793469166829131,34596650
2026-10-04T19:54:04.234Z,SYK,stock,275.43,0.90489449003518,53.43672607689497,0.5147138140109334,1.207081195297372,1945788
2026-10-04T19:54:04.234Z,HON,stock,213.99,0.08886810102899799,46.84990168232467,0.6407555130586345,0.6041222152199118,1799288
2026-10-04T19:54:04.234Z,UPS,stock,93.02,-0.9266162530620988,51.076465611420964,1.711749154793036,0.32268669535453937,4663083
2026-10-04T19:54:04.234Z,FDX,stock,290.36,1.1460619361131503,67.60003613043085,0.017218298777179994,1.0369528382472861,1459305
2026-10-04T19:54:04.234Z,DAL,stock,84.09,-0.04754546535123267,79.86564122520456,0.602835086666222,0.7427803644779385,8143457
2026-10-04T19:54:04.234Z,UAL,stock,112.51,0.6530685274646663,70.51286231293403,0.2924462500889059,0.8877361789224469,4026363
2026-10-04T19:54:04.234Z,AAL,stock,12.94,-1.4470677837014567,50,1.932547940294714,0.11605268118981275,73233043
2026-10-04T19:54:04.234Z,LUV,stock,42.47,1.505736137667293,73.5846204781989,0.2114693853076285,1.433009513784156,6171820
2026-10-04T19:54:04.234Z,CARR,stock,55.12,-0.18109380659181712,31.182883910186476,1.6241277871187867,0.2819973564665023,5689447
2026-10-04T19:54:04.234Z,ETN,stock,436.11,-0.26756311745333866,45.19524923519885,3.413984630941243,0.26554780687460605,2088721
2026-10-04T19:54:04.234Z,EMR,stock,161.61,1.9171343885981085,49.11519063405149,1.2375069971669956,0.7292430446210286,2888938
2026-10-04T19:54:04.234Z,MMM,stock,161.89,-0.6931664826401814,67.97736916548797,1.3827994709245612,0.41558043308761816,3019691
2026-10-04T19:54:04.234Z,WM,stock,204.45,1.2630014858840926,63.83986340762041,0.2050056754027208,1.6405698253283862,2366307
2026-10-04T19:54:04.234Z,LIN,stock,479.48,2.136542762807547,68.50165966087471,0.749328515375745,1.3699788583509553,2534284
2026-10-04T19:54:04.234Z,APD,stock,277.57,1.5512384297369515,41.72174053638918,0.773064740038895,1.1828989879055478,1012265
2026-10-04T19:54:04.234Z,FCX,stock,72.04,3.9838337182448105,63.690362660417975,1.2542002715229776,1.5859787133096233,11926686
2026-10-04T19:54:04.234Z,NEM,stock,115.56,0.7761402284817307,61.80540838384266,0.7813181172538405,1.4396083720283588,4015405
2026-10-04T19:54:04.234Z,EOG,stock,141.38,0.04953648007925354,50,0.141264181712154,0.8344577634322957,3592737
2026-10-04T19:54:04.234Z,COP,stock,126.75,-0.24397922241460906,38.311617537775575,0.2518294606065486,0.9638354911968128,5196222
2026-10-04T19:54:04.234Z,MPC,stock,422.33,0.518862311079378,41.2842623960579,0.48071144064371996,3.9824700592919564,2163484
2026-10-04T19:54:04.234Z,PSX,stock,264.58,0.13246035650757518,31.288100052422678,0.8957192611529217,3.2366296191200004,1987536
2026-10-04T19:54:04.234Z,HAL,stock,31.85,-0.09410288582182429,22.236890716977413,1.1790243488472598,0.759251455281037,8092378
2026-10-04T19:54:04.234Z,BKR,stock,56,0.6832074793239888,49.17521120314278,0.47983020360260087,1.0647900274546676,4222677
2026-10-04T19:54:04.234Z,WMB,stock,70.54,1.9069633054030735,70.45446663892356,0.014178669489876106,2.4322982475712935,8279976
2026-10-04T19:54:04.234Z,KMI,stock,31.07,1.7687520471667182,61.25210713616782,0.11252063253948374,2.0193731007539157,11618742
2026-10-04T19:54:04.234Z,PG,stock,144.91,0.666898228551586,68.8752237876547,0.18597099421557778,0.7228782359833776,6219527
2026-10-04T19:54:04.234Z,CL,stock,84.26,-0.31941322607357864,36.84221093420604,0.6192175967835634,0.23792820273025117,6600468
2026-10-04T19:54:04.234Z,KMB,stock,94.36,0.02119991520033498,42.857142857142854,0.9551765247518089,0.286963197596217,4449388
2026-10-04T19:54:04.234Z,PM,stock,187.46,0.47164755064851294,47.98531113235072,0.7938223224867712,0.468951552722907,3052459
2026-10-04T19:54:04.234Z,MO,stock,67.35,0.5974607916355361,64.48576806799383,0.09641906792940222,0.9366827128835437,6348286
2026-10-04T19:54:04.234Z,MDLZ,stock,58.19,0.7444598337950135,46.36352286756647,0.19723918115746045,0.7444627613614178,7882368
2026-10-04T19:54:04.234Z,GIS,stock,32.01,1.073571203031248,33.33311597274299,0.6209223537950083,1.3455783689931287,13642013
2026-10-04T19:54:04.234Z,KR,stock,59.03,-0.7565568258237991,57.630921144560546,0.7899159663865528,0.2547536161068352,4692484
2026-10-04T19:54:04.234Z,DG,stock,118.94,0.008408307407711178,38.333403975755516,0.2599580712788279,1.2470751605939654,1601129
2026-10-04T19:54:04.234Z,DLTR,stock,112.16,-1.9837455212793935,51.79156332476776,1.683031031063703,0.8497088461328408,1626734
2026-10-04T19:54:04.234Z,TJX,stock,132.68,-0.6811887117299174,47.2114446486511,0.6960561380908362,0.16230979357063677,6936773
2026-10-04T19:54:04.234Z,ROST,stock,228.54,-2.375053395984623,52.182390108476156,2.4146575065069538,0.37331351815171615,2358676
2026-10-04T19:54:04.234Z,BKNG,stock,159.02,-0.7861242825056095,50.700911255936,1.8697304413837017,0.3217497387157364,7693144
2026-10-04T19:54:04.234Z,MAR,stock,358.96,1.1753431607429632,62.487550103243045,0.24177711828664497,0.6349942189469614,1000891
2026-10-04T19:54:04.234Z,HLT,stock,319.36,1.2427085975145877,59.13557176442221,0.41317728259228603,0.3330230121531533,1109055
2026-10-04T19:54:04.234Z,CMG,stock,32.36,0.12376237623762112,64.60178783623203,0.3387779999003755,1.5534292560406489,15057494
2026-10-04T19:54:04.234Z,YUM,stock,136.12,-0.4170019752725095,27.24011200560028,1.2371503545084797,0.0000035871383189103082,1751563
2026-10-04T19:54:04.234Z,EL,stock,91.97,1.9736112651069977,61.15706995552641,0.5890930046413847,1.5681909446546622,2689636
2026-10-04T19:54:04.234Z,LULU,stock,94.46,-1.4604631754642246,46.56762505066698,1.5169690889215275,0.8218566960496135,6087577
2026-10-04T19:54:04.234Z,BTC-USD,crypto,85421.55,0.8013455354794375,60.98095238095238,0.1169533161452929,0.8489681803415926,12205336576
2026-10-04T19:54:04.234Z,ETH-USD,crypto,2702.19,0.5714528166214935,57.73115011275615,0.16846771958991208,0.5769202599402711,4443817984
2026-10-04T19:54:04.234Z,SOL-USD,crypto,121.28,1.3698164818495187,37.49956649904631,0.6146019723013516,1.3453679750055252,1626493440
2026-10-04T19:54:04.234Z,XRP-USD,crypto,1.5052,1.2579885637403405,65.74061810154527,0.18567746567376622,1.2988730723158939,1096973824
2026-10-04T19:54:04.234Z,BNB-USD,crypto,789.38,0.2745616020759618,57.02468222476292,0.6206641706319558,0.8457241238418863,1124502656
2026-10-04T19:54:04.234Z,DOGE-USD,crypto,0.09539,2.762622113430369,56.93425496391609,0.6768044370828173,3.046343979231419,588359232
2026-10-04T19:54:04.234Z,ADA-USD,crypto,0.25202,3.2123862071360727,60.96035372939163,1.8690107404174865,3.848690369059186,391622432
2026-10-04T19:54:04.234Z,AVAX-USD,crypto,11.097,-0.23045802194499185,62.40005493164062,0.35916390070861065,1.2869630130884702,215246464
2026-10-04T19:54:04.234Z,LINK-USD,crypto,14.133,0.12207979481100587,30.92111454797562,0.5558675329454547,1.1016518165725186,215265680
2026-10-04T19:54:04.234Z,DOT-USD,crypto,1.223,3.225714968901893,72.91289298786893,0.7788393545018893,4.15601597741461,96321856
2026-10-04T19:54:04.234Z,LTC-USD,crypto,71.177,1.2954206648236968,35.940296452663944,1.4046098066425974,1.866241439274188,293878240
2026-10-04T19:54:04.234Z,BCH-USD,crypto,316.47,-1.0185267721005171,51.21966780800068,1.2265898786983311,0.18360357234083788,153219168
2026-10-04T22:34:16.519Z,AAPL,stock,333.69,1.0202228142407377,47.5403713061628,0.18542854839859646,0.8309655944601747,33278552
2026-10-04T22:34:16.519Z,MSFT,stock,517.53,0.9223868954758228,78.53875458497967,0.8323892821655781,0.6916726655825419,17822339
2026-10-04T22:34:16.519Z,NVDA,stock,233.95,1.3384735337433835,38.36649170924583,1.5651946806937749,0.07699693042280333,135167817
2026-10-04T22:34:16.519Z,TSLA,stock,370.59,4.653921097963899,43.42942081609701,0.9567879036960371,0.7750067551284137,55330140
2026-10-04T22:34:16.519Z,AMZN,stock,251.52,1.3253837167143458,89.36936023522254,0.6733166403078797,0.559733292077098,33433392
2026-10-04T22:34:16.519Z,META,stock,728.08,0.2961718071990538,52.61787215005832,1.0290252379304825,0.21196658397761714,12964079
2026-10-04T22:34:16.519Z,GOOGL,stock,343.5,1.5551087984862793,60.73745531576857,0.5500850984536494,0.5709302522983118,23772148
2026-10-04T22:34:16.519Z,AMD,stock,633.91,2.952592857258855,61.972848697175394,1.6522895617061069,0.7501704636562898,19865309
2026-10-04T22:34:16.519Z,NFLX,stock,67.06,-1.16433308769343,41.39239397978343,0.9903867155251531,0.43433184291422433,38672123
2026-10-04T22:34:16.519Z,JPM,stock,332.38,-0.24011045080737478,65.42540527671363,0.5222596333707459,0.599275466129689,6539384
2026-10-04T22:34:16.519Z,V,stock,360.66,0.22509378907878344,46.11250289699926,0.17990024161684445,1.0007416453793374,3987848
2026-10-04T22:34:16.519Z,XOM,stock,164.01,0.11598095470638367,36.252512068286826,0.3221060579546582,1.250115369952977,11164224
2026-10-04T22:34:16.519Z,SPY,stock,769.64,0.7395384756344948,59.25925925925925,0.35087404306339376,0.29777867993430485,45857487
2026-10-04T22:34:16.519Z,QQQ,stock,749.58,1.0174790776653329,58.343026706231456,0.6474822134339334,0.23937496158725424,34498919
2026-10-04T22:34:16.519Z,DIA,stock,511.1,0.48759388148323274,62.80958385876419,0.2517642053041541,0.45007025262756545,3710080
2026-10-04T22:34:16.519Z,IWM,stock,281.52,0.8959931187728479,48.99235295323616,0.6931532367139838,0.18326901949744637,29615280
2026-10-04T22:34:16.519Z,XLK,stock,199.81,1.0110712299681512,48.57614647005997,0.7697658947423928,0.21064276625569295,8927877
2026-10-04T22:34:16.519Z,XLF,stock,53.49,0.05611672278339158,48.89034960672029,0.3008337437669687,0.4507042253521164,30268795
2026-10-04T22:34:16.519Z,PLTR,stock,188.75,-0.6788044622184761,29.586672732999688,2.9812402779632894,0.0052953833554378535,17932108
2026-10-04T22:34:16.519Z,SOFI,stock,15.77,-0.4419191919191937,28.62384964858464,1.8973607991523451,0.2052367036466378,49554082
2026-10-04T22:34:16.519Z,COIN,stock,183,-3.322943631464944,65.73166056934019,8.56857078164798,1.0491407136664317,12867480
2026-10-04T22:34:16.519Z,HOOD,stock,112.74,1.4304993252361575,41.26041696585738,5.105004241906107,0.1663192345226916,29379831
2026-10-04T22:34:16.519Z,RIVN,stock,14.3,-3.1165311653116468,54.389060875417954,4.888592317070226,1.960787086984217,60862087
2026-10-04T22:34:16.519Z,LCID,stock,4.13,-1.4319809069212528,34.262705613968876,1.4319822530088848,0.7317096601279084,7689938
2026-10-04T22:34:16.519Z,F,stock,12.1,-1.3854930725346368,51.4092797970078,0.6568169390093217,0.9182759492061937,48917301
2026-10-04T22:34:16.519Z,GM,stock,78.27,-1.3113100491741347,36.59773948198429,1.1929513117185013,0.1535489082253607,9076899
2026-10-04T22:34:16.519Z,BAC,stock,53.75,0.03722315280104807,60.674118776573856,0.2690425021469395,0.7121996706502702,34897453
2026-10-04T22:34:16.519Z,WFC,stock,80.45,0.24922118380062658,56.321798761772804,0.21086918976722047,0.6568619683407618,10074371
2026-10-04T22:34:16.519Z,GS,stock,902.56,0.6568748815060153,49.60085785773859,0.8328404999713709,0.5489568811290002,1584186
2026-10-04T22:34:16.519Z,MS,stock,190.31,1.223339184085959,33.657888785149694,0.5850664569987958,0.7944507498554222,6252383
2026-10-04T22:34:16.519Z,PYPL,stock,52.8,-0.4900113079532701,50.67084376327739,1.0216537786704813,0.31843405520570633,9014413
2026-10-04T22:34:16.519Z,SHOP,stock,151.39,1.5426923334898268,44.975870452438144,0.9033214858066987,0.6381754776042706,5731774
2026-10-04T22:34:16.519Z,CRM,stock,234.69,-0.8449871139465123,55.736347549608716,1.65933123727715,0.5462402804194385,7840153
2026-10-04T22:34:16.519Z,ORCL,stock,142.3,3.063663359165654,59.48987087842229,1.7668824772117973,1.3966108830374837,30193711
2026-10-04T22:34:16.519Z,AVGO,stock,355.14,3.3465254335932957,44.02815883921641,0.5405123042065869,1.8643830537114214,24639562
2026-10-04T22:34:16.519Z,MU,stock,1074.89,-2.050319394198963,42.33477724269777,1.9090953244759,0.206956096818229,27337514
2026-10-04T22:34:16.519Z,INTC,stock,119.33,-0.5583333333333347,30.63806332128054,5.256051694040617,-0.0000015344462089237856,95401476
2026-10-04T22:34:16.519Z,TSM,stock,472.78,2.9573170731707283,54.89107640687834,0.3551360692350592,1.6053818917711022,9722477
2026-10-04T22:34:16.519Z,ASML,stock,1867.31,3.2524371160470853,67.09659103987478,0.24360640050229976,0.7844975992449009,1345027
2026-10-04T22:34:16.519Z,QCOM,stock,184.87,1.526717557251909,36.45926385065539,1.9725311045797056,0.1137205316398025,10122274
2026-10-04T22:34:16.519Z,ARM,stock,307.49,5.1823219538893195,49.12734806482709,3.1969618174064065,1.2114875141960644,5902359
2026-10-04T22:34:16.519Z,SMCI,stock,43.69,4.2223282442748,47.70620796658909,1.9854195127131948,2.043679554727738,44497408
2026-10-04T22:34:16.519Z,NOW,stock,134.38,-2.4535423925667796,40.77752690882373,2.9677271500772227,0.5010793900912447,8760611
2026-10-04T22:34:16.519Z,UBER,stock,68.11,0.3388332351208073,44.375143053330284,0.35113164517767087,1.1396867034481781,15498371
2026-10-04T22:34:16.519Z,ABNB,stock,162.43,1.2214121019505253,40.883991873277076,1.0538521098417102,0.7068056056303453,3443509
2026-10-04T22:34:16.519Z,DIS,stock,102.19,0.8487121286884431,38.157907945590516,0.34123470715641685,0.6798029556650224,6526004
2026-10-04T22:34:16.519Z,WMT,stock,104.26,0,60.79572055279083,0.7305700407768636,0.3658093537055163,23275480
2026-10-04T22:34:16.519Z,COST,stock,920.65,0.6240846394298994,76.05284080484374,0.03474279436936879,1.0964539335075227,2025566
2026-10-04T22:34:16.519Z,HD,stock,282.85,0.13807264745452213,35.42502087125514,1.3557339542057547,0.6225520663418125,4723854
2026-10-04T22:34:16.519Z,LOW,stock,180.8,-0.8663230617392171,30.81687842758079,1.9097261199795033,0.3608138359910992,2756482
2026-10-04T22:34:16.519Z,NKE,stock,33.87,-3.6415362731152237,57.810875345736704,0.044262423715909015,3.1835467258857895,141948809
2026-10-04T22:34:16.519Z,SBUX,stock,94.71,-0.17917369308600517,51.34069207040168,0.31575847751304725,0.3071402633749073,6366524
2026-10-04T22:34:16.519Z,MCD,stock,231.89,0.02588103351592712,48.727139559659086,0.3395189533472471,0.35704133030831453,6342621
2026-10-04T22:34:16.519Z,PEP,stock,125.89,0.2308917197452279,56.66663275790159,0.22192135452866235,0.48289605316394135,6093478
2026-10-04T22:34:16.519Z,KO,stock,85.65,-0.5226480836236802,50.86792656733354,0.6265256133080506,0.4868884691461393,19281489
2026-10-04T22:34:16.519Z,TGT,stock,156,-0.4467134652201587,68.48377905379019,0.5798849332316923,0.7198925220059655,4088123
2026-10-04T22:34:16.519Z,CVX,stock,206.69,-0.1979719942056961,36.45322048421892,0.2798302988880685,0.9129931690809642,6642588
2026-10-04T22:34:16.519Z,OXY,stock,58.08,0.41493775933609073,61.44108123328171,0.034420782523777824,2.0155466379371947,8872692
2026-10-04T22:34:16.519Z,SLB,stock,48.74,0.16440608302508306,32.352908177003854,1.1258711625126832,1.3727082857950812,11141176
2026-10-04T22:34:16.519Z,UNH,stock,371.9,1.8346111719605664,72.67311011893923,0.12890189497784116,1.9322992403854093,3292808
2026-10-04T22:34:16.519Z,LLY,stock,1142.85,-0.6087750576162109,36.47697823848912,1.8490428364749623,0.4818137375118449,2020098
2026-10-04T22:34:16.519Z,NVO,stock,37.32,-0.21390374331550346,60.869620689215225,0.7314834732647508,0.3762779406845924,10147743
2026-10-04T22:34:16.519Z,PFE,stock,27.8,-1.1379800853485074,77.01232926822985,1.0327458484928171,1.2381679783798647,34914894
2026-10-04T22:34:16.519Z,MRK,stock,144.3,0.34072734858494474,82.052084637536,0.006927835051538513,1.0362642486227427,9159620
2026-10-04T22:34:16.519Z,JNJ,stock,256.03,-1.0167787829583437,59.99989292043453,0.7366311517596845,0.32130138496181065,10176696
2026-10-04T22:34:16.519Z,ABBV,stock,262.82,1.111837802485279,54.40588390733728,0.4130209719162222,1.4376961198583016,5541012
2026-10-04T22:34:16.519Z,BA,stock,193.56,0.66569586020387,41.312296054583214,1.0429941910536722,1.4359042923239078,12577596
2026-10-04T22:34:16.519Z,CAT,stock,845.42,2.307738851576201,44.41246810312274,1.3541056659339386,0.765196662693678,2378887
2026-10-04T22:34:16.519Z,GE,stock,309.56,-0.9059188834469684,64.89358632133323,2.1017357446345244,0.40869680730489755,4148627
2026-10-04T22:34:16.519Z,LMT,stock,505.41,-0.017804154302665676,45.37362451181845,0.44419223443924055,1.2663054175565307,1060592
2026-10-04T22:34:16.519Z,RTX,stock,184.68,-0.1783687368250279,48.972126710073894,0.613606945623602,0.2007500658170373,3793732
2026-10-04T22:34:16.519Z,NOC,stock,478,-0.8298755186721992,27.96678516059319,0.7134914528467966,1.4797361609167803,2678739
2026-10-04T22:34:16.519Z,DE,stock,687,2.958367053322544,69.13170117295127,0.23235196669533173,2.5786540896918724,1063572
2026-10-04T22:34:16.519Z,BABA,stock,105.85,-1.4890646812470996,43.910109062454154,0.9636950597741858,0.6083080706173983,7768242
2026-10-04T22:34:16.519Z,PDD,stock,75.38,-1.4640522875817052,55.447585878332866,0.3604660813672899,0.6542937833423025,6771517
2026-10-04T22:34:16.519Z,SNOW,stock,341.04,-0.2777859001725163,70.59972846939378,0.3360713151177309,2.007003169691458,3301495
2026-10-04T22:34:16.519Z,DDOG,stock,277.22,0.2749041452651551,45.11265145844859,1.6078083407275856,0.6535424023345126,2079569
2026-10-04T22:34:16.519Z,PANW,stock,403.24,1.7640378548895923,61.704892060765786,1.2658856579788076,0.6075291896846411,4908517
2026-10-04T22:34:16.519Z,CRWD,stock,270.04,1.4844601450637174,67.46736675173412,0.8809287989646083,0.7424033940148049,5857040
2026-10-04T22:34:16.519Z,NET,stock,349.07,-0.5498575498575518,41.285930408472005,1.2313371141478688,1.071316250723241,2834127
2026-10-04T22:34:16.519Z,ROKU,stock,152.39,0.7470580457490384,52.458237471241375,0.0983304659332654,0.8070396545822658,1420452
2026-10-04T22:34:16.519Z,PINS,stock,19.26,-1.0277492291880745,50.704376699154324,1.0785789458680253,0.6532519969845334,8515739
2026-10-04T22:34:16.519Z,ADBE,stock,237.69,-1.4878978779840863,36.48215430647574,2.0763794406342706,0.2784462827921045,3115208
2026-10-04T22:34:16.519Z,AMAT,stock,540.04,2.0290950311732496,68.2172682180568,1.1865924018786196,0.8798279117170713,6080420
2026-10-04T22:34:16.519Z,LRCX,stock,347.49,2.1728903263745916,42.567479328334095,1.3303011160244236,0.2437684123842351,7462889
2026-10-04T22:34:16.519Z,KLAC,stock,206.89,3.274596915090088,57.862904466279865,0.8292566185785446,1.1835471046360175,7356292
2026-10-04T22:34:16.519Z,TXN,stock,293.8,4.439941701325942,43.24740700036307,0.9740815051484553,0.3586678052946239,5052143
2026-10-04T22:34:16.519Z,ADI,stock,417.15,3.1018289668808587,54.081690427929196,1.032028469750895,0.5023303690578107,2629935
2026-10-04T22:34:16.519Z,MRVL,stock,272.29,1.570426738287092,36.50658869196589,2.3630252321537535,0.08822356838843927,15905528
2026-10-04T22:34:16.519Z,CDNS,stock,351.35,0.17677415675876157,75.06588169329969,0.6980971321826257,2.54053357423558,2098092
2026-10-04T22:34:16.519Z,SNPS,stock,489.9,-0.13046846332613918,57.04726056043497,1.2288420603412487,1.202283421990947,3327855
2026-10-04T22:34:16.519Z,WDAY,stock,186.14,-0.3266398929049604,41.23717286546519,1.2257877344920531,0.3558358247055588,1441446
2026-10-04T22:34:16.519Z,TEAM,stock,187.89,-1.063661734505824,57.280064844066615,1.9312053909982214,0.5996657396362179,1749319
2026-10-04T22:34:16.519Z,ZS,stock,196.6,-1.0966898078277527,48.26229786408709,2.5260949151947436,0.699157110856719,1789141
2026-10-04T22:34:16.519Z,OKTA,stock,211.49,-0.5361425951182741,38.857828294910085,2.246362822467534,0.32732302573676025,2070620
2026-10-04T22:34:16.519Z,MDB,stock,357.96,1.771244989054093,54.54590048839113,0.6908065259271194,5.624079801352078,2697263
2026-10-04T22:34:16.519Z,FSLR,stock,174.61,1.4525594096798558,35.180863477246206,1.8410740691846659,0.20659971305596192,1904787
2026-10-04T22:34:16.519Z,ENPH,stock,33.47,1.9804996953077347,45.714275334149555,1.9768646909190353,0.9190378072011908,4675923
2026-10-04T22:34:16.519Z,NEE,stock,76.83,0.6286836935167047,50.623622284605375,1.0177824254416437,0.30680693981548585,18041737
2026-10-04T22:34:16.519Z,DUK,stock,114.13,0.34288728679444397,58.82310702617312,0.80827183932466,0.2107301884605786,3880387
2026-10-04T22:34:16.519Z,SO,stock,83.72,0.29950880555888343,54.14464471247233,0.6408760058626648,0.10162953500148146,7744995
2026-10-04T22:34:16.519Z,T,stock,24.3,0,36.58794477188386,0.7555671053295738,0.2888999549572911,24466804
2026-10-04T22:34:16.519Z,VZ,stock,45.92,-0.13049151805131617,37.03658352799337,0.9597792782426802,0.2806195651820806,19585521
2026-10-04T22:34:16.519Z,CMCSA,stock,21.57,-0.5990783410138203,50,1.2588662027852604,0.7708447001239055,21044204
2026-10-04T22:34:16.519Z,TMUS,stock,163.64,1.1809806467569386,34.34052114423689,0.4925490807379788,1.5262485643408115,3410026
2026-10-04T22:34:16.519Z,AXP,stock,302.78,0.2284087523585679,50,0.13852644792919214,0.9098524639550732,2610928
2026-10-04T22:34:16.519Z,MA,stock,552.26,0.4109090909090893,35.46393828418972,0.42371854341440923,1.1798747919395827,2452978
2026-10-04T22:34:16.519Z,BLK,stock,1059.63,-0.44439851178170836,23.070237708235197,2.510768303274152,0.08972930827711456,538424
2026-10-04T22:34:16.519Z,SCHW,stock,96.7,-1.6976720544881585,37.649054276315795,1.0589866515455242,0.2592048311748253,7581335
2026-10-04T22:34:16.519Z,C,stock,128.5,1.1811023622047243,54.273716059365135,0.09718172983479105,0.9823182711198428,7610602
2026-10-04T22:34:16.519Z,TFC,stock,46.45,0.3673292999135732,50.563565551572054,0.5033766014312673,0.47588245715356203,8580075
2026-10-04T22:34:16.519Z,USB,stock,57.51,0.2615062761506251,42.69634988941657,0.5275423920326535,0.5771243320443741,7520114
2026-10-04T22:34:16.519Z,CB,stock,330.89,-0.12375490492001961,46.86325666004452,0.33734216821223534,0.6846352395551732,1964566
2026-10-04T22:34:16.519Z,PGR,stock,210.31,-0.30811528251801557,71.76691111184189,0.6636262722024149,1.1348896784765083,2740287
2026-10-04T22:34:16.519Z,AMGN,stock,403.04,-1.0386230264934715,36.635478144043,0.9194156031565439,0.21757026008900246,3510312
2026-10-04T22:34:16.519Z,GILD,stock,144.74,-1.8711864406779597,66.25022649894618,1.7946158736758304,0.46504660354010446,5044221
2026-10-04T22:34:16.519Z,BMY,stock,61.15,0.5260562222587544,75.33327568931229,0.0817005920198178,1.342392849459362,9638721
2026-10-04T22:34:16.519Z,REGN,stock,735.2,0.053074944543501056,46.05568487472532,0.27941428238862864,0.7979372999294968,613949
2026-10-04T22:34:16.519Z,ISRG,stock,391.95,-2.3153225002492324,36.67674409704948,2.243451635487026,0.0025507880112934467,1833944
2026-10-04T22:34:16.519Z,TMO,stock,654.8,0.3509524758241197,54.871240027089975,0.7013667784182973,0.7384615384615315,1663049
2026-10-04T22:34:16.519Z,DHR,stock,214.06,1.0861352474499488,24.999863760960423,0.8246832691305717,0.20597551393591443,3894323
2026-10-04T22:34:16.519Z,ELV,stock,386.43,1.2471506799067233,51.020471715152304,0.32371579155679503,1.3666645933093657,889961
2026-10-04T22:34:16.519Z,CI,stock,270.53,0.9590983728914738,77.14333167247966,0.16974436361180312,1.6609728652602476,1910757
2026-10-04T22:34:16.519Z,CVS,stock,86.46,1.478873239436609,57.23251729796647,0.7689627849628929,1.2115854975329543,10446777
2026-10-04T22:34:16.519Z,MDT,stock,86.38,-0.06941230911615257,55.12355297707948,1.6733050650582897,0.793469166829131,34596650
2026-10-04T22:34:16.519Z,SYK,stock,275.43,0.90489449003518,53.43672607689497,0.5147138140109334,1.207081195297372,1945788
2026-10-04T22:34:16.519Z,HON,stock,213.99,0.08886810102899799,46.84990168232467,0.6407555130586345,0.6041222152199118,1799288
2026-10-04T22:34:16.519Z,UPS,stock,93.02,-0.9266162530620988,51.076465611420964,1.711749154793036,0.32268669535453937,4663083
2026-10-04T22:34:16.519Z,FDX,stock,290.36,1.1460619361131503,67.60003613043085,0.017218298777179994,1.0369528382472861,1459305
2026-10-04T22:34:16.519Z,DAL,stock,84.09,-0.04754546535123267,79.86564122520456,0.602835086666222,0.7427803644779385,8143457
2026-10-04T22:34:16.519Z,UAL,stock,112.51,0.6530685274646663,70.51286231293403,0.2924462500889059,0.8877361789224469,4026363
2026-10-04T22:34:16.519Z,AAL,stock,12.94,-1.4470677837014567,50,1.932547940294714,0.11605268118981275,73233043
2026-10-04T22:34:16.519Z,LUV,stock,42.47,1.505736137667293,73.5846204781989,0.2114693853076285,1.433009513784156,6171820
2026-10-04T22:34:16.519Z,CARR,stock,55.12,-0.18109380659181712,31.182883910186476,1.6241277871187867,0.2819973564665023,5689447
2026-10-04T22:34:16.519Z,ETN,stock,436.11,-0.26756311745333866,45.19524923519885,3.413984630941243,0.26554780687460605,2088721
2026-10-04T22:34:16.519Z,EMR,stock,161.61,1.9171343885981085,49.11519063405149,1.2375069971669956,0.7292430446210286,2888938
2026-10-04T22:34:16.519Z,MMM,stock,161.89,-0.6931664826401814,67.97736916548797,1.3827994709245612,0.41558043308761816,3019691
2026-10-04T22:34:16.519Z,WM,stock,204.45,1.2630014858840926,63.83986340762041,0.2050056754027208,1.6405698253283862,2366307
2026-10-04T22:34:16.519Z,LIN,stock,479.48,2.136542762807547,68.50165966087471,0.749328515375745,1.3699788583509553,2534284
2026-10-04T22:34:16.519Z,APD,stock,277.57,1.5512384297369515,41.72174053638918,0.773064740038895,1.1828989879055478,1012265
2026-10-04T22:34:16.519Z,FCX,stock,72.04,3.9838337182448105,63.690362660417975,1.2542002715229776,1.5859787133096233,11926686
2026-10-04T22:34:16.519Z,NEM,stock,115.56,0.7761402284817307,61.80540838384266,0.7813181172538405,1.4396083720283588,4015405
2026-10-04T22:34:16.519Z,EOG,stock,141.38,0.04953648007925354,50,0.141264181712154,0.8344577634322957,3592737
2026-10-04T22:34:16.519Z,COP,stock,126.75,-0.24397922241460906,38.311617537775575,0.2518294606065486,0.9638354911968128,5196222
2026-10-04T22:34:16.519Z,MPC,stock,422.33,0.518862311079378,41.2842623960579,0.48071144064371996,3.9824700592919564,2163484
2026-10-04T22:34:16.519Z,PSX,stock,264.58,0.13246035650757518,31.288100052422678,0.8957192611529217,3.2366296191200004,1987536
2026-10-04T22:34:16.519Z,HAL,stock,31.85,-0.09410288582182429,22.236890716977413,1.1790243488472598,0.759251455281037,8092378
2026-10-04T22:34:16.519Z,BKR,stock,56,0.6832074793239888,49.17521120314278,0.47983020360260087,1.0647900274546676,4222677
2026-10-04T22:34:16.519Z,WMB,stock,70.54,1.9069633054030735,70.45446663892356,0.014178669489876106,2.4322982475712935,8279976
2026-10-04T22:34:16.519Z,KMI,stock,31.07,1.7687520471667182,61.25210713616782,0.11252063253948374,2.0193731007539157,11618742
2026-10-04T22:34:16.519Z,PG,stock,144.91,0.666898228551586,68.8752237876547,0.18597099421557778,0.7228782359833776,6219527
2026-10-04T22:34:16.519Z,CL,stock,84.26,-0.31941322607357864,36.84221093420604,0.6192175967835634,0.23792820273025117,6600468
2026-10-04T22:34:16.519Z,KMB,stock,94.36,0.02119991520033498,42.857142857142854,0.9551765247518089,0.286963197596217,4449388
2026-10-04T22:34:16.519Z,PM,stock,187.46,0.47164755064851294,47.98531113235072,0.7938223224867712,0.468951552722907,3052459
2026-10-04T22:34:16.519Z,MO,stock,67.35,0.5974607916355361,64.48576806799383,0.09641906792940222,0.9366827128835437,6348286
2026-10-04T22:34:16.519Z,MDLZ,stock,58.19,0.7444598337950135,46.36352286756647,0.19723918115746045,0.7444627613614178,7882368
2026-10-04T22:34:16.519Z,GIS,stock,32.01,1.073571203031248,33.33311597274299,0.6209223537950083,1.3455783689931287,13642013
2026-10-04T22:34:16.519Z,KR,stock,59.03,-0.7565568258237991,57.630921144560546,0.7899159663865528,0.2547536161068352,4692484
2026-10-04T22:34:16.519Z,DG,stock,118.94,0.008408307407711178,38.333403975755516,0.2599580712788279,1.2470751605939654,1601129
2026-10-04T22:34:16.519Z,DLTR,stock,112.16,-1.9837455212793935,51.79156332476776,1.683031031063703,0.8497088461328408,1626734
2026-10-04T22:34:16.519Z,TJX,stock,132.68,-0.6811887117299174,47.2114446486511,0.6960561380908362,0.16230979357063677,6936773
2026-10-04T22:34:16.519Z,ROST,stock,228.54,-2.375053395984623,52.182390108476156,2.4146575065069538,0.37331351815171615,2358676
2026-10-04T22:34:16.519Z,BKNG,stock,159.02,-0.7861242825056095,50.700911255936,1.8697304413837017,0.3217497387157364,7693144
2026-10-04T22:34:16.519Z,MAR,stock,358.96,1.1753431607429632,62.487550103243045,0.24177711828664497,0.6349942189469614,1000891
2026-10-04T22:34:16.519Z,HLT,stock,319.36,1.2427085975145877,59.13557176442221,0.41317728259228603,0.3330230121531533,1109055
2026-10-04T22:34:16.519Z,CMG,stock,32.36,0.12376237623762112,64.60178783623203,0.3387779999003755,1.5534292560406489,15057494
2026-10-04T22:34:16.519Z,YUM,stock,136.12,-0.4170019752725095,27.24011200560028,1.2371503545084797,0.0000035871383189103082,1751563
2026-10-04T22:34:16.519Z,EL,stock,91.97,1.9736112651069977,61.15706995552641,0.5890930046413847,1.5681909446546622,2689636
2026-10-04T22:34:16.519Z,LULU,stock,94.46,-1.4604631754642246,46.56762505066698,1.5169690889215275,0.8218566960496135,6087577
2026-10-04T22:34:16.519Z,BTC-USD,crypto,86372,1.9229201131380744,68.32728759004752,0.2633064385537569,1.9674517369425062,14105056256
2026-10-04T22:34:16.519Z,ETH-USD,crypto,2726.04,1.459113991326608,73.20220951483846,0.15163585347055353,1.4646296912532306,5258720768
2026-10-04T22:34:16.519Z,SOL-USD,crypto,121.77,1.779374612424269,58.44742654487433,0.3192564263407494,1.7633263190002362,1768062336
2026-10-04T22:34:16.519Z,XRP-USD,crypto,1.5164,2.0114362596703694,60.26916160935042,0.2630917638646284,2.066365249653872,1260037760
2026-10-04T22:34:16.519Z,BNB-USD,crypto,795.31,1.0278466489485776,62.921510132702394,0.09421369757228647,1.6032998719662084,1174071808
2026-10-04T22:34:16.519Z,DOGE-USD,crypto,0.09661,4.076915005540495,46.42857142857143,0.5967693344252762,4.364265560682957,710246528
2026-10-04T22:34:16.519Z,ADA-USD,crypto,0.26152,7.103020557456634,83.09855312147147,-6.454586745331547e-7,7.76331047264643,480591520
2026-10-04T22:34:16.519Z,AVAX-USD,crypto,11.084,-0.34733682213555733,59.64898338192298,0.47589192353376863,1.1683065726838437,227269056
2026-10-04T22:34:16.519Z,LINK-USD,crypto,14.22,0.7384118504360473,53.804330924960354,0.5941999535996243,1.7240139270969623,218338096
2026-10-04T22:34:16.519Z,DOT-USD,crypto,1.205,1.7064485180104494,52.4935623257604,2.2391671481396385,2.6230574429964046,107894376
2026-10-04T22:34:16.519Z,LTC-USD,crypto,70.595,0.4671484023382283,51.08775024419851,2.2108044635196054,1.0333016902308403,298124512
2026-10-04T22:34:16.519Z,BCH-USD,crypto,318.02,-0.5337374287086011,62.9784821030487,0.7428195823416051,0.7348709861459617,153750288
2026-10-05T01:12:10.586Z,AAPL,stock,333.69,1.0202228142407377,47.5403713061628,0.18542854839859646,0.8309655944601747,33278552
2026-10-05T01:12:10.586Z,MSFT,stock,517.53,0.9223868954758228,78.53875458497967,0.8323892821655781,0.6916726655825419,17822339
2026-10-05T01:12:10.586Z,NVDA,stock,233.95,1.3384735337433835,38.36649170924583,1.5651946806937749,0.07699693042280333,135167817
2026-10-05T01:12:10.586Z,TSLA,stock,370.59,4.653921097963899,43.42942081609701,0.9567879036960371,0.7750067551284137,55330140
2026-10-05T01:12:10.586Z,AMZN,stock,251.52,1.3253837167143458,89.36936023522254,0.6733166403078797,0.559733292077098,33433392
2026-10-05T01:12:10.586Z,META,stock,728.08,0.2961718071990538,52.61787215005832,1.0290252379304825,0.21196658397761714,12964079
2026-10-05T01:12:10.586Z,GOOGL,stock,343.5,1.5551087984862793,60.73745531576857,0.5500850984536494,0.5709302522983118,23772148
2026-10-05T01:12:10.586Z,AMD,stock,633.91,2.952592857258855,61.972848697175394,1.6522895617061069,0.7501704636562898,19865309
2026-10-05T01:12:10.586Z,NFLX,stock,67.06,-1.16433308769343,41.39239397978343,0.9903867155251531,0.43433184291422433,38672123
2026-10-05T01:12:10.586Z,JPM,stock,332.38,-0.24011045080737478,65.42540527671363,0.5222596333707459,0.599275466129689,6539384
2026-10-05T01:12:10.586Z,V,stock,360.66,0.22509378907878344,46.11250289699926,0.17990024161684445,1.0007416453793374,3987848
2026-10-05T01:12:10.586Z,XOM,stock,164.01,0.11598095470638367,36.252512068286826,0.3221060579546582,1.250115369952977,11164224
2026-10-05T01:12:10.586Z,SPY,stock,769.64,0.7395384756344948,59.25925925925925,0.35087404306339376,0.29777867993430485,45857487
2026-10-05T01:12:10.586Z,QQQ,stock,749.58,1.0174790776653329,58.343026706231456,0.6474822134339334,0.23937496158725424,34498919
2026-10-05T01:12:10.586Z,DIA,stock,511.1,0.48759388148323274,62.80958385876419,0.2517642053041541,0.45007025262756545,3710080
2026-10-05T01:12:10.586Z,IWM,stock,281.52,0.8959931187728479,48.99235295323616,0.6931532367139838,0.18326901949744637,29615280
2026-10-05T01:12:10.586Z,XLK,stock,199.81,1.0110712299681512,48.57614647005997,0.7697658947423928,0.21064276625569295,8927877
2026-10-05T01:12:10.586Z,XLF,stock,53.49,0.05611672278339158,48.89034960672029,0.3008337437669687,0.4507042253521164,30268795
2026-10-05T01:12:10.586Z,PLTR,stock,188.75,-0.6788044622184761,29.586672732999688,2.9812402779632894,0.0052953833554378535,17932108
2026-10-05T01:12:10.586Z,SOFI,stock,15.77,-0.4419191919191937,28.62384964858464,1.8973607991523451,0.2052367036466378,49554082
2026-10-05T01:12:10.586Z,COIN,stock,183,-3.322943631464944,65.73166056934019,8.56857078164798,1.0491407136664317,12867480
2026-10-05T01:12:10.586Z,HOOD,stock,112.74,1.4304993252361575,41.26041696585738,5.105004241906107,0.1663192345226916,29379831
2026-10-05T01:12:10.586Z,RIVN,stock,14.3,-3.1165311653116468,54.389060875417954,4.888592317070226,1.960787086984217,60862087
2026-10-05T01:12:10.586Z,LCID,stock,4.13,-1.4319809069212528,34.262705613968876,1.4319822530088848,0.7317096601279084,7689938
2026-10-05T01:12:10.586Z,F,stock,12.1,-1.3854930725346368,51.4092797970078,0.6568169390093217,0.9182759492061937,48917301
2026-10-05T01:12:10.586Z,GM,stock,78.27,-1.3113100491741347,36.59773948198429,1.1929513117185013,0.1535489082253607,9076899
2026-10-05T01:12:10.586Z,BAC,stock,53.75,0.03722315280104807,60.674118776573856,0.2690425021469395,0.7121996706502702,34897453
2026-10-05T01:12:10.586Z,WFC,stock,80.45,0.24922118380062658,56.321798761772804,0.21086918976722047,0.6568619683407618,10074371
2026-10-05T01:12:10.586Z,GS,stock,902.56,0.6568748815060153,49.60085785773859,0.8328404999713709,0.5489568811290002,1584186
2026-10-05T01:12:10.586Z,MS,stock,190.31,1.223339184085959,33.657888785149694,0.5850664569987958,0.7944507498554222,6252383
2026-10-05T01:12:10.586Z,PYPL,stock,52.8,-0.4900113079532701,50.67084376327739,1.0216537786704813,0.31843405520570633,9014413
2026-10-05T01:12:10.586Z,SHOP,stock,151.39,1.5426923334898268,44.975870452438144,0.9033214858066987,0.6381754776042706,5731774
2026-10-05T01:12:10.586Z,CRM,stock,234.69,-0.8449871139465123,55.736347549608716,1.65933123727715,0.5462402804194385,7840153
2026-10-05T01:12:10.586Z,ORCL,stock,142.3,3.063663359165654,59.48987087842229,1.7668824772117973,1.3966108830374837,30193711
2026-10-05T01:12:10.586Z,AVGO,stock,355.14,3.3465254335932957,44.02815883921641,0.5405123042065869,1.8643830537114214,24639562
2026-10-05T01:12:10.586Z,MU,stock,1074.89,-2.050319394198963,42.33477724269777,1.9090953244759,0.206956096818229,27337514
2026-10-05T01:12:10.586Z,INTC,stock,119.33,-0.5583333333333347,30.63806332128054,5.256051694040617,-0.0000015344462089237856,95401476
2026-10-05T01:12:10.586Z,TSM,stock,472.78,2.9573170731707283,54.89107640687834,0.3551360692350592,1.6053818917711022,9722477
2026-10-05T01:12:10.586Z,ASML,stock,1867.31,3.2524371160470853,67.09659103987478,0.24360640050229976,0.7844975992449009,1345027
2026-10-05T01:12:10.586Z,QCOM,stock,184.87,1.526717557251909,36.45926385065539,1.9725311045797056,0.1137205316398025,10122274
2026-10-05T01:12:10.586Z,ARM,stock,307.49,5.1823219538893195,49.12734806482709,3.1969618174064065,1.2114875141960644,5902359
2026-10-05T01:12:10.586Z,SMCI,stock,43.69,4.2223282442748,47.70620796658909,1.9854195127131948,2.043679554727738,44497408
2026-10-05T01:12:10.586Z,NOW,stock,134.38,-2.4535423925667796,40.77752690882373,2.9677271500772227,0.5010793900912447,8760611
2026-10-05T01:12:10.586Z,UBER,stock,68.11,0.3388332351208073,44.375143053330284,0.35113164517767087,1.1396867034481781,15498371
2026-10-05T01:12:10.586Z,ABNB,stock,162.43,1.2214121019505253,40.883991873277076,1.0538521098417102,0.7068056056303453,3443509
2026-10-05T01:12:10.586Z,DIS,stock,102.19,0.8487121286884431,38.157907945590516,0.34123470715641685,0.6798029556650224,6526004
2026-10-05T01:12:10.586Z,WMT,stock,104.26,0,60.79572055279083,0.7305700407768636,0.3658093537055163,23275480
2026-10-05T01:12:10.586Z,COST,stock,920.65,0.6240846394298994,76.05284080484374,0.03474279436936879,1.0964539335075227,2025566
2026-10-05T01:12:10.586Z,HD,stock,282.85,0.13807264745452213,35.42502087125514,1.3557339542057547,0.6225520663418125,4723854
2026-10-05T01:12:10.586Z,LOW,stock,180.8,-0.8663230617392171,30.81687842758079,1.9097261199795033,0.3608138359910992,2756482
2026-10-05T01:12:10.586Z,NKE,stock,33.87,-3.6415362731152237,57.810875345736704,0.044262423715909015,3.1835467258857895,141948809
2026-10-05T01:12:10.586Z,SBUX,stock,94.71,-0.17917369308600517,51.34069207040168,0.31575847751304725,0.3071402633749073,6366524
2026-10-05T01:12:10.586Z,MCD,stock,231.89,0.02588103351592712,48.727139559659086,0.3395189533472471,0.35704133030831453,6342621
2026-10-05T01:12:10.586Z,PEP,stock,125.89,0.2308917197452279,56.66663275790159,0.22192135452866235,0.48289605316394135,6093478
2026-10-05T01:12:10.586Z,KO,stock,85.65,-0.5226480836236802,50.86792656733354,0.6265256133080506,0.4868884691461393,19281489
2026-10-05T01:12:10.586Z,TGT,stock,156,-0.4467134652201587,68.48377905379019,0.5798849332316923,0.7198925220059655,4088123
2026-10-05T01:12:10.586Z,CVX,stock,206.69,-0.1979719942056961,36.45322048421892,0.2798302988880685,0.9129931690809642,6642588
2026-10-05T01:12:10.586Z,OXY,stock,58.08,0.41493775933609073,61.44108123328171,0.034420782523777824,2.0155466379371947,8872692
2026-10-05T01:12:10.586Z,SLB,stock,48.74,0.16440608302508306,32.352908177003854,1.1258711625126832,1.3727082857950812,11141176
2026-10-05T01:12:10.586Z,UNH,stock,371.9,1.8346111719605664,72.67311011893923,0.12890189497784116,1.9322992403854093,3292808
2026-10-05T01:12:10.586Z,LLY,stock,1142.85,-0.6087750576162109,36.47697823848912,1.8490428364749623,0.4818137375118449,2020098
2026-10-05T01:12:10.586Z,NVO,stock,37.32,-0.21390374331550346,60.869620689215225,0.7314834732647508,0.3762779406845924,10147743
2026-10-05T01:12:10.586Z,PFE,stock,27.8,-1.1379800853485074,77.01232926822985,1.0327458484928171,1.2381679783798647,34914894
2026-10-05T01:12:10.586Z,MRK,stock,144.3,0.34072734858494474,82.052084637536,0.006927835051538513,1.0362642486227427,9159620
2026-10-05T01:12:10.586Z,JNJ,stock,256.03,-1.0167787829583437,59.99989292043453,0.7366311517596845,0.32130138496181065,10176696
2026-10-05T01:12:10.586Z,ABBV,stock,262.82,1.111837802485279,54.40588390733728,0.4130209719162222,1.4376961198583016,5541012
2026-10-05T01:12:10.586Z,BA,stock,193.56,0.66569586020387,41.312296054583214,1.0429941910536722,1.4359042923239078,12577596
2026-10-05T01:12:10.586Z,CAT,stock,845.42,2.307738851576201,44.41246810312274,1.3541056659339386,0.765196662693678,2378887
2026-10-05T01:12:10.586Z,GE,stock,309.56,-0.9059188834469684,64.89358632133323,2.1017357446345244,0.40869680730489755,4148627
2026-10-05T01:12:10.586Z,LMT,stock,505.41,-0.017804154302665676,45.37362451181845,0.44419223443924055,1.2663054175565307,1060592
2026-10-05T01:12:10.586Z,RTX,stock,184.68,-0.1783687368250279,48.972126710073894,0.613606945623602,0.2007500658170373,3793732
2026-10-05T01:12:10.586Z,NOC,stock,478,-0.8298755186721992,27.96678516059319,0.7134914528467966,1.4797361609167803,2678739
2026-10-05T01:12:10.586Z,DE,stock,687,2.958367053322544,69.13170117295127,0.23235196669533173,2.5786540896918724,1063572
2026-10-05T01:12:10.586Z,BABA,stock,105.85,-1.4890646812470996,43.910109062454154,0.9636950597741858,0.6083080706173983,7768242
2026-10-05T01:12:10.586Z,PDD,stock,75.38,-1.4640522875817052,55.447585878332866,0.3604660813672899,0.6542937833423025,6771517
2026-10-05T01:12:10.586Z,SNOW,stock,341.04,-0.2777859001725163,70.59972846939378,0.3360713151177309,2.007003169691458,3301495
2026-10-05T01:12:10.586Z,DDOG,stock,277.22,0.2749041452651551,45.11265145844859,1.6078083407275856,0.6535424023345126,2079569
2026-10-05T01:12:10.586Z,PANW,stock,403.24,1.7640378548895923,61.704892060765786,1.2658856579788076,0.6075291896846411,4908517
2026-10-05T01:12:10.586Z,CRWD,stock,270.04,1.4844601450637174,67.46736675173412,0.8809287989646083,0.7424033940148049,5857040
2026-10-05T01:12:10.586Z,NET,stock,349.07,-0.5498575498575518,41.285930408472005,1.2313371141478688,1.071316250723241,2834127
2026-10-05T01:12:10.586Z,ROKU,stock,152.39,0.7470580457490384,52.458237471241375,0.0983304659332654,0.8070396545822658,1420452
2026-10-05T01:12:10.586Z,PINS,stock,19.26,-1.0277492291880745,50.704376699154324,1.0785789458680253,0.6532519969845334,8515739
2026-10-05T01:12:10.586Z,ADBE,stock,237.69,-1.4878978779840863,36.48215430647574,2.0763794406342706,0.2784462827921045,3115208
2026-10-05T01:12:10.586Z,AMAT,stock,540.04,2.0290950311732496,68.2172682180568,1.1865924018786196,0.8798279117170713,6080420
2026-10-05T01:12:10.586Z,LRCX,stock,347.49,2.1728903263745916,42.567479328334095,1.3303011160244236,0.2437684123842351,7462889
2026-10-05T01:12:10.586Z,KLAC,stock,206.89,3.274596915090088,57.862904466279865,0.8292566185785446,1.1835471046360175,7356292
2026-10-05T01:12:10.586Z,TXN,stock,293.8,4.439941701325942,43.24740700036307,0.9740815051484553,0.3586678052946239,5052143
2026-10-05T01:12:10.586Z,ADI,stock,417.15,3.1018289668808587,54.081690427929196,1.032028469750895,0.5023303690578107,2629935
2026-10-05T01:12:10.586Z,MRVL,stock,272.29,1.570426738287092,36.50658869196589,2.3630252321537535,0.08822356838843927,15905528
2026-10-05T01:12:10.586Z,CDNS,stock,351.35,0.17677415675876157,75.06588169329969,0.6980971321826257,2.54053357423558,2098092
2026-10-05T01:12:10.586Z,SNPS,stock,489.9,-0.13046846332613918,57.04726056043497,1.2288420603412487,1.202283421990947,3327855
2026-10-05T01:12:10.586Z,WDAY,stock,186.14,-0.3266398929049604,41.23717286546519,1.2257877344920531,0.3558358247055588,1441446
2026-10-05T01:12:10.586Z,TEAM,stock,187.89,-1.063661734505824,57.280064844066615,1.9312053909982214,0.5996657396362179,1749319
2026-10-05T01:12:10.586Z,ZS,stock,196.6,-1.0966898078277527,48.26229786408709,2.5260949151947436,0.699157110856719,1789141
2026-10-05T01:12:10.586Z,OKTA,stock,211.49,-0.5361425951182741,38.857828294910085,2.246362822467534,0.32732302573676025,2070620
2026-10-05T01:12:10.586Z,MDB,stock,357.96,1.771244989054093,54.54590048839113,0.6908065259271194,5.624079801352078,2697263
2026-10-05T01:12:10.586Z,FSLR,stock,174.61,1.4525594096798558,35.180863477246206,1.8410740691846659,0.20659971305596192,1904787
2026-10-05T01:12:10.586Z,ENPH,stock,33.47,1.9804996953077347,45.714275334149555,1.9768646909190353,0.9190378072011908,4675923
2026-10-05T01:12:10.586Z,NEE,stock,76.83,0.6286836935167047,50.623622284605375,1.0177824254416437,0.30680693981548585,18041737
2026-10-05T01:12:10.586Z,DUK,stock,114.13,0.34288728679444397,58.82310702617312,0.80827183932466,0.2107301884605786,3880387
2026-10-05T01:12:10.586Z,SO,stock,83.72,0.29950880555888343,54.14464471247233,0.6408760058626648,0.10162953500148146,7744995
2026-10-05T01:12:10.586Z,T,stock,24.3,0,36.58794477188386,0.7555671053295738,0.2888999549572911,24466804
2026-10-05T01:12:10.586Z,VZ,stock,45.92,-0.13049151805131617,37.03658352799337,0.9597792782426802,0.2806195651820806,19585521
2026-10-05T01:12:10.586Z,CMCSA,stock,21.57,-0.5990783410138203,50,1.2588662027852604,0.7708447001239055,21044204
2026-10-05T01:12:10.586Z,TMUS,stock,163.64,1.1809806467569386,34.34052114423689,0.4925490807379788,1.5262485643408115,3410026
2026-10-05T01:12:10.586Z,AXP,stock,302.78,0.2284087523585679,50,0.13852644792919214,0.9098524639550732,2610928
2026-10-05T01:12:10.586Z,MA,stock,552.26,0.4109090909090893,35.46393828418972,0.42371854341440923,1.1798747919395827,2452978
2026-10-05T01:12:10.586Z,BLK,stock,1059.63,-0.44439851178170836,23.070237708235197,2.510768303274152,0.08972930827711456,538424
2026-10-05T01:12:10.586Z,SCHW,stock,96.7,-1.6976720544881585,37.649054276315795,1.0589866515455242,0.2592048311748253,7581335
2026-10-05T01:12:10.586Z,C,stock,128.5,1.1811023622047243,54.273716059365135,0.09718172983479105,0.9823182711198428,7610602
2026-10-05T01:12:10.586Z,TFC,stock,46.45,0.3673292999135732,50.563565551572054,0.5033766014312673,0.47588245715356203,8580075
2026-10-05T01:12:10.586Z,USB,stock,57.51,0.2615062761506251,42.69634988941657,0.5275423920326535,0.5771243320443741,7520114
2026-10-05T01:12:10.586Z,CB,stock,330.89,-0.12375490492001961,46.86325666004452,0.33734216821223534,0.6846352395551732,1964566
2026-10-05T01:12:10.586Z,PGR,stock,210.31,-0.30811528251801557,71.76691111184189,0.6636262722024149,1.1348896784765083,2740287
2026-10-05T01:12:10.586Z,AMGN,stock,403.04,-1.0386230264934715,36.635478144043,0.9194156031565439,0.21757026008900246,3510312
2026-10-05T01:12:10.586Z,GILD,stock,144.74,-1.8711864406779597,66.25022649894618,1.7946158736758304,0.46504660354010446,5044221
2026-10-05T01:12:10.586Z,BMY,stock,61.15,0.5260562222587544,75.33327568931229,0.0817005920198178,1.342392849459362,9638721
2026-10-05T01:12:10.586Z,REGN,stock,735.2,0.053074944543501056,46.05568487472532,0.27941428238862864,0.7979372999294968,613949
2026-10-05T01:12:10.586Z,ISRG,stock,391.95,-2.3153225002492324,36.67674409704948,2.243451635487026,0.0025507880112934467,1833944
2026-10-05T01:12:10.586Z,TMO,stock,654.8,0.3509524758241197,54.871240027089975,0.7013667784182973,0.7384615384615315,1663049
2026-10-05T01:12:10.586Z,DHR,stock,214.06,1.0861352474499488,24.999863760960423,0.8246832691305717,0.20597551393591443,3894323
2026-10-05T01:12:10.586Z,ELV,stock,386.43,1.2471506799067233,51.020471715152304,0.32371579155679503,1.3666645933093657,889961
2026-10-05T01:12:10.586Z,CI,stock,270.53,0.9590983728914738,77.14333167247966,0.16974436361180312,1.6609728652602476,1910757
2026-10-05T01:12:10.586Z,CVS,stock,86.46,1.478873239436609,57.23251729796647,0.7689627849628929,1.2115854975329543,10446777
2026-10-05T01:12:10.586Z,MDT,stock,86.38,-0.06941230911615257,55.12355297707948,1.6733050650582897,0.793469166829131,34596650
2026-10-05T01:12:10.586Z,SYK,stock,275.43,0.90489449003518,53.43672607689497,0.5147138140109334,1.207081195297372,1945788
2026-10-05T01:12:10.586Z,HON,stock,213.99,0.08886810102899799,46.84990168232467,0.6407555130586345,0.6041222152199118,1799288
2026-10-05T01:12:10.586Z,UPS,stock,93.02,-0.9266162530620988,51.076465611420964,1.711749154793036,0.32268669535453937,4663083
2026-10-05T01:12:10.586Z,FDX,stock,290.36,1.1460619361131503,67.60003613043085,0.017218298777179994,1.0369528382472861,1459305
2026-10-05T01:12:10.586Z,DAL,stock,84.09,-0.04754546535123267,79.86564122520456,0.602835086666222,0.7427803644779385,8143457
2026-10-05T01:12:10.586Z,UAL,stock,112.51,0.6530685274646663,70.51286231293403,0.2924462500889059,0.8877361789224469,4026363
2026-10-05T01:12:10.586Z,AAL,stock,12.94,-1.4470677837014567,50,1.932547940294714,0.11605268118981275,73233043
2026-10-05T01:12:10.586Z,LUV,stock,42.47,1.505736137667293,73.5846204781989,0.2114693853076285,1.433009513784156,6171820
2026-10-05T01:12:10.586Z,CARR,stock,55.12,-0.18109380659181712,31.182883910186476,1.6241277871187867,0.2819973564665023,5689447
2026-10-05T01:12:10.586Z,ETN,stock,436.11,-0.26756311745333866,45.19524923519885,3.413984630941243,0.26554780687460605,2088721
2026-10-05T01:12:10.586Z,EMR,stock,161.61,1.9171343885981085,49.11519063405149,1.2375069971669956,0.7292430446210286,2888938
2026-10-05T01:12:10.586Z,MMM,stock,161.89,-0.6931664826401814,67.97736916548797,1.3827994709245612,0.41558043308761816,3019691
2026-10-05T01:12:10.586Z,WM,stock,204.45,1.2630014858840926,63.83986340762041,0.2050056754027208,1.6405698253283862,2366307
2026-10-05T01:12:10.586Z,LIN,stock,479.48,2.136542762807547,68.50165966087471,0.749328515375745,1.3699788583509553,2534284
2026-10-05T01:12:10.586Z,APD,stock,277.57,1.5512384297369515,41.72174053638918,0.773064740038895,1.1828989879055478,1012265
2026-10-05T01:12:10.586Z,FCX,stock,72.04,3.9838337182448105,63.690362660417975,1.2542002715229776,1.5859787133096233,11926686
2026-10-05T01:12:10.586Z,NEM,stock,115.56,0.7761402284817307,61.80540838384266,0.7813181172538405,1.4396083720283588,4015405
2026-10-05T01:12:10.586Z,EOG,stock,141.38,0.04953648007925354,50,0.141264181712154,0.8344577634322957,3592737
2026-10-05T01:12:10.586Z,COP,stock,126.75,-0.24397922241460906,38.311617537775575,0.2518294606065486,0.9638354911968128,5196222
2026-10-05T01:12:10.586Z,MPC,stock,422.33,0.518862311079378,41.2842623960579,0.48071144064371996,3.9824700592919564,2163484
2026-10-05T01:12:10.586Z,PSX,stock,264.58,0.13246035650757518,31.288100052422678,0.8957192611529217,3.2366296191200004,1987536
2026-10-05T01:12:10.586Z,HAL,stock,31.85,-0.09410288582182429,22.236890716977413,1.1790243488472598,0.759251455281037,8092378
2026-10-05T01:12:10.586Z,BKR,stock,56,0.6832074793239888,49.17521120314278,0.47983020360260087,1.0647900274546676,4222677
2026-10-05T01:12:10.586Z,WMB,stock,70.54,1.9069633054030735,70.45446663892356,0.014178669489876106,2.4322982475712935,8279976
2026-10-05T01:12:10.586Z,KMI,stock,31.07,1.7687520471667182,61.25210713616782,0.11252063253948374,2.0193731007539157,11618742
2026-10-05T01:12:10.586Z,PG,stock,144.91,0.666898228551586,68.8752237876547,0.18597099421557778,0.7228782359833776,6219527
2026-10-05T01:12:10.586Z,CL,stock,84.26,-0.31941322607357864,36.84221093420604,0.6192175967835634,0.23792820273025117,6600468
2026-10-05T01:12:10.586Z,KMB,stock,94.36,0.02119991520033498,42.857142857142854,0.9551765247518089,0.286963197596217,4449388
2026-10-05T01:12:10.586Z,PM,stock,187.46,0.47164755064851294,47.98531113235072,0.7938223224867712,0.468951552722907,3052459
2026-10-05T01:12:10.586Z,MO,stock,67.35,0.5974607916355361,64.48576806799383,0.09641906792940222,0.9366827128835437,6348286
2026-10-05T01:12:10.586Z,MDLZ,stock,58.19,0.7444598337950135,46.36352286756647,0.19723918115746045,0.7444627613614178,7882368
2026-10-05T01:12:10.586Z,GIS,stock,32.01,1.073571203031248,33.33311597274299,0.6209223537950083,1.3455783689931287,13642013
2026-10-05T01:12:10.586Z,KR,stock,59.03,-0.7565568258237991,57.630921144560546,0.7899159663865528,0.2547536161068352,4692484
2026-10-05T01:12:10.586Z,DG,stock,118.94,0.008408307407711178,38.333403975755516,0.2599580712788279,1.2470751605939654,1601129
2026-10-05T01:12:10.586Z,DLTR,stock,112.16,-1.9837455212793935,51.79156332476776,1.683031031063703,0.8497088461328408,1626734
2026-10-05T01:12:10.586Z,TJX,stock,132.68,-0.6811887117299174,47.2114446486511,0.6960561380908362,0.16230979357063677,6936773
2026-10-05T01:12:10.586Z,ROST,stock,228.54,-2.375053395984623,52.182390108476156,2.4146575065069538,0.37331351815171615,2358676
2026-10-05T01:12:10.586Z,BKNG,stock,159.02,-0.7861242825056095,50.700911255936,1.8697304413837017,0.3217497387157364,7693144
2026-10-05T01:12:10.586Z,MAR,stock,358.96,1.1753431607429632,62.487550103243045,0.24177711828664497,0.6349942189469614,1000891
2026-10-05T01:12:10.586Z,HLT,stock,319.36,1.2427085975145877,59.13557176442221,0.41317728259228603,0.3330230121531533,1109055
2026-10-05T01:12:10.586Z,CMG,stock,32.36,0.12376237623762112,64.60178783623203,0.3387779999003755,1.5534292560406489,15057494
2026-10-05T01:12:10.586Z,YUM,stock,136.12,-0.4170019752725095,27.24011200560028,1.2371503545084797,0.0000035871383189103082,1751563
2026-10-05T01:12:10.586Z,EL,stock,91.97,1.9736112651069977,61.15706995552641,0.5890930046413847,1.5681909446546622,2689636
2026-10-05T01:12:10.586Z,LULU,stock,94.46,-1.4604631754642246,46.56762505066698,1.5169690889215275,0.8218566960496135,6087577
2026-10-05T01:12:10.586Z,BTC-USD,crypto,86587.13,0.08524692943449903,59.6198908521925,0.05179379444084789,0.4121947630910095,15567123456
2026-10-05T01:12:10.586Z,ETH-USD,crypto,2727.28,0.02039076928944917,56.76662552018272,0.07071500416321384,0.2923485434501477,6243889664
2026-10-05T01:12:10.586Z,SOL-USD,crypto,121.26,-0.22888280867789193,48.407773312404935,0.16466251109845334,0.24801663177745448,1905083776
2026-10-05T01:12:10.586Z,XRP-USD,crypto,1.5227,0.16106546588280807,62.12772217459457,0.05906945865947198,0.5879227683203131,1422084608
2026-10-05T01:12:10.586Z,BNB-USD,crypto,796.2,0.11812480085145569,62.853128044207274,0.05397799231472709,0.36935474638022947,1198526208
2026-10-05T01:12:10.586Z,DOGE-USD,crypto,0.09662,0.7761705138645917,72.05884501322114,9.302815538171163e-7,1.0669440061599753,783612608
2026-10-05T01:12:10.586Z,ADA-USD,crypto,0.26592,2.547783325850749,82.91430796417768,0.000004959880848378909,3.0338296319553293,719529472
2026-10-05T01:12:10.586Z,AVAX-USD,crypto,11.004,-0.9261032437517743,37.07868780438149,0.6141578091605664,0.1456141613172886,238307568
2026-10-05T01:12:10.586Z,LINK-USD,crypto,14.221,-0.38531780032624713,48.497859347244166,0.2315119317679259,0.35283660074417755,213503888
2026-10-05T01:12:10.586Z,DOT-USD,crypto,1.2124,0.5860189250055805,71.38878770820226,-0.0000033351857709031113,1.737015912444735,115109112
2026-10-05T01:12:10.586Z,LTC-USD,crypto,70.58,-0.18198614370965882,54.23504458353093,0.323402553389011,0.19732556916650457,279439424
2026-10-05T01:12:10.586Z,BCH-USD,crypto,318.74,-0.018528912270654643,56.28619156961473,0.09403477209336387,0.37474799331660014,147083712
2026-10-05T07:00:45.148Z,AAPL,stock,333.69,1.0202228142407377,47.5403713061628,0.18542854839859646,0.8309655944601747,33278552
2026-10-05T07:00:45.148Z,MSFT,stock,517.53,0.9223868954758228,78.53875458497967,0.8323892821655781,0.6916726655825419,17822339
2026-10-05T07:00:45.148Z,NVDA,stock,233.95,1.3384735337433835,38.36649170924583,1.5651946806937749,0.07699693042280333,135167817
2026-10-05T07:00:45.148Z,TSLA,stock,370.59,4.653921097963899,43.42942081609701,0.9567879036960371,0.7750067551284137,55330140
2026-10-05T07:00:45.148Z,AMZN,stock,251.52,1.3253837167143458,89.36936023522254,0.6733166403078797,0.559733292077098,33433392
2026-10-05T07:00:45.148Z,META,stock,728.08,0.2961718071990538,52.61787215005832,1.0290252379304825,0.21196658397761714,12964079
2026-10-05T07:00:45.148Z,GOOGL,stock,343.5,1.5551087984862793,60.73745531576857,0.5500850984536494,0.5709302522983118,23772148
2026-10-05T07:00:45.148Z,AMD,stock,633.91,2.952592857258855,61.972848697175394,1.6522895617061069,0.7501704636562898,19865309
2026-10-05T07:00:45.148Z,NFLX,stock,67.06,-1.16433308769343,41.39239397978343,0.9903867155251531,0.43433184291422433,38672123
2026-10-05T07:00:45.148Z,JPM,stock,332.38,-0.24011045080737478,65.42540527671363,0.5222596333707459,0.599275466129689,6539384
2026-10-05T07:00:45.148Z,V,stock,360.66,0.22509378907878344,46.11250289699926,0.17990024161684445,1.0007416453793374,3987848
2026-10-05T07:00:45.148Z,XOM,stock,164.01,0.11598095470638367,36.252512068286826,0.3221060579546582,1.250115369952977,11164224
2026-10-05T07:00:45.148Z,SPY,stock,769.64,0.7395384756344948,59.25925925925925,0.35087404306339376,0.29777867993430485,45857487
2026-10-05T07:00:45.148Z,QQQ,stock,749.58,1.0174790776653329,58.343026706231456,0.6474822134339334,0.23937496158725424,34498919
2026-10-05T07:00:45.148Z,DIA,stock,511.1,0.48759388148323274,62.80958385876419,0.2517642053041541,0.45007025262756545,3710080
2026-10-05T07:00:45.148Z,IWM,stock,281.52,0.8959931187728479,48.99235295323616,0.6931532367139838,0.18326901949744637,29615280
2026-10-05T07:00:45.148Z,XLK,stock,199.81,1.0110712299681512,48.57614647005997,0.7697658947423928,0.21064276625569295,8927877
2026-10-05T07:00:45.148Z,XLF,stock,53.49,0.05611672278339158,48.89034960672029,0.3008337437669687,0.4507042253521164,30268795
2026-10-05T07:00:45.148Z,PLTR,stock,188.75,-0.6788044622184761,29.586672732999688,2.9812402779632894,0.0052953833554378535,17932108
2026-10-05T07:00:45.148Z,SOFI,stock,15.77,-0.4419191919191937,28.62384964858464,1.8973607991523451,0.2052367036466378,49554082
2026-10-05T07:00:45.148Z,COIN,stock,183,-3.322943631464944,65.73166056934019,8.56857078164798,1.0491407136664317,12867480
2026-10-05T07:00:45.148Z,HOOD,stock,112.74,1.4304993252361575,41.26041696585738,5.105004241906107,0.1663192345226916,29379831
2026-10-05T07:00:45.148Z,RIVN,stock,14.3,-3.1165311653116468,54.389060875417954,4.888592317070226,1.960787086984217,60862087
2026-10-05T07:00:45.148Z,LCID,stock,4.13,-1.4319809069212528,34.262705613968876,1.4319822530088848,0.7317096601279084,7689938
2026-10-05T07:00:45.148Z,F,stock,12.1,-1.3854930725346368,51.4092797970078,0.6568169390093217,0.9182759492061937,48917301
2026-10-05T07:00:45.148Z,GM,stock,78.27,-1.3113100491741347,36.59773948198429,1.1929513117185013,0.1535489082253607,9076899
2026-10-05T07:00:45.148Z,BAC,stock,53.75,0.03722315280104807,60.674118776573856,0.2690425021469395,0.7121996706502702,34897453
2026-10-05T07:00:45.148Z,WFC,stock,80.45,0.24922118380062658,56.321798761772804,0.21086918976722047,0.6568619683407618,10074371
2026-10-05T07:00:45.148Z,GS,stock,902.56,0.6568748815060153,49.60085785773859,0.8328404999713709,0.5489568811290002,1584186
2026-10-05T07:00:45.148Z,MS,stock,190.31,1.223339184085959,33.657888785149694,0.5850664569987958,0.7944507498554222,6252383
2026-10-05T07:00:45.148Z,PYPL,stock,52.8,-0.4900113079532701,50.67084376327739,1.0216537786704813,0.31843405520570633,9014413
2026-10-05T07:00:45.148Z,SHOP,stock,151.39,1.5426923334898268,44.975870452438144,0.9033214858066987,0.6381754776042706,5731774
2026-10-05T07:00:45.148Z,CRM,stock,234.69,-0.8449871139465123,55.736347549608716,1.65933123727715,0.5462402804194385,7840153
2026-10-05T07:00:45.148Z,ORCL,stock,142.3,3.063663359165654,59.48987087842229,1.7668824772117973,1.3966108830374837,30193711
2026-10-05T07:00:45.148Z,AVGO,stock,355.14,3.3465254335932957,44.02815883921641,0.5405123042065869,1.8643830537114214,24639562
2026-10-05T07:00:45.148Z,MU,stock,1074.89,-2.050319394198963,42.33477724269777,1.9090953244759,0.206956096818229,27337514
2026-10-05T07:00:45.148Z,INTC,stock,119.33,-0.5583333333333347,30.63806332128054,5.256051694040617,-0.0000015344462089237856,95401476
2026-10-05T07:00:45.148Z,TSM,stock,472.78,2.9573170731707283,54.89107640687834,0.3551360692350592,1.6053818917711022,9722477
2026-10-05T07:00:45.148Z,ASML,stock,1867.31,3.2524371160470853,67.09659103987478,0.24360640050229976,0.7844975992449009,1345027
2026-10-05T07:00:45.148Z,QCOM,stock,184.87,1.526717557251909,36.45926385065539,1.9725311045797056,0.1137205316398025,10122274
2026-10-05T07:00:45.148Z,ARM,stock,307.49,5.1823219538893195,49.12734806482709,3.1969618174064065,1.2114875141960644,5902359
2026-10-05T07:00:45.148Z,SMCI,stock,43.69,4.2223282442748,47.70620796658909,1.9854195127131948,2.043679554727738,44497408
2026-10-05T07:00:45.148Z,NOW,stock,134.38,-2.4535423925667796,40.77752690882373,2.9677271500772227,0.5010793900912447,8760611
2026-10-05T07:00:45.148Z,UBER,stock,68.11,0.3388332351208073,44.375143053330284,0.35113164517767087,1.1396867034481781,15498371
2026-10-05T07:00:45.148Z,ABNB,stock,162.43,1.2214121019505253,40.883991873277076,1.0538521098417102,0.7068056056303453,3443509
2026-10-05T07:00:45.148Z,DIS,stock,102.19,0.8487121286884431,38.157907945590516,0.34123470715641685,0.6798029556650224,6526004
2026-10-05T07:00:45.148Z,WMT,stock,104.26,0,60.79572055279083,0.7305700407768636,0.3658093537055163,23275480
2026-10-05T07:00:45.148Z,COST,stock,920.65,0.6240846394298994,76.05284080484374,0.03474279436936879,1.0964539335075227,2025566
2026-10-05T07:00:45.148Z,HD,stock,282.85,0.13807264745452213,35.42502087125514,1.3557339542057547,0.6225520663418125,4723854
2026-10-05T07:00:45.148Z,LOW,stock,180.8,-0.8663230617392171,30.81687842758079,1.9097261199795033,0.3608138359910992,2756482
2026-10-05T07:00:45.148Z,NKE,stock,33.87,-3.6415362731152237,57.810875345736704,0.044262423715909015,3.1835467258857895,141948809
2026-10-05T07:00:45.148Z,SBUX,stock,94.71,-0.17917369308600517,51.34069207040168,0.31575847751304725,0.3071402633749073,6366524
2026-10-05T07:00:45.148Z,MCD,stock,231.89,0.02588103351592712,48.727139559659086,0.3395189533472471,0.35704133030831453,6342621
2026-10-05T07:00:45.148Z,PEP,stock,125.89,0.2308917197452279,56.66663275790159,0.22192135452866235,0.48289605316394135,6093478
2026-10-05T07:00:45.148Z,KO,stock,85.65,-0.5226480836236802,50.86792656733354,0.6265256133080506,0.4868884691461393,19281489
2026-10-05T07:00:45.148Z,TGT,stock,156,-0.4467134652201587,68.48377905379019,0.5798849332316923,0.7198925220059655,4088123
2026-10-05T07:00:45.148Z,CVX,stock,206.69,-0.1979719942056961,36.45322048421892,0.2798302988880685,0.9129931690809642,6642588
2026-10-05T07:00:45.148Z,OXY,stock,58.08,0.41493775933609073,61.44108123328171,0.034420782523777824,2.0155466379371947,8872692
2026-10-05T07:00:45.148Z,SLB,stock,48.74,0.16440608302508306,32.352908177003854,1.1258711625126832,1.3727082857950812,11141176
2026-10-05T07:00:45.148Z,UNH,stock,371.9,1.8346111719605664,72.67311011893923,0.12890189497784116,1.9322992403854093,3292808
2026-10-05T07:00:45.148Z,LLY,stock,1142.85,-0.6087750576162109,36.47697823848912,1.8490428364749623,0.4818137375118449,2020098
2026-10-05T07:00:45.148Z,NVO,stock,37.32,-0.21390374331550346,60.869620689215225,0.7314834732647508,0.3762779406845924,10147743
2026-10-05T07:00:45.148Z,PFE,stock,27.8,-1.1379800853485074,77.01232926822985,1.0327458484928171,1.2381679783798647,34914894
2026-10-05T07:00:45.148Z,MRK,stock,144.3,0.34072734858494474,82.052084637536,0.006927835051538513,1.0362642486227427,9159620
2026-10-05T07:00:45.148Z,JNJ,stock,256.03,-1.0167787829583437,59.99989292043453,0.7366311517596845,0.32130138496181065,10176696
2026-10-05T07:00:45.148Z,ABBV,stock,262.82,1.111837802485279,54.40588390733728,0.4130209719162222,1.4376961198583016,5541012
2026-10-05T07:00:45.148Z,BA,stock,193.56,0.66569586020387,41.312296054583214,1.0429941910536722,1.4359042923239078,12577596
2026-10-05T07:00:45.148Z,CAT,stock,845.42,2.307738851576201,44.41246810312274,1.3541056659339386,0.765196662693678,2378887
2026-10-05T07:00:45.148Z,GE,stock,309.56,-0.9059188834469684,64.89358632133323,2.1017357446345244,0.40869680730489755,4148627
2026-10-05T07:00:45.148Z,LMT,stock,505.41,-0.017804154302665676,45.37362451181845,0.44419223443924055,1.2663054175565307,1060592
2026-10-05T07:00:45.148Z,RTX,stock,184.68,-0.1783687368250279,48.972126710073894,0.613606945623602,0.2007500658170373,3793732
2026-10-05T07:00:45.148Z,NOC,stock,478,-0.8298755186721992,27.96678516059319,0.7134914528467966,1.4797361609167803,2678739
2026-10-05T07:00:45.148Z,DE,stock,687,2.958367053322544,69.13170117295127,0.23235196669533173,2.5786540896918724,1063572
2026-10-05T07:00:45.148Z,BABA,stock,105.85,-1.4890646812470996,43.910109062454154,0.9636950597741858,0.6083080706173983,7768242
2026-10-05T07:00:45.148Z,PDD,stock,75.38,-1.4640522875817052,55.447585878332866,0.3604660813672899,0.6542937833423025,6771517
2026-10-05T07:00:45.148Z,SNOW,stock,341.04,-0.2777859001725163,70.59972846939378,0.3360713151177309,2.007003169691458,3301495
2026-10-05T07:00:45.148Z,DDOG,stock,277.22,0.2749041452651551,45.11265145844859,1.6078083407275856,0.6535424023345126,2079569
2026-10-05T07:00:45.148Z,PANW,stock,403.24,1.7640378548895923,61.704892060765786,1.2658856579788076,0.6075291896846411,4908517
2026-10-05T07:00:45.148Z,CRWD,stock,270.04,1.4844601450637174,67.46736675173412,0.8809287989646083,0.7424033940148049,5857040
2026-10-05T07:00:45.148Z,NET,stock,349.07,-0.5498575498575518,41.285930408472005,1.2313371141478688,1.071316250723241,2834127
2026-10-05T07:00:45.148Z,ROKU,stock,152.39,0.7470580457490384,52.458237471241375,0.0983304659332654,0.8070396545822658,1420452
2026-10-05T07:00:45.148Z,PINS,stock,19.26,-1.0277492291880745,50.704376699154324,1.0785789458680253,0.6532519969845334,8515739
2026-10-05T07:00:45.148Z,ADBE,stock,237.69,-1.4878978779840863,36.48215430647574,2.0763794406342706,0.2784462827921045,3115208
2026-10-05T07:00:45.148Z,AMAT,stock,540.04,2.0290950311732496,68.2172682180568,1.1865924018786196,0.8798279117170713,6080420
2026-10-05T07:00:45.148Z,LRCX,stock,347.49,2.1728903263745916,42.567479328334095,1.3303011160244236,0.2437684123842351,7462889
2026-10-05T07:00:45.148Z,KLAC,stock,206.89,3.274596915090088,57.862904466279865,0.8292566185785446,1.1835471046360175,7356292
2026-10-05T07:00:45.148Z,TXN,stock,293.8,4.439941701325942,43.24740700036307,0.9740815051484553,0.3586678052946239,5052143
2026-10-05T07:00:45.148Z,ADI,stock,417.15,3.1018289668808587,54.081690427929196,1.032028469750895,0.5023303690578107,2629935
2026-10-05T07:00:45.148Z,MRVL,stock,272.29,1.570426738287092,36.50658869196589,2.3630252321537535,0.08822356838843927,15905528
2026-10-05T07:00:45.148Z,CDNS,stock,351.35,0.17677415675876157,75.06588169329969,0.6980971321826257,2.54053357423558,2098092
2026-10-05T07:00:45.148Z,SNPS,stock,489.9,-0.13046846332613918,57.04726056043497,1.2288420603412487,1.202283421990947,3327855
2026-10-05T07:00:45.148Z,WDAY,stock,186.14,-0.3266398929049604,41.23717286546519,1.2257877344920531,0.3558358247055588,1441446
2026-10-05T07:00:45.148Z,TEAM,stock,187.89,-1.063661734505824,57.280064844066615,1.9312053909982214,0.5996657396362179,1749319
2026-10-05T07:00:45.148Z,ZS,stock,196.6,-1.0966898078277527,48.26229786408709,2.5260949151947436,0.699157110856719,1789141
2026-10-05T07:00:45.148Z,OKTA,stock,211.49,-0.5361425951182741,38.857828294910085,2.246362822467534,0.32732302573676025,2070620
2026-10-05T07:00:45.148Z,MDB,stock,357.96,1.771244989054093,54.54590048839113,0.6908065259271194,5.624079801352078,2697263
2026-10-05T07:00:45.148Z,FSLR,stock,174.61,1.4525594096798558,35.180863477246206,1.8410740691846659,0.20659971305596192,1904787
2026-10-05T07:00:45.148Z,ENPH,stock,33.47,1.9804996953077347,45.714275334149555,1.9768646909190353,0.9190378072011908,4675923
2026-10-05T07:00:45.148Z,NEE,stock,76.83,0.6286836935167047,50.623622284605375,1.0177824254416437,0.30680693981548585,18041737
2026-10-05T07:00:45.148Z,DUK,stock,114.13,0.34288728679444397,58.82310702617312,0.80827183932466,0.2107301884605786,3880387
2026-10-05T07:00:45.148Z,SO,stock,83.72,0.29950880555888343,54.14464471247233,0.6408760058626648,0.10162953500148146,7744995
2026-10-05T07:00:45.148Z,T,stock,24.3,0,36.58794477188386,0.7555671053295738,0.2888999549572911,24466804
2026-10-05T07:00:45.148Z,VZ,stock,45.92,-0.13049151805131617,37.03658352799337,0.9597792782426802,0.2806195651820806,19585521
2026-10-05T07:00:45.148Z,CMCSA,stock,21.57,-0.5990783410138203,50,1.2588662027852604,0.7708447001239055,21044204
2026-10-05T07:00:45.148Z,TMUS,stock,163.64,1.1809806467569386,34.34052114423689,0.4925490807379788,1.5262485643408115,3410026
2026-10-05T07:00:45.148Z,AXP,stock,302.78,0.2284087523585679,50,0.13852644792919214,0.9098524639550732,2610928
2026-10-05T07:00:45.148Z,MA,stock,552.26,0.4109090909090893,35.46393828418972,0.42371854341440923,1.1798747919395827,2452978
2026-10-05T07:00:45.148Z,BLK,stock,1059.63,-0.44439851178170836,23.070237708235197,2.510768303274152,0.08972930827711456,538424
2026-10-05T07:00:45.148Z,SCHW,stock,96.7,-1.6976720544881585,37.649054276315795,1.0589866515455242,0.2592048311748253,7581335
2026-10-05T07:00:45.148Z,C,stock,128.5,1.1811023622047243,54.273716059365135,0.09718172983479105,0.9823182711198428,7610602
2026-10-05T07:00:45.148Z,TFC,stock,46.45,0.3673292999135732,50.563565551572054,0.5033766014312673,0.47588245715356203,8580075
2026-10-05T07:00:45.148Z,USB,stock,57.51,0.2615062761506251,42.69634988941657,0.5275423920326535,0.5771243320443741,7520114
2026-10-05T07:00:45.148Z,CB,stock,330.89,-0.12375490492001961,46.86325666004452,0.33734216821223534,0.6846352395551732,1964566
2026-10-05T07:00:45.148Z,PGR,stock,210.31,-0.30811528251801557,71.76691111184189,0.6636262722024149,1.1348896784765083,2740287
2026-10-05T07:00:45.148Z,AMGN,stock,403.04,-1.0386230264934715,36.635478144043,0.9194156031565439,0.21757026008900246,3510312
2026-10-05T07:00:45.148Z,GILD,stock,144.74,-1.8711864406779597,66.25022649894618,1.7946158736758304,0.46504660354010446,5044221
2026-10-05T07:00:45.148Z,BMY,stock,61.15,0.5260562222587544,75.33327568931229,0.0817005920198178,1.342392849459362,9638721
2026-10-05T07:00:45.148Z,REGN,stock,735.2,0.053074944543501056,46.05568487472532,0.27941428238862864,0.7979372999294968,613949
2026-10-05T07:00:45.148Z,ISRG,stock,391.95,-2.3153225002492324,36.67674409704948,2.243451635487026,0.0025507880112934467,1833944
2026-10-05T07:00:45.148Z,TMO,stock,654.8,0.3509524758241197,54.871240027089975,0.7013667784182973,0.7384615384615315,1663049
2026-10-05T07:00:45.148Z,DHR,stock,214.06,1.0861352474499488,24.999863760960423,0.8246832691305717,0.20597551393591443,3894323
2026-10-05T07:00:45.148Z,ELV,stock,386.43,1.2471506799067233,51.020471715152304,0.32371579155679503,1.3666645933093657,889961
2026-10-05T07:00:45.148Z,CI,stock,270.53,0.9590983728914738,77.14333167247966,0.16974436361180312,1.6609728652602476,1910757
2026-10-05T07:00:45.148Z,CVS,stock,86.46,1.478873239436609,57.23251729796647,0.7689627849628929,1.2115854975329543,10446777
2026-10-05T07:00:45.148Z,MDT,stock,86.38,-0.06941230911615257,55.12355297707948,1.6733050650582897,0.793469166829131,34596650
2026-10-05T07:00:45.148Z,SYK,stock,275.43,0.90489449003518,53.43672607689497,0.5147138140109334,1.207081195297372,1945788
2026-10-05T07:00:45.148Z,HON,stock,213.99,0.08886810102899799,46.84990168232467,0.6407555130586345,0.6041222152199118,1799288
2026-10-05T07:00:45.148Z,UPS,stock,93.02,-0.9266162530620988,51.076465611420964,1.711749154793036,0.32268669535453937,4663083
2026-10-05T07:00:45.148Z,FDX,stock,290.36,1.1460619361131503,67.60003613043085,0.017218298777179994,1.0369528382472861,1459305
2026-10-05T07:00:45.148Z,DAL,stock,84.09,-0.04754546535123267,79.86564122520456,0.602835086666222,0.7427803644779385,8143457
2026-10-05T07:00:45.148Z,UAL,stock,112.51,0.6530685274646663,70.51286231293403,0.2924462500889059,0.8877361789224469,4026363
2026-10-05T07:00:45.148Z,AAL,stock,12.94,-1.4470677837014567,50,1.932547940294714,0.11605268118981275,73233043
2026-10-05T07:00:45.148Z,LUV,stock,42.47,1.505736137667293,73.5846204781989,0.2114693853076285,1.433009513784156,6171820
2026-10-05T07:00:45.148Z,CARR,stock,55.12,-0.18109380659181712,31.182883910186476,1.6241277871187867,0.2819973564665023,5689447
2026-10-05T07:00:45.148Z,ETN,stock,436.11,-0.26756311745333866,45.19524923519885,3.413984630941243,0.26554780687460605,2088721
2026-10-05T07:00:45.148Z,EMR,stock,161.61,1.9171343885981085,49.11519063405149,1.2375069971669956,0.7292430446210286,2888938
2026-10-05T07:00:45.148Z,MMM,stock,161.89,-0.6931664826401814,67.97736916548797,1.3827994709245612,0.41558043308761816,3019691
2026-10-05T07:00:45.148Z,WM,stock,204.45,1.2630014858840926,63.83986340762041,0.2050056754027208,1.6405698253283862,2366307
2026-10-05T07:00:45.148Z,LIN,stock,479.48,2.136542762807547,68.50165966087471,0.749328515375745,1.3699788583509553,2534284
2026-10-05T07:00:45.148Z,APD,stock,277.57,1.5512384297369515,41.72174053638918,0.773064740038895,1.1828989879055478,1012265
2026-10-05T07:00:45.148Z,FCX,stock,72.04,3.9838337182448105,63.690362660417975,1.2542002715229776,1.5859787133096233,11926686
2026-10-05T07:00:45.148Z,NEM,stock,115.56,0.7761402284817307,61.80540838384266,0.7813181172538405,1.4396083720283588,4015405
2026-10-05T07:00:45.148Z,EOG,stock,141.38,0.04953648007925354,50,0.141264181712154,0.8344577634322957,3592737
2026-10-05T07:00:45.148Z,COP,stock,126.75,-0.24397922241460906,38.311617537775575,0.2518294606065486,0.9638354911968128,5196222
2026-10-05T07:00:45.148Z,MPC,stock,422.33,0.518862311079378,41.2842623960579,0.48071144064371996,3.9824700592919564,2163484
2026-10-05T07:00:45.148Z,PSX,stock,264.58,0.13246035650757518,31.288100052422678,0.8957192611529217,3.2366296191200004,1987536
2026-10-05T07:00:45.148Z,HAL,stock,31.85,-0.09410288582182429,22.236890716977413,1.1790243488472598,0.759251455281037,8092378
2026-10-05T07:00:45.148Z,BKR,stock,56,0.6832074793239888,49.17521120314278,0.47983020360260087,1.0647900274546676,4222677
2026-10-05T07:00:45.148Z,WMB,stock,70.54,1.9069633054030735,70.45446663892356,0.014178669489876106,2.4322982475712935,8279976
2026-10-05T07:00:45.148Z,KMI,stock,31.07,1.7687520471667182,61.25210713616782,0.11252063253948374,2.0193731007539157,11618742
2026-10-05T07:00:45.148Z,PG,stock,144.91,0.666898228551586,68.8752237876547,0.18597099421557778,0.7228782359833776,6219527
2026-10-05T07:00:45.148Z,CL,stock,84.26,-0.31941322607357864,36.84221093420604,0.6192175967835634,0.23792820273025117,6600468
2026-10-05T07:00:45.148Z,KMB,stock,94.36,0.02119991520033498,42.857142857142854,0.9551765247518089,0.286963197596217,4449388
2026-10-05T07:00:45.148Z,PM,stock,187.46,0.47164755064851294,47.98531113235072,0.7938223224867712,0.468951552722907,3052459
2026-10-05T07:00:45.148Z,MO,stock,67.35,0.5974607916355361,64.48576806799383,0.09641906792940222,0.9366827128835437,6348286
2026-10-05T07:00:45.148Z,MDLZ,stock,58.19,0.7444598337950135,46.36352286756647,0.19723918115746045,0.7444627613614178,7882368
2026-10-05T07:00:45.148Z,GIS,stock,32.01,1.073571203031248,33.33311597274299,0.6209223537950083,1.3455783689931287,13642013
2026-10-05T07:00:45.148Z,KR,stock,59.03,-0.7565568258237991,57.630921144560546,0.7899159663865528,0.2547536161068352,4692484
2026-10-05T07:00:45.148Z,DG,stock,118.94,0.008408307407711178,38.333403975755516,0.2599580712788279,1.2470751605939654,1601129
2026-10-05T07:00:45.148Z,DLTR,stock,112.16,-1.9837455212793935,51.79156332476776,1.683031031063703,0.8497088461328408,1626734
2026-10-05T07:00:45.148Z,TJX,stock,132.68,-0.6811887117299174,47.2114446486511,0.6960561380908362,0.16230979357063677,6936773
2026-10-05T07:00:45.148Z,ROST,stock,228.54,-2.375053395984623,52.182390108476156,2.4146575065069538,0.37331351815171615,2358676
2026-10-05T07:00:45.148Z,BKNG,stock,159.02,-0.7861242825056095,50.700911255936,1.8697304413837017,0.3217497387157364,7693144
2026-10-05T07:00:45.148Z,MAR,stock,358.96,1.1753431607429632,62.487550103243045,0.24177711828664497,0.6349942189469614,1000891
2026-10-05T07:00:45.148Z,HLT,stock,319.36,1.2427085975145877,59.13557176442221,0.41317728259228603,0.3330230121531533,1109055
2026-10-05T07:00:45.148Z,CMG,stock,32.36,0.12376237623762112,64.60178783623203,0.3387779999003755,1.5534292560406489,15057494
2026-10-05T07:00:45.148Z,YUM,stock,136.12,-0.4170019752725095,27.24011200560028,1.2371503545084797,0.0000035871383189103082,1751563
2026-10-05T07:00:45.148Z,EL,stock,91.97,1.9736112651069977,61.15706995552641,0.5890930046413847,1.5681909446546622,2689636
2026-10-05T07:00:45.148Z,LULU,stock,94.46,-1.4604631754642246,46.56762505066698,1.5169690889215275,0.8218566960496135,6087577
2026-10-05T07:00:45.148Z,BTC-USD,crypto,86191.85,-0.37165349452304236,74.46550799096038,0.8479196009959217,0.8678734117220323,20321456128
2026-10-05T07:00:45.148Z,ETH-USD,crypto,2724.08,-0.09696617626133898,80.3583755817665,0.40509193120010906,1.0441691391528127,8270835712
2026-10-05T07:00:45.148Z,SOL-USD,crypto,121.46,-0.06432546546278976,76.6991226153396,0.09048259858547009,1.1408141426323843,2160280064
2026-10-05T07:00:45.148Z,XRP-USD,crypto,1.5174,-0.18756108364708285,71.52773466118637,0.7197032652614205,1.1330347528778841,1812879744
2026-10-05T07:00:45.148Z,BNB-USD,crypto,793.72,-0.19372266147724743,61.12421133133643,1.896027192653629,0.6581830127322958,1529352960
2026-10-05T07:00:45.148Z,DOGE-USD,crypto,0.09602,0.1503611337329513,72.43236059314867,0.846759220151041,1.2442033323515957,893276480
2026-10-05T07:00:45.148Z,ADA-USD,crypto,0.2707,4.391113666921624,56.267433172837464,0.8025217205077537,4.885896816224084,1064938624
2026-10-05T07:00:45.148Z,AVAX-USD,crypto,10.994,-1.0161376828250623,68.05552489480911,0.7044757319076014,1.5049364509175582,286819072
2026-10-05T07:00:45.148Z,LINK-USD,crypto,14.173,-0.7215462473823151,61.42322900035361,0.5682595182439222,0.8610870611262346,227530080
2026-10-05T07:00:45.148Z,DOT-USD,crypto,1.2298,2.029599203210055,66.59299562457306,0.2109656455912677,3.1971149530885383,149842400
2026-10-05T07:00:45.148Z,LTC-USD,crypto,70.079,-0.8905271601732737,72.56334924715388,1.030939749772584,0.6578443117447058,282466304
2026-10-05T07:00:45.148Z,BCH-USD,crypto,319.01,0.06616393203406112,56.91769949814812,0.6694493827355261,0.5991658213887678,146841328
2026-10-05T15:41:59.307Z,AAPL,stock,333.56,-0.038958314603373026,41.30204004377988,0.7479338857984494,0.07950511156479757,8734881
2026-10-05T15:41:59.307Z,MSFT,stock,525.32,1.5052267501401035,37.42130564709495,1.2175712667921337,0.0057153141906578,11199214
2026-10-05T15:41:59.307Z,NVDA,stock,236.445,1.0664671938448407,25.925024342745857,0.5154197746383377,-0.00000309764153606258,40090664
2026-10-05T15:41:59.307Z,TSLA,stock,377.86,1.9617366901427558,64.27978817299206,0.3113150375475503,2.973153680347449,19713137
2026-10-05T15:41:59.307Z,AMZN,stock,251.84,0.12722646310432298,59.87769834869282,0.2746564631074639,0.45504592471872785,11160248
2026-10-05T15:41:59.307Z,META,stock,745.085,2.335594989561586,72.1361469720135,0.17350476625050928,1.869076559653902,6247132
2026-10-05T15:41:59.307Z,GOOGL,stock,345.3,0.5240174672489116,59.92299858033455,0.1272604404473784,0.6999411897889558,6274879
2026-10-05T15:41:59.307Z,AMD,stock,630.64,-0.5158460980265309,53.42458364237071,0.1551558096265921,0.5901677264467644,6166680
2026-10-05T15:41:59.307Z,NFLX,stock,67.165,0.15657620041754247,52.73060578285142,0.1531155157831679,0.757570222243596,10768311
2026-10-05T15:41:59.307Z,JPM,stock,332.38,0,51.587628366595624,0.17719350648410453,0.40781839279865034,1466418
2026-10-05T15:41:59.307Z,V,stock,365.87,1.4445738368546495,71.0426363396856,0.04644534503145886,1.6983516979431696,1092149
2026-10-05T15:41:59.307Z,XOM,stock,164.19,0.10974940552405758,80.05281086855737,0.01826892003417245,1.5336053324893855,3298291
2026-10-05T15:41:59.307Z,SPY,stock,773.05,0.4430642897978235,68.53635958446189,0.0012932448484424023,0.34397397481301056,11716409
2026-10-05T15:41:59.307Z,QQQ,stock,753.28,0.49360975479600994,52.6506491825907,0.09283807088814863,0.22618788039876891,10763085
2026-10-05T15:41:59.307Z,DIA,stock,510.73,-0.07239287810604667,68.18118767627884,0.000002151102905739409,0.5571975068959008,982754
2026-10-05T15:41:59.307Z,IWM,stock,282.44,0.3267973856209207,69.94060053405025,0.02123893805309815,0.8426212299626226,8161311
2026-10-05T15:41:59.307Z,XLK,stock,200.405,0.29778289374906103,44.36050192827951,0.3332074889523173,0.04242845081554442,2535942
2026-10-05T15:41:59.307Z,XLF,stock,53.74,0.4673770798280052,57.35759671299311,0.027906367439606033,0.7404607184516822,13143232
2026-10-05T15:41:59.307Z,PLTR,stock,188.25,-0.26490066225165565,47.9337696566161,2.111173423189678,0.10103288518178942,6514421
2026-10-05T15:41:59.307Z,SOFI,stock,16.014,1.5472415979708294,44.773150499407485,0.7806653928949293,1.4507453582613348,15710217
2026-10-05T15:41:59.307Z,COIN,stock,188.57,3.0437158469945316,57.638227683068955,1.4090394992541964,1.4430787953988706,3916677
2026-10-05T15:41:59.307Z,HOOD,stock,113.775,0.9180415114422661,51.55703861709204,1.3742994783644267,0.5079532396283754,8405349
2026-10-05T15:41:59.307Z,RIVN,stock,14.33,0.20979020979020532,49.20157233597196,0.24364616551218798,0.8799723827195426,7356595
2026-10-05T15:41:59.307Z,LCID,stock,4.18,1.2106537530266301,69.56532556008442,0.11947294738122506,2.8290268428230894,2499834
2026-10-05T15:41:59.307Z,F,stock,12.145,0.3719008264462804,38.07261807261807,0.4100016078347256,0.4540881407046794,10766576
2026-10-05T15:41:59.307Z,GM,stock,80.008,2.2205187172607634,54.182772850232446,0.20206832062529423,1.2118873007695354,1632679
2026-10-05T15:41:59.307Z,BAC,stock,54.15,0.7441860465116252,42.24232963162996,0.2854254751951629,0.7067129235656531,12885906
2026-10-05T15:41:59.307Z,WFC,stock,81.7,1.5537600994406464,47.34133172283868,0.26855245832843266,0.8206285035334293,4184162
2026-10-05T15:41:59.307Z,GS,stock,896.795,-0.6387386988122659,77.27509992244825,-0.0000019056578186482622,1.0188679245282974,689220
2026-10-05T15:41:59.307Z,MS,stock,189.75,-0.2942567390047829,49.783664167519895,0.015807134308058374,1.0114420200962755,1443217
2026-10-05T15:41:59.307Z,PYPL,stock,53.8,1.893939393939394,78.23493931411409,0.07429448825135415,2.0388839392883895,2802109
2026-10-05T15:41:59.307Z,SHOP,stock,157.23,3.857586366338598,33.84146459841969,3.326364615070687,1.2688429491586224,4250959
2026-10-05T15:41:59.307Z,CRM,stock,228.835,-2.4947803485448845,38.10657870718237,2.177998903647521,0.32442568900528657,1990461
2026-10-05T15:41:59.307Z,ORCL,stock,143.41,0.7800421644413107,21.666285191119243,2.005535683638998,0.16763416506541687,8306487
2026-10-05T15:41:59.307Z,AVGO,stock,361.66,1.8358957031030125,45.66853576860561,0.25648703695177355,1.433182549987468,7359100
2026-10-05T15:41:59.307Z,MU,stock,1062.92,-1.1136023220980775,45.10913183909171,0.5306025698977838,0.3891151286246176,7780968
2026-10-05T15:41:59.307Z,INTC,stock,116.932,-2.009553339478753,56.56726768377254,0.6187350326794316,0.6299510077301151,40422169
2026-10-05T15:41:59.307Z,TSM,stock,485.345,2.657684335208777,87.42724191509745,2.515124488034158e-7,1.7526787855336297,5026537
2026-10-05T15:41:59.307Z,ASML,stock,1858.22,-0.4867965147725829,61.02306480872357,0.06829777202591447,0.6794214557311611,624637
2026-10-05T15:41:59.307Z,QCOM,stock,183.02,-1.0007031968410205,57.29942250611186,0.9431009956150926,1.1299869194725554,3426734
2026-10-05T15:41:59.307Z,ARM,stock,302.53,-1.6130605873361854,39.4744914199728,1.3692859635164163,0.39970317516887416,1207439
2026-10-05T15:41:59.307Z,SMCI,stock,43.395,-0.6752117189288044,41.569362315236084,1.003762047821077,0.9655664545921067,10242350
2026-10-05T15:41:59.307Z,NOW,stock,136.19,1.3469266259860115,44.19430060697507,0.9959272920241229,0.5091458632104112,3213484
2026-10-05T15:41:59.307Z,UBER,stock,69.585,2.1656144472177274,55.17215978448458,0.2651521455745936,0.7018835551212635,6895385
2026-10-05T15:41:59.307Z,ABNB,stock,163.88,0.8926922366557831,57.00007629510949,0.17664504609842507,0.9610600082498202,736385
2026-10-05T15:41:59.307Z,DIS,stock,102.36,0.16635678637831658,45.6987924132047,0.21446853882594255,0.986581870192205,1713599
2026-10-05T15:41:59.307Z,WMT,stock,104.69,0.4124304623057669,58.40359031896138,0.028648988114408115,1.1869111732485802,5159926
2026-10-05T15:41:59.307Z,COST,stock,923.031,0.2586216260250879,49.25303988018176,0.1097330680767182,0.793433384693328,477029
2026-10-05T15:41:59.307Z,HD,stock,281.21,-0.579812621530862,37.463642283481654,0.26097242066069914,0.45366776720649293,1184736
2026-10-05T15:41:59.307Z,LOW,stock,179.4,-0.7743362831858438,43.736020450084446,0.3416378589193255,0.3636363636363668,646613
2026-10-05T15:41:59.307Z,NKE,stock,33.382,-1.4408030705639197,77.33804952994473,0.000594130255454199,1.7433666649420434,32857659
2026-10-05T15:41:59.307Z,SBUX,stock,94.165,-0.5754408193432452,40.90916972516834,0.5019013025272545,0.4452415568921308,1737826
2026-10-05T15:41:59.307Z,MCD,stock,230.94,-0.40967700202681817,47.916884826544205,0.3495145631067971,0.5858136162136927,2012950
2026-10-05T15:41:59.307Z,PEP,stock,124.77,-0.8896655810628363,54.06985512646492,0.4944568088893582,0.33775756415976976,2891154
2026-10-05T15:41:59.307Z,KO,stock,86.155,0.5896088733216526,54.21345906558079,0.11593212753131829,1.1446345284469037,4463478
2026-10-05T15:41:59.307Z,TGT,stock,152.02,-2.551282051282045,71.23759199849027,1.7292137415994975,0.7956455493345973,1297590
2026-10-05T15:41:59.307Z,CVX,stock,206.58,-0.053219797764761344,77.85876488507338,0.05805367683301046,2.1252584355911583,2289203
2026-10-05T15:41:59.307Z,OXY,stock,59.195,1.9197658402203892,89.87410860481555,-5.155431761255681e-7,3.0284537698941225,2732308
2026-10-05T15:41:59.307Z,SLB,stock,50.315,3.231432088633557,72.49982118589514,-0.000002729386963795467,3.0200651982060878,2784829
2026-10-05T15:41:59.307Z,UNH,stock,371.64,-0.0699112664694786,72.93709816005452,0.33789056505969217,0.7277346899900103,1381387
2026-10-05T15:41:59.307Z,LLY,stock,1152.8,0.870630441440263,68.78578636461557,1.0709897177595538,0.9108364302515631,682893
2026-10-05T15:41:59.307Z,NVO,stock,37.03,-0.7770632368703085,58.33333333333334,0.323018898923359,0.4203389830508506,5217916
2026-10-05T15:41:59.307Z,PFE,stock,27.335,-1.6726618705035965,57.78116068626869,1.031863977457098,0.6675255459937498,10625345
2026-10-05T15:41:59.307Z,MRK,stock,139.59,-3.264033264033269,46.227165524652165,2.1519722299886404,0.31144699201196946,3531659
2026-10-05T15:41:59.307Z,JNJ,stock,253.8,-0.8709916806624073,49.02607696270756,0.5271528934286482,0.3479368327635666,3009963
2026-10-05T15:41:59.307Z,ABBV,stock,262.805,-0.0057073282094157055,67.86145396384705,0.15766325460774938,0.7572033621169489,875371
2026-10-05T15:41:59.307Z,BA,stock,193.3,-0.13432527381689963,44.77190775107926,0.20135393489099646,0.8504209561362611,2199345
2026-10-05T15:41:59.307Z,CAT,stock,849.215,0.44888930945566385,60.34368776561891,0.13582265646947023,2.9888296271842125,704511
2026-10-05T15:41:59.307Z,GE,stock,307.86,-0.3979423468892431,31.724068782273022,0.30279421204228013,0.4830586505648755,1097522
2026-10-05T15:41:59.307Z,LMT,stock,506.91,0.2967887457707603,53.15893487946124,7.224377746606764e-7,1.0807812461205744,250553
2026-10-05T15:41:59.307Z,RTX,stock,184.33,-0.18951700238249639,30.0003156931042,0.31366808210615665,0.8700856183871728,816047
2026-10-05T15:41:59.307Z,NOC,stock,479.54,0.3221757322175775,50.49637656466526,0.13744527077326996,0.886655461865479,365651
2026-10-05T15:41:59.307Z,DE,stock,683.17,-0.5574963609898167,41.24781133456656,0.5936704256093184,0.6764099729669018,195155
2026-10-05T15:41:59.307Z,BABA,stock,110.075,3.9914974019839478,72.79358163484592,0.0499384861432556,1.7511429217836998,4071826
2026-10-05T15:41:59.307Z,PDD,stock,77.53,2.8522154417617482,61.19981445538995,0.45580294856964254,1.2141012329042062,2241533
2026-10-05T15:41:59.307Z,SNOW,stock,340.165,-0.256568144499179,53.79697001848367,0.5190976278683241,0.3436578171091506,768654
2026-10-05T15:41:59.307Z,DDOG,stock,277.635,0.14970059880238207,36.50784423905391,1.3975236075793134,0.1533164597318414,576619
2026-10-05T15:41:59.307Z,PANW,stock,404,0.18847336573752377,62.31294589585396,0.6235634420834122,0.3676863327842969,1110572
2026-10-05T15:41:59.307Z,CRWD,stock,271.985,0.7202636646422726,67.55273419509349,0.09366376855783087,0.9370625046363644,1672749
2026-10-05T15:41:59.307Z,NET,stock,362.42,3.8244478184891353,55.51907732992795,0.3930207721664216,3.548571428571433,1124399
2026-10-05T15:41:59.307Z,ROKU,stock,152.28,-0.07218321412165184,69.08400503191538,-8.016175045457304e-7,0.784273979763208,475317
2026-10-05T15:41:59.307Z,PINS,stock,19.835,2.9854620976116264,45.99984740978103,0.2770246393868241,0.6342005141229007,2448044
2026-10-05T15:41:59.307Z,ADBE,stock,237.47,-0.09255753292103112,32.48606457330773,1.1941401271620804,0.22791851640231275,1006790
2026-10-05T15:41:59.307Z,AMAT,stock,538.35,-0.3129397822383418,64.99610707400268,1.1294765840220344,0.6741540202769917,1439052
2026-10-05T15:41:59.307Z,LRCX,stock,344.54,-0.8489452933897345,52.16856640252343,1.5571846014011226,0.614715918762388,2078568
2026-10-05T15:41:59.307Z,KLAC,stock,203.91,-1.440378945333264,61.0294315642082,0.7326599008459113,1.8378886035978659,2138685
2026-10-05T15:41:59.307Z,TXN,stock,291.275,-0.8594281824370436,62.276448051121825,0.37452376628067724,0.7941687751477143,941598
2026-10-05T15:41:59.307Z,ADI,stock,414.5,-0.635263094810015,66.71495322975277,0.34141502738268703,1.1395001783040364,545751
2026-10-05T15:41:59.307Z,MRVL,stock,272.165,-0.04590693745638841,66.33417750363822,0.30184865712779946,1.3523421051614828,6289961
2026-10-05T15:41:59.307Z,CDNS,stock,357.28,1.687775722214302,53.42376895382298,0.6948687497301648,0.506354494779476,528724
2026-10-05T15:41:59.307Z,SNPS,stock,490.28,0.07756685037762716,38.59325230884211,3.2558504319509787,0.1286645790602799,846489
2026-10-05T15:41:59.307Z,WDAY,stock,186.33,0.10207370796176327,39.83136420058784,0.5285112564111771,1.1893128150377779,704437
2026-10-05T15:41:59.307Z,TEAM,stock,196.11,4.374900207568273,57.88767217181278,0.13749102561312626,2.4608183143741216,787302
2026-10-05T15:41:59.307Z,ZS,stock,204.2,3.8657171922685625,60.659674045104566,0.2710580301224663,1.8530061492573382,994451
2026-10-05T15:41:59.307Z,OKTA,stock,217.5,2.84174192633221,73.09747944237651,0.07351082395356437,1.65451167276645,1017735
2026-10-05T15:41:59.307Z,MDB,stock,355.405,-0.7137669013297595,66.2294632060126,2.6020811332701643,0.9845421192694919,1306305
2026-10-05T15:41:59.307Z,FSLR,stock,175.3,0.39516637076914135,62.2680226716964,0.3297125354564409,1.6320256136402325,416708
2026-10-05T15:41:59.307Z,ENPH,stock,33.01,-1.3743651030773854,47.75325677065479,1.2563574673696816,2.866936251285478,1335475
2026-10-05T15:41:59.307Z,NEE,stock,76.815,-0.01952362358453803,45.18564566261656,0.09754115001142373,1.152222189180041,2729253
2026-10-05T15:41:59.307Z,DUK,stock,113.96,-0.14895294839218587,38.35646503072614,0.17519591423748707,0.5270675330531319,884376
2026-10-05T15:41:59.307Z,SO,stock,84.12,0.47778308647874546,36.27442180534362,0.16615491654523173,1.105772939306886,1129425
2026-10-05T15:41:59.307Z,T,stock,24.08,-0.9053497942386931,20.59684513878355,0.9664837709070068,0.18722759672800315,8166334
2026-10-05T15:41:59.307Z,VZ,stock,45.725,-0.42465156794425146,48.669190490695215,0.1746540872017855,0.4834609970791045,5541380
2026-10-05T15:41:59.307Z,CMCSA,stock,21.555,-0.0695410292072349,54.474027762806465,0.2545146172981436,1.1022528543132726,7699208
2026-10-05T15:41:59.307Z,TMUS,stock,164.29,0.3972133952578867,57.70903493382269,0.14283173086287188,1.0642239587772344,1108422
2026-10-05T15:41:59.307Z,AXP,stock,303.07,0.09577911354779724,52.760977436569604,0.03298922165935837,0.622517847303798,692912
2026-10-05T15:41:59.307Z,MA,stock,561.95,1.7546083366530356,63.738949557982316,0.11819632358141255,1.61476622063687,747343
2026-10-05T15:41:59.307Z,BLK,stock,1057.73,-0.1793078716155725,63.36396090595189,0.07274444969296001,1.4949839486591376,144474
2026-10-05T15:41:59.307Z,SCHW,stock,97.35,0.6721820062047481,46.295929997080066,0.06159907591988005,0.8296267895579438,1359240
2026-10-05T15:41:59.307Z,C,stock,128.605,0.08171206225680139,36.8676844783715,0.5298115257975596,0.3159150244920154,1485366
2026-10-05T15:41:59.307Z,TFC,stock,46.685,0.5059203444564034,56.140327394894996,0.0000029416107378266836,1.0607215248681647,1519152
2026-10-05T15:41:59.307Z,USB,stock,57.625,0.1999652234394053,46.31576411253082,0.1732325279591379,0.7165950298325127,1500829
2026-10-05T15:41:59.307Z,CB,stock,332.585,0.51225482788842,66.66628352050023,0.010521050358139506,0.9991000282752871,873913
2026-10-05T15:41:59.307Z,PGR,stock,210.79,0.22823451096000655,60.400621046754424,0.13266087767204485,0.8612825778861499,753677
2026-10-05T15:41:59.307Z,AMGN,stock,399.785,-0.8076121476776487,49.71210000058576,0.6066271530834774,0.31238807356471954,602062
2026-10-05T15:41:59.307Z,GILD,stock,143.82,-0.6356224955091998,61.28670037613149,0.7521935232649453,0.5207080675509732,1014899
2026-10-05T15:41:59.307Z,BMY,stock,58.79,-3.859362224039247,66.34491768233843,1.983993916836166,0.7195495559377282,7622747
2026-10-05T15:41:59.307Z,REGN,stock,726.965,-1.1201033732317753,50.935816189883695,0.9584468664850092,0.2613530633785996,146213
2026-10-05T15:41:59.307Z,ISRG,stock,402.35,2.6533996683250503,54.56720765709529,0.08567459688939083,2.484748595617747,451663
2026-10-05T15:41:59.307Z,TMO,stock,665.43,1.6233964569334143,85.68485922924317,-0.0000011006745684134476,1.5474098967881789,473222
2026-10-05T15:41:59.307Z,DHR,stock,218.091,1.8831168831168859,75.5370358452925,0.0000015672213379953378,1.728668324800083,537441
2026-10-05T15:41:59.307Z,ELV,stock,390.94,1.167093652149158,86.19417431506069,0.017904852529725974,1.4532630184588815,140662
2026-10-05T15:41:59.307Z,CI,stock,269.39,-0.4213950393671632,79.9998339201488,0.22592592592593097,0.9537367264346597,378880
2026-10-05T15:41:59.307Z,CVS,stock,86.72,0.30071709461023033,44.755192522127906,0.6814435375015129,0.21957843913501066,2519227
2026-10-05T15:41:59.307Z,MDT,stock,87.77,1.609168789071545,40.98356555019136,0.1876358255242017,2.3258507008235787,7758255
2026-10-05T15:41:59.307Z,SYK,stock,283.105,2.7865519369712852,37.31826002928546,0.7102040641582958,2.2058177911220294,961742
2026-10-05T15:41:59.307Z,HON,stock,213.88,-0.05140427122763383,49.15890441908948,0.5440609324131109,0.701539909898497,358587
2026-10-05T15:41:59.307Z,UPS,stock,92.7,-0.34401204042140743,67.41384713913908,0.010785335531653655,1.0848894726950704,1815888
2026-10-05T15:41:59.307Z,FDX,stock,287.64,-0.9367681498829133,50.3753662109375,0.3084597036919093,0.7248634739960955,452431
2026-10-05T15:41:59.307Z,DAL,stock,84,-0.10702818408848068,60.60977117391842,0.7092180673083955,0.6832071110382789,2192608
2026-10-05T15:41:59.307Z,UAL,stock,112.07,-0.39107634876900893,51.75877470431499,0.8975541342264816,0.6918211384811097,1418607
2026-10-05T15:41:59.307Z,AAL,stock,12.895,-0.3477588871715605,42.50749084188012,0.9600649260279864,0.38925443310058006,13297759
2026-10-05T15:41:59.307Z,LUV,stock,42.34,-0.30609842241581225,62.82726827886374,3.6038707289675916e-7,1.267635994500494,1391432
2026-10-05T15:41:59.307Z,CARR,stock,55.54,0.7619738751814255,75.31772210830783,0.0000016484107481292765,1.964381779543977,1177230
2026-10-05T15:41:59.307Z,ETN,stock,438.455,0.5377083763270667,61.12911456158837,0.019384444580997234,1.4918613200355089,521808
2026-10-05T15:41:59.307Z,EMR,stock,162.84,0.7610915166140645,72.52739882221954,-0.000002248900430341316,0.9735199888049884,510236
2026-10-05T15:41:59.307Z,MMM,stock,161.51,-0.23472728395824044,36.754883236830665,0.2716869135742039,0.9153687074357711,494922
2026-10-05T15:41:59.307Z,WM,stock,206.405,0.9562240156517546,73.2701608204172,-5.914116098719742e-7,1.7424976427738916,637220
2026-10-05T15:41:59.307Z,LIN,stock,483.83,0.9072328355718624,54.72519254025842,-0.0000027753001533066936,1.3617442043420178,879242
2026-10-05T15:41:59.307Z,APD,stock,280.77,1.1528623410310872,66.3978604887733,-0.000003912928210527207,1.905491868347741,145898
2026-10-05T15:41:59.307Z,FCX,stock,73.07,1.429761243753452,81.66093801973611,-4.1764852292781154e-7,1.7192189479602653,4514599
2026-10-05T15:41:59.307Z,NEM,stock,115.58,0.0173070266528176,73.41786821443402,0.06052877211873081,1.3237488465113882,1012979
2026-10-05T15:41:59.307Z,EOG,stock,144.67,2.3270618192106323,95.02143484665332,-0.0000012656768494986405,3.026635726017683,651743
2026-10-05T15:41:59.307Z,COP,stock,128.635,1.4871794871794801,91.45276633783482,-0.000004270349662208859,2.821627071936573,1489215
2026-10-05T15:41:59.307Z,MPC,stock,432.29,2.3583453697345766,82.94168248289799,0.12129950173742035,2.1575754463743912,656891
2026-10-05T15:41:59.307Z,PSX,stock,269.6,1.8973467382266378,90.10407726004057,0.0000022639152314852422,2.7536922343973407,594737
2026-10-05T15:41:59.307Z,HAL,stock,33.075,3.8461538461538507,80.10742015801085,0.000002306695185741924,3.976738620860407,2169538
2026-10-05T15:41:59.307Z,BKR,stock,57.91,3.4107142857142794,86.70503406760601,0.008634922642306971,3.0518735020719934,1742280
2026-10-05T15:41:59.307Z,WMB,stock,71.605,1.509781684150833,94.88635290116575,0.000004688127131336703,2.1105169340463514,1181428
2026-10-05T15:41:59.307Z,KMI,stock,31.615,1.7541036369488192,95.71045336671733,-7.239659529695795e-7,2.413343506682913,2528251
2026-10-05T15:41:59.307Z,PG,stock,145.553,0.443723690566559,37.836368249978854,0.2515064237599612,0.6869137093086618,1855105
2026-10-05T15:41:59.307Z,CL,stock,85.52,1.4953714692617979,35.232574579386394,0.3147230593845111,0.49353881716769327,1585479
2026-10-05T15:41:59.307Z,KMB,stock,94.74,0.4027130139889735,50.42711634518826,0.16860012993285306,0.808679097594787,1015857
2026-10-05T15:41:59.307Z,PM,stock,189.33,0.9975461431772135,49.46621342774605,0.1845174447995038,2.4679307366443135,1571069
2026-10-05T15:41:59.307Z,MO,stock,67.69,0.5048255382331157,55.05636277913506,0.2578617391557571,2.5994718689559635,2129070
2026-10-05T15:41:59.307Z,MDLZ,stock,58,-0.32651658360542657,30.851391932473007,0.44627244940566085,0.1554138366862948,2013905
2026-10-05T15:41:59.307Z,GIS,stock,31.545,-1.4526710402998948,41.72183793788049,1.084947914987666,0.7344705796579545,3151497
2026-10-05T15:41:59.307Z,KR,stock,58.8,-0.3896323903100186,53.370622776563366,0.10193783508220552,0.6418498379741137,1313084
2026-10-05T15:41:59.307Z,DG,stock,119.595,0.5506978308390795,58.55668221902716,0.15444880713160591,1.1117697279967296,475693
2026-10-05T15:41:59.307Z,DLTR,stock,112.365,0.18277460770327952,63.77345670837388,1.3693245643795027,0.9115415714305538,656166
2026-10-05T15:41:59.307Z,TJX,stock,134.14,1.1003919204099937,60.51522039488345,0.14516447993527432,0.528348974635876,1902515
2026-10-05T15:41:59.307Z,ROST,stock,225.35,-1.3958169248271628,30.64316612841101,2.1196176945223932,0.008875058262459348,494418
2026-10-05T15:41:59.307Z,BKNG,stock,157.82,-0.7546220601182348,76.68529694143464,0.000004640868341727196,2.0827902777237632,2882628
2026-10-05T15:41:59.307Z,MAR,stock,355.805,-0.8789280142634202,46.22057339261846,0.6103495332214419,0.24087554967319433,205568
2026-10-05T15:41:59.307Z,HLT,stock,317.89,-0.46029559118237323,36.55446560235943,0.3385902174404983,0.42014229582499896,378538
2026-10-05T15:41:59.307Z,CMG,stock,30.787,-4.860939431396787,22.576421198538895,1.9834442866558617,1.4733020605274485,11741521
2026-10-05T15:41:59.307Z,YUM,stock,136.48,0.26447252424330386,48.10129027273429,0.10612991765782999,0.7083793515893013,349474
2026-10-05T15:41:59.307Z,EL,stock,93.71,1.8919212786778241,46.85590592281003,0.5307282553143242,0.5364241180543364,851528
2026-10-05T15:41:59.307Z,LULU,stock,91.98,-2.625449925894548,36.15047247245612,1.060176097420577,0.6581397818651118,2862245
2026-10-05T15:41:59.307Z,BTC-USD,crypto,85352.47,-1.34188491999735,37.481395152910785,1.8135129052969257,0.13256916268615432,28793772032
2026-10-05T15:41:59.307Z,ETH-USD,crypto,2700.66,-0.9558723215110991,49.51560491791353,1.261348996694258,0.20035136553836333,10850641920
2026-10-05T15:41:59.307Z,SOL-USD,crypto,119.47,-1.701671030453145,51.16286496997913,2.041652265631799,0.20128880005810096,2475680768
2026-10-05T15:41:59.307Z,XRP-USD,crypto,1.4956,-1.6215344383172408,42.93190449590728,2.1460315035751845,0.3354360755975347,2319103744
2026-10-05T15:41:59.307Z,BNB-USD,crypto,787.77,-0.9419050811771603,52.052760968229954,2.63144854804812,0.2826061029252176,1643718144
2026-10-05T15:41:59.307Z,DOGE-USD,crypto,0.09467,-1.2577099715632214,42.560443016762655,2.3718669566172093,0.38171928652021275,1064977408
2026-10-05T15:41:59.307Z,ADA-USD,crypto,0.26618,2.648048156118217,32.82367255925645,3.599886565533905,3.134569688003435,1364993664
2026-10-05T15:41:59.307Z,AVAX-USD,crypto,10.909,-1.7814304149480185,56.98014677313742,1.472178075257407,0.7201520595833852,331201504
2026-10-05T15:41:59.307Z,LINK-USD,crypto,13.827,-3.1451929699114713,41.30843220580685,3.1315690247333974,0.5161415899975392,275719296
2026-10-05T15:41:59.307Z,DOT-USD,crypto,1.1944,-0.9073399834818017,54.29180267479816,3.4672300176554685,0.5048779629536299,173604912
2026-10-05T15:41:59.307Z,LTC-USD,crypto,70.293,-0.587876905635906,30.597272090619057,1.792495338486172,0.9652228228923343,304493824
2026-10-05T15:41:59.307Z,BCH-USD,crypto,314.16,-1.4551704934396286,56.87078049874194,2.1796000692147253,0.4315726645384473,178107200
2026-10-05T22:11:50.223Z,AAPL,stock,332.89,-0.23974347448230734,43.36032133433,0.9472949731486012,0.09020225064273323,34328912
2026-10-05T22:11:50.223Z,MSFT,stock,525.18,1.478175178250532,35.68703340242493,1.2438972015036598,0.14969258660229723,26287910
2026-10-05T22:11:50.223Z,NVDA,stock,238.9,2.1158367172472827,46.39432374398165,0.4216577315800353,1.1679420556039706,126384437
2026-10-05T22:11:50.223Z,TSLA,stock,378.73,2.196497476996153,33.855176579039394,0.6974526196994076,3.21024319419359,42006295
2026-10-05T22:11:50.223Z,AMZN,stock,251.4,-0.047709923664123945,11.916635089048881,1.083983707788197,0.2795367911145505,37819808
2026-10-05T22:11:50.223Z,META,stock,741.9,1.8981430612020571,42.59378005771081,0.600231095890078,1.4336188483290149,14774510
2026-10-05T22:11:50.223Z,GOOGL,stock,346.47,0.8646288209607066,36.69976473064289,0.40817919130920666,1.041148636044544,24975488
2026-10-05T22:11:50.223Z,AMD,stock,631.75,-0.34074237667807233,68.07539702571455,0.22033175468754457,0.7672181612056717,13607612
2026-10-05T22:11:50.223Z,NFLX,stock,67.5,0.6561288398449115,59.169655804014354,0,1.26012044966042,36088428
2026-10-05T22:11:50.223Z,JPM,stock,332.38,0,46.4438031514161,0.3182548078696351,0.40781839279865034,5328422
2026-10-05T22:11:50.223Z,V,stock,369.71,2.5092885265901277,59.076934162803546,0.0783783783783839,2.765729921137471,4521760
2026-10-05T22:11:50.223Z,XOM,stock,164,-0.0060971891957752,52.8738051389985,0.4068732473403681,1.4161110574837652,12460048
2026-10-05T22:11:50.223Z,SPY,stock,774.83,0.6743412504547652,45.98228882833787,0.2047838727948086,0.5750227733062204,44092056
2026-10-05T22:11:50.223Z,QQQ,stock,756.2,0.8831612369593644,60.547789445522035,0.08192269208246443,0.6147027335885147,25442148
2026-10-05T22:11:50.223Z,DIA,stock,512.11,0.19761299158677187,42.60045896196474,0.20267453270610916,0.8289045391037521,3183293
2026-10-05T22:11:50.223Z,IWM,stock,283.38,0.660699062233594,50.58414000286109,0.270981493233777,1.178239640797365,22613617
2026-10-05T22:11:50.223Z,XLK,stock,200.93,0.5605325058805889,52.999786383472184,0.1441214685139762,0.30450911215971616,6569113
2026-10-05T22:11:50.223Z,XLF,stock,53.88,0.7291082445316892,46.15438785929742,0.1390081151132802,1.002903303129451,28762576
2026-10-05T22:11:50.223Z,PLTR,stock,189.4,0.3443708609271553,44.74029368871931,1.5131805915119494,0.88151744432893,17670382
2026-10-05T22:11:50.223Z,SOFI,stock,15.92,0.9511731135066605,34.110261220955394,1.3630693802227563,0.8552432935881423,47925717
2026-10-05T22:11:50.223Z,COIN,stock,188.22,2.8524590163934422,66.37656374455325,1.5920316834577306,2.0771194875152084,7795072
2026-10-05T22:11:50.223Z,HOOD,stock,114.11,1.2151853822955514,65.17859271596487,1.0839051942532663,1.2062084257206203,19510937
2026-10-05T22:11:50.223Z,RIVN,stock,14.6,2.0979020979020904,64.93265467374727,0.06844392137049969,2.7807115692746183,26055544
2026-10-05T22:11:50.223Z,LCID,stock,4.17,0.9685230024213084,71.42870118074478,0.35842157669370506,2.583024386261317,7633181
2026-10-05T22:11:50.223Z,F,stock,12.15,0.41322314049587366,56.26817177992088,0.36900119680459764,0.5794708339076724,35523032
2026-10-05T22:11:50.223Z,GM,stock,80.23,2.504152293343565,35.689021168300386,0.736154618877624,1.4927222045388047,6488023
2026-10-05T22:11:50.223Z,BAC,stock,54,0.46511627906976744,37.03729867194122,0.5616431331586087,0.42774695978846555,34268492
2026-10-05T22:11:50.223Z,WFC,stock,81.44,1.2305779987569856,40.78823042503846,0.5859352779224977,0.49977950217578915,12758845
2026-10-05T22:11:50.223Z,GS,stock,893.46,-1.0082432192873505,27.83255226339557,0.5742132542370768,0.6431990988453997,1896103
2026-10-05T22:11:50.223Z,MS,stock,190.19,-0.06305501550102703,30.978463681823087,0.46056800674399123,1.2456714508675117,4297606
2026-10-05T22:11:50.223Z,PYPL,stock,54.41,3.0492424242424234,76.15394998620836,0.018372233152740808,3.1958303928751155,8263466
2026-10-05T22:11:50.223Z,SHOP,stock,160.11,5.759957725080935,61.41407968711806,1.5555825129998437,3.1237959968822073,8790812
2026-10-05T22:11:50.223Z,CRM,stock,229.79,-2.087860582044401,44.59927164464765,1.7697571091361262,0.7431108837219971,6362014
2026-10-05T22:11:50.223Z,ORCL,stock,142.48,0.1264933239634423,21.1541202411194,2.641020320792728,0.000002998639146114452,17008043
2026-10-05T22:11:50.223Z,AVGO,stock,362.51,2.0752379343357563,48.721511083359346,0.32713754272526485,1.6715782950725917,21357358
2026-10-05T22:11:50.223Z,MU,stock,1063.96,-1.0168482356334194,68.36819301872029,0.4332780550450171,0.5101214014652714,17877625
2026-10-05T22:11:50.223Z,INTC,stock,116.19,-2.631358417832901,36.01397855199274,1.2493656436819998,0.14220941344636762,80977583
2026-10-05T22:11:50.223Z,TSM,stock,485.8,2.753923600829147,46.238933216745,0.31600040002111335,1.8480696288459462,10881005
2026-10-05T22:11:50.223Z,ASML,stock,1859.86,-0.3989696408202198,37.684703285411175,0.4592034892913149,0.7682775928878951,1385639
2026-10-05T22:11:50.223Z,QCOM,stock,180.79,-2.2069562395196693,48.971827209929785,2.1500558900516578,0.21618964340952646,12256815
2026-10-05T22:11:50.223Z,ARM,stock,302.9,-1.4927314709421549,69.00686173052712,1.2486587060758338,0.8758820669915011,2891460
2026-10-05T22:11:50.223Z,SMCI,stock,43.19,-1.1444266422522318,53.74758865734916,1.4714248840970814,0.5353838929909857,22032582
2026-10-05T22:11:50.223Z,NOW,stock,136.08,1.2650692067272042,53.12542576091992,1.0758923995788323,0.785065689525589,7099373
2026-10-05T22:11:50.223Z,UBER,stock,69.48,2.0114520628395307,43.87540999421185,0.622185382008242,0.5499298614619016,16996770
2026-10-05T22:11:50.223Z,ABNB,stock,164.07,1.0096657021486095,45.332641495996505,0.34620954310103236,1.078112738305759,4160681
2026-10-05T22:11:50.223Z,DIS,stock,103.61,1.3895684509247497,56.94445425582266,5.890855703821458e-7,2.2198099606351542,6976055
2026-10-05T22:11:50.223Z,WMT,stock,105.07,0.7769038941108651,61.8585511986221,0.019027822425969638,1.5541957873075543,19199115
2026-10-05T22:11:50.223Z,COST,stock,923.52,0.31173627328517944,69.1494683608779,0.1832035587694313,0.8468313625782727,1949392
2026-10-05T22:11:50.223Z,HD,stock,281.15,-0.6010252784161376,43.236868098656956,0.4108626658801423,0.4322346031439325,4260429
2026-10-05T22:11:50.223Z,LOW,stock,179.5,-0.7190265486725727,34.210110912640715,0.43724388241963397,0.4195804195804196,2773768
2026-10-05T22:11:50.223Z,NKE,stock,33.96,0.2657218777679463,70.86627417998318,0.014721485545198199,3.5050246222944135,67893335
2026-10-05T22:11:50.223Z,SBUX,stock,94.43,-0.2956393200295501,35.135265169218926,0.526704206856,0.7279154698383047,8822206
2026-10-05T22:11:50.223Z,MCD,stock,233.04,0.49592479192720934,71.11281923752252,0.017162275073127172,1.5004676761169062,5577154
2026-10-05T22:11:50.223Z,PEP,stock,125.65,-0.19064262451346006,55.190236420020675,0.0000012143882865384508,1.045437508509065,8820758
2026-10-05T22:11:50.223Z,KO,stock,86.51,1.0040863981319317,60.279831431887814,0.011324897888705016,1.5613990256623764,20444719
2026-10-05T22:11:50.223Z,TGT,stock,152.99,-1.9294871794871735,63.14590482194411,1.1021734661709461,1.4387962938606758,5054005
2026-10-05T22:11:50.223Z,CVX,stock,206.47,-0.10643959552953644,44.97488785799179,0.3246566132541842,2.070878638767088,6403501
2026-10-05T22:11:50.223Z,OXY,stock,58.31,0.39600550964188014,50.53202714109474,1.644597874540886,1.4881179039196972,8528237
2026-10-05T22:11:50.223Z,SLB,stock,50.28,3.1596224866639293,50.48516362235752,0.5538001694733515,2.948402626767414,8727159
2026-10-05T22:11:50.223Z,UNH,stock,378.58,1.7961817692928226,74.6420464466562,0.05676247577514921,2.60872295483914,5590526
2026-10-05T22:11:50.223Z,LLY,stock,1143.12,0.023625147657171268,25.74377288822977,1.90169133081654,0.06349352892883448,1975581
2026-10-05T22:11:50.223Z,NVO,stock,37.54,0.5894962486602328,77.53025274956639,0.013312476199419556,1.8033898305084721,18044587
2026-10-05T22:11:50.223Z,PFE,stock,27.41,-1.4028776978417286,39.56461408976138,0.7603216250996571,0.943730573100004,32606099
2026-10-05T22:11:50.223Z,MRK,stock,139.54,-3.2986832986833114,37.777627072666235,2.18702059583506,0.27551624948312253,9476639
2026-10-05T22:11:50.223Z,JNJ,stock,252.93,-1.210795609889453,38.25602484876788,0.8681354662525944,0.1108276708015104,9041571
2026-10-05T22:11:50.223Z,ABBV,stock,265.76,1.118636329046495,63.185150734468,0.4718706709284489,1.890125246917672,7540753
2026-10-05T22:11:50.223Z,BA,stock,192.72,-0.433973961562308,37.14009705587128,0.5393127721415851,0.5478175202616605,6383321
2026-10-05T22:11:50.223Z,CAT,stock,848.14,0.3217335762106441,21.80571213829387,1.1284427084433974,2.858458647103517,2268195
2026-10-05T22:11:50.223Z,GE,stock,306.34,-0.8897084991426446,41.4703981617779,0.7950301400540374,0.16676370863778497,5211629
2026-10-05T22:11:50.223Z,LMT,stock,506.63,0.2413881798935459,76.27073352293333,0.01874904580813629,1.0249476292084663,957721
2026-10-05T22:11:50.223Z,RTX,stock,184.33,-0.18951700238249639,55.41875253686917,0.4294395678595476,0.8700856183871728,3383949
2026-10-05T22:11:50.223Z,NOC,stock,476.11,-0.39539748953974607,65.03118688558013,0.8517309669013268,0.42608021213544095,1200266
2026-10-05T22:11:50.223Z,DE,stock,682.2,-0.6986899563318711,14.484997458954325,1.1504933027948188,0.5334644137740665,751245
2026-10-05T22:11:50.223Z,BABA,stock,110.8,4.676428908833258,37.24852661815984,0.35075315481872776,2.4213185167715956,9871490
2026-10-05T22:11:50.223Z,PDD,stock,77.9,3.343061820111449,39.55225580177185,0.1793963530047609,1.69712996315282,5122972
2026-10-05T22:11:50.223Z,SNOW,stock,338.99,-0.6011025099695083,29.987384325936517,0.8627251624096669,0.01770493184890893,3265500
2026-10-05T22:11:50.223Z,DDOG,stock,276.415,-0.2903830892432028,27.42524058644966,1.830808392274148,0.2011943296996107,2347252
2026-10-05T22:11:50.223Z,PANW,stock,406.76,0.8729292728895898,45.81422084934911,0.25992038281144175,1.0533665661468805,4446125
2026-10-05T22:11:50.223Z,CRWD,stock,272.67,0.9739297881795271,52.68410830037676,0.4581501684385391,1.1912746406573809,4829740
2026-10-05T22:11:50.223Z,NET,stock,359.49,2.9850746268656763,36.36350618945679,1.6510482175655157,2.711428571428574,3171071
2026-10-05T22:11:50.223Z,ROKU,stock,153.41,0.66933525821905,65.38469062383851,0.006516861598646337,1.5321478279187897,1950423
2026-10-05T22:11:50.223Z,PINS,stock,20.06,4.153686396677036,84.41565518949714,0.22382264740566116,1.7757530785634068,11394621
2026-10-05T22:11:50.223Z,ADBE,stock,238.785,0.4606840843114977,77.77608895176519,0.6469985693535922,1.3346633077990566,3288294
2026-10-05T22:11:50.223Z,AMAT,stock,542.28,0.41478409006740413,89.57652615573744,0.40771349862259454,1.40908375985103,4632077
2026-10-05T22:11:50.223Z,LRCX,stock,345.8,-0.4863449307893746,70.91973847819983,1.1971743053477362,0.9826689635689118,6052653
2026-10-05T22:11:50.223Z,KLAC,stock,206.85,-0.01933394557493936,77.75365338854309,0.000002950696374468517,3.3062000767702333,7837240
2026-10-05T22:11:50.223Z,TXN,stock,294.9,0.37440435670523003,64.69472615729816,0.057615928423376185,2.04858079749742,3772126
2026-10-05T22:11:50.223Z,ADI,stock,419.1,0.467457749011158,61.11132379884602,0.0000014563387051717423,2.261916826844931,2130351
2026-10-05T22:11:50.223Z,MRVL,stock,271.25,-0.38194571963715906,67.99498746867167,0.6710386375525277,1.011602505924899,12506520
2026-10-05T22:11:50.223Z,CDNS,stock,353.48,0.6062331008965406,36.59224782412262,1.751069765043143,0.3548786232529209,1951705
2026-10-05T22:11:50.223Z,SNPS,stock,488.47,-0.29189630536843236,56.05256501125785,3.613007384545748,1.1366907302147768,2818341
2026-10-05T22:11:50.223Z,WDAY,stock,188.96,1.5149887181691317,53.441565662181695,0.40583763499620984,2.617573925452359,2176447
2026-10-05T22:11:50.223Z,TEAM,stock,196.65,4.662302410985161,42.105104652913724,0.25867501148123734,2.742949984812963,3035416
2026-10-05T22:11:50.223Z,ZS,stock,201.8,2.64496439471008,31.133573447968715,1.443190550826207,0.655909113222983,2383741
2026-10-05T22:11:50.223Z,OKTA,stock,218.29,3.2152820464324474,32.669948334079166,0.5285928295163219,2.0237395542445404,3143371
2026-10-05T22:11:50.223Z,MDB,stock,359.23,0.3547882444966026,64.99785021798328,1.5538487233005636,2.071375094624961,2943019
2026-10-05T22:11:50.223Z,FSLR,stock,176.16,0.8876925720176294,83.57499318143286,0.06807282739269659,2.130619692520604,1538255
2026-10-05T22:11:50.223Z,ENPH,stock,33.45,-0.05975500448161345,70.8859659288446,0.05975864945816091,4.238079903226287,3735964
2026-10-05T22:11:50.223Z,NEE,stock,76.28,-0.715866198099697,42.635613068060856,0.8513648916345284,0.44771865639072933,12344480
2026-10-05T22:11:50.223Z,DUK,stock,113.84,-0.2540962060807781,50.666300455729164,0.3675845688587535,0.4212124250857274,4225401
2026-10-05T22:11:50.223Z,SO,stock,83.79,0.08361204013378809,42.48401862914245,0.6697923471627091,0.7091383093738011,6571733
2026-10-05T22:11:50.223Z,T,stock,24.24,-0.24691358024692295,73.97709731001979,0.30845376274027525,0.9049804120935615,34234414
2026-10-05T22:11:50.223Z,VZ,stock,45.85,-0.1524390243902445,66.75846151828685,-0.0000033279802801571096,0.758156079083148,22507493
2026-10-05T22:11:50.223Z,CMCSA,stock,21.57,0,49.717073872491426,0.1851023101424682,1.1726093281158594,31074378
2026-10-05T22:11:50.223Z,TMUS,stock,164.64,0.6110975311659742,81.84256809683569,-3.7071887215759716e-7,1.2795290801210257,4245429
2026-10-05T22:11:50.223Z,AXP,stock,304.02,0.40953827861814157,64.6464957844603,0.06903033190160221,0.9379281220091052,2827744
2026-10-05T22:11:50.223Z,MA,stock,564.59,2.2326440444718143,43.143920371872625,0.2103342704326063,2.0921449604224023,2404521
2026-10-05T22:11:50.223Z,BLK,stock,1066.45,0.6436208865358602,23.56115626953971,0.6891070218537481,2.3317156855223358,610515
2026-10-05T22:11:50.223Z,SCHW,stock,97.96,1.302998965873827,61.88123673336808,0.010208452157309747,1.4614303061643157,5872011
2026-10-05T22:11:50.223Z,C,stock,128.55,0.03891050583658472,50.64931633529296,0.5723515543040639,0.2730133074021286,6600730
2026-10-05T22:11:50.223Z,TFC,stock,46.33,-0.2583423035522165,40.42572762738552,0.9513661386685466,0.2922400824063762,10441041
2026-10-05T22:11:50.223Z,USB,stock,57.27,-0.4173187271778732,33.61350464173975,0.8912344877944487,0.09612837064656514,6291506
2026-10-05T22:11:50.223Z,CB,stock,330.49,-0.12088609507690691,21.243794779100682,0.6642657426943535,0.36289239846867,2715591
2026-10-05T22:11:50.223Z,PGR,stock,212.62,1.098378583995056,72.84470284917523,0.009405281088148153,1.7369225376448334,2762623
2026-10-05T22:11:50.223Z,AMGN,stock,402.98,-0.014886859865026367,55.38496622867913,0.11402003733455768,1.1140641742064108,3103313
2026-10-05T22:11:50.223Z,GILD,stock,144.63,-0.07599834185436896,64.9417752008003,0.19322590230711176,1.0868447212480703,5678453
2026-10-05T22:11:50.223Z,BMY,stock,58.81,-3.8266557645134855,31.36747118266942,1.9506494684322948,0.7538137333678876,19237043
2026-10-05T22:11:50.223Z,REGN,stock,726.47,-1.187431991294888,43.553002739054,1.0258855585831026,0.5487844499887767,694688
2026-10-05T22:11:50.223Z,ISRG,stock,406.48,3.7071054981502822,55.09563425727948,0.2356181120297066,3.536723273634153,1663497
2026-10-05T22:11:50.223Z,TMO,stock,676.76,3.3536957849725164,74.95587265806094,0.0000014429967592909295,3.276415433254245,2107014
2026-10-05T22:11:50.223Z,DHR,stock,221.21,3.3401849948612568,55.43041532867028,0.2817439515636688,3.1835276106259602,3079987
2026-10-05T22:11:50.223Z,ELV,stock,394.51,2.0909349688171166,59.366186860543515,0.2843554634589763,2.37971758687321,712036
2026-10-05T22:11:50.223Z,CI,stock,271.29,0.28093002624479646,39.78716296048825,0.6190969735189683,1.6657605572384357,1500953
2026-10-05T22:11:50.223Z,CVS,stock,87.01,0.6361323155216417,49.43511713614517,0.514519882441369,0.5547223245979924,12009345
2026-10-05T22:11:50.223Z,MDT,stock,87.97,1.8407038666357993,44.26956646158248,0.12488854310616611,2.5590188692201266,43792366
2026-10-05T22:11:50.223Z,SYK,stock,285.22,3.5544421450096286,59.12412011048739,0.25180192881678487,2.9693694932404093,3315984
2026-10-05T22:11:50.223Z,HON,stock,214.14,0.07009673349220863,62.36051652747561,0.4231588183418014,0.8239562198693811,1740405
2026-10-05T22:11:50.223Z,UPS,stock,93.14,0.12900451515803543,41.29060235570601,0.4701878846391212,1.5646883008286798,4789723
2026-10-05T22:11:50.223Z,FDX,stock,289.13,-0.42361206777793714,45.56941576411423,0.9693079661271194,1.2466269511767905,1884950
2026-10-05T22:11:50.223Z,DAL,stock,83.08,-1.2010940658817992,31.77988840541292,1.7966885360950198,0.1567246010134612,7551123
2026-10-05T22:11:50.223Z,UAL,stock,110,-2.230912807750427,25.714168937329703,2.7280356452655687,0.31004589324859133,4927777
2026-10-05T22:11:50.223Z,AAL,stock,12.83,-0.8500772797527004,40.726544664152705,1.4592968593205908,0.15612474416998715,42973169
2026-10-05T22:11:50.223Z,LUV,stock,41.85,-1.4598540145985341,44.95205936826721,1.3785821947898405,0.3115982154678506,5776657
2026-10-05T22:11:50.223Z,CARR,stock,55.73,1.1066763425253983,46.66647828421261,0.33086097200791237,2.3131976336691684,4873589
2026-10-05T22:11:50.223Z,ETN,stock,432.6,-0.8048428148861505,18.16067019652057,1.5654889447388618,0.13656864911419658,1426410
2026-10-05T22:11:50.223Z,EMR,stock,162.33,0.4455169853350652,20.113253220368293,0.8717202328882895,0.6572801509623843,2130319
2026-10-05T22:11:50.223Z,MMM,stock,163.19,0.8030143924887341,58.503394299238096,0.18960244648318184,1.9650734899786033,2338106
2026-10-05T22:11:50.223Z,WM,stock,206.66,1.0809488872585025,62.16234792769262,0.158517993098947,1.8681939044870615,2558975
2026-10-05T22:11:50.223Z,LIN,stock,482.38,0.6048218903812416,56.54680618432666,0.679458228781556,1.0579711247556036,2797550
2026-10-05T22:11:50.223Z,APD,stock,279.45,0.6773066253557645,56.6275348770315,0.9604492581998456,1.4263977725888695,1090479
2026-10-05T22:11:50.223Z,FCX,stock,72.6,0.7773459189339089,23.6773606994296,1.1707039139542286,1.0649417766787377,13698524
2026-10-05T22:11:50.223Z,NEM,stock,115.82,0.2249913464866657,22.91675496969441,0.87298559556686,1.5341459716468977,3992356
2026-10-05T22:11:50.223Z,EOG,stock,144.08,1.909746781723028,48.34429724841099,0.7474207531523691,2.6064676533118845,2514863
2026-10-05T22:11:50.223Z,COP,stock,128.4,1.3017751479289985,63.414418563540025,0.3492480265418793,2.633784864435477,5675833
2026-10-05T22:11:50.223Z,MPC,stock,433.47,2.637747732815581,34.86001592235954,0.8930962117278802,2.436429778019172,2122887
2026-10-05T22:11:50.223Z,PSX,stock,269.72,1.9427016403356427,49.48276769271245,0.5310531209107544,2.799428299190101,2004183
2026-10-05T22:11:50.223Z,HAL,stock,32.78,2.9199372056514905,38.54426930709358,0.9518090620467167,3.0493572786637633,9044705
2026-10-05T22:11:50.223Z,BKR,stock,57.38,2.464285714285719,43.58207751509286,0.9836078609751824,2.1087290890846417,6657514
2026-10-05T22:11:50.223Z,WMB,stock,70.81,0.3827615537283754,34.99983651047967,1.2275106868987657,0.9768270944741565,5803280
2026-10-05T22:11:50.223Z,KMI,stock,31.41,1.0943031863533952,53.33329942474073,0.8053084104043104,1.7492683708654269,9328763
2026-10-05T22:11:50.223Z,PG,stock,145.94,0.7107860051066187,54.185039793503975,0.04793816140624726,0.9546226236251134,7032638
2026-10-05T22:11:50.223Z,CL,stock,86.19,2.2905293140279994,74.285888671875,0.000002832586359344235,1.2808478794630924,6000413
2026-10-05T22:11:50.223Z,KMB,stock,95.41,1.112759643916911,62.704947658257375,0.11515561864751601,1.5215967141811146,3157046
2026-10-05T22:11:50.223Z,PM,stock,189.53,1.104235570254984,60.33209085483272,0.2709874892300458,2.5761734142301567,5283694
2026-10-05T22:11:50.223Z,MO,stock,67.88,0.7869339272457331,70.69012528163253,0.13975502207221874,2.887459749811354,7392707
2026-10-05T22:11:50.223Z,MDLZ,stock,58.49,0.5155525004296344,65.00633500740356,0.0000028696644669501028,1.0015544018583031,7146643
2026-10-05T22:11:50.223Z,GIS,stock,31.68,-1.0309278350515412,53.44834390044987,0.6616310016423984,1.165573877431092,12383721
2026-10-05T22:11:50.223Z,KR,stock,58.78,-0.42351346772827375,67.91429014385614,0.2206753484108506,0.7541992565328999,6101697
2026-10-05T22:11:50.223Z,DG,stock,119.32,0.31948881789136996,69.77055076098594,0.7321106244462874,0.8792705710486993,1717598
2026-10-05T22:11:50.223Z,DLTR,stock,113.19,0.9183309557774619,72.00035903419801,0.6451639517831673,1.6524486314263755,2191744
2026-10-05T22:11:50.223Z,TJX,stock,134.41,1.303889056376236,38.52070407074961,0.602703691425043,0.7306946897331827,9657717
2026-10-05T22:11:50.223Z,ROST,stock,226.37,-0.949505557014084,61.128940166564945,1.6765824606569033,0.5586082208650439,2586848
2026-10-05T22:11:50.223Z,BKNG,stock,158.33,-0.43390768456797746,49.32419196865818,0.1009562039361222,2.412673835204698,8304850
2026-10-05T22:11:50.223Z,MAR,stock,355.89,-0.8552484956541101,43.769548890050864,0.5866058525826815,0.26482258364326267,1216939
2026-10-05T22:11:50.223Z,HLT,stock,316.12,-1.0145290581162352,24.68362254121793,0.89350133548488,0.0000015446072946880148,1417792
2026-10-05T22:11:50.223Z,CMG,stock,30.85,-4.6662546353522805,45.7831214552942,1.7828712197789036,1.6809487305444515,23553086
2026-10-05T22:11:50.223Z,YUM,stock,136.97,0.624449015574489,15.308450225695282,0.7751328152522466,1.0699495881241758,3171980
2026-10-05T22:11:50.223Z,EL,stock,93.3,1.446123736000868,42.7586751203599,1.107638144238862,0.09655714667025854,2786505
2026-10-05T22:11:50.223Z,LULU,stock,93.14,-1.397416896040645,79.64594201659112,-6.553055261628749e-7,1.9275835973354658,7039442
2026-10-05T22:11:50.223Z,BTC-USD,crypto,85940.93,-0.6616895559970164,67.9068045308686,1.136569166050151,0.97805311251966,30900895744
2026-10-05T22:11:50.223Z,ETH-USD,crypto,2718.56,-0.2994069073364306,68.83432645913906,0.6069082848093179,1.2944210400014462,13268722688
2026-10-05T22:11:50.223Z,SOL-USD,crypto,121.34,-0.16305987139184872,71.06937553382406,0.5083626509731485,1.9321228719619845,2510766592
2026-10-05T22:11:50.223Z,XRP-USD,crypto,1.5139,-0.41778616352532266,81.75638123927735,0.9487009182017071,1.8021649356028564,2383944704
2026-10-05T22:11:50.223Z,BNB-USD,crypto,787.67,-0.9544795756259012,57.65578669251094,2.643808570827862,0.2813609815294512,1684160000
2026-10-05T22:11:50.223Z,DOGE-USD,crypto,0.09591,0.035629414042152245,64.95707990524465,1.093120944429676,2.0753489702482635,883549888
2026-10-05T22:11:50.223Z,ADA-USD,crypto,0.27276,5.185519629809911,67.87614700784022,1.2168647517282682,5.684068029528193,1335199488
2026-10-05T22:11:50.223Z,AVAX-USD,crypto,11.023,-0.7550378095125223,64.99986754616016,0.4425537559411951,1.77268641972569,353165408
2026-10-05T22:11:50.223Z,LINK-USD,crypto,13.939,-2.3606599267806456,48.718042768587466,2.34692562636572,1.3450653905523147,279215744
2026-10-05T22:11:50.223Z,DOT-USD,crypto,1.2314,2.162342217297826,52.65700900402834,0.9411991527711395,3.792982298968729,189184992
2026-10-05T22:11:50.223Z,LTC-USD,crypto,70.447,-0.37008186265108944,64.6867867942095,1.5773394094765585,1.1864204430639738,295380352
2026-10-05T22:11:50.223Z,BCH-USD,crypto,316.05,-0.8623205833065827,49.64872533394321,1.5911083584011818,1.0357733022261741,199086960
2026-10-06T02:17:17.466Z,AAPL,stock,332.89,-0.23974347448230734,43.36032133433,0.9472949731486012,0.09020225064273323,34328912
2026-10-06T02:17:17.466Z,MSFT,stock,525.18,1.478175178250532,35.68703340242493,1.2438972015036598,0.14969258660229723,26287910
2026-10-06T02:17:17.466Z,NVDA,stock,238.9,2.1158367172472827,46.39432374398165,0.4216577315800353,1.1679420556039706,126384437
2026-10-06T02:17:17.466Z,TSLA,stock,378.73,2.196497476996153,33.855176579039394,0.6974526196994076,3.21024319419359,42006295
2026-10-06T02:17:17.466Z,AMZN,stock,251.4,-0.047709923664123945,11.916635089048881,1.083983707788197,0.2795367911145505,37819808
2026-10-06T02:17:17.466Z,META,stock,741.9,1.8981430612020571,42.59378005771081,0.600231095890078,1.4336188483290149,14774510
2026-10-06T02:17:17.466Z,GOOGL,stock,346.47,0.8646288209607066,36.69976473064289,0.40817919130920666,1.041148636044544,24975488
2026-10-06T02:17:17.466Z,AMD,stock,631.75,-0.34074237667807233,68.07539702571455,0.22033175468754457,0.7672181612056717,13607612
2026-10-06T02:17:17.466Z,NFLX,stock,67.5,0.6561288398449115,59.169655804014354,0,1.26012044966042,36088428
2026-10-06T02:17:17.466Z,JPM,stock,332.38,0,46.4438031514161,0.3182548078696351,0.40781839279865034,5328422
2026-10-06T02:17:17.466Z,V,stock,369.71,2.5092885265901277,59.076934162803546,0.0783783783783839,2.765729921137471,4521760
2026-10-06T02:17:17.466Z,XOM,stock,164,-0.0060971891957752,52.8738051389985,0.4068732473403681,1.4161110574837652,12460048
2026-10-06T02:17:17.466Z,SPY,stock,774.83,0.6743412504547652,45.98228882833787,0.2047838727948086,0.5750227733062204,44092056
2026-10-06T02:17:17.466Z,QQQ,stock,756.2,0.8831612369593644,60.547789445522035,0.08192269208246443,0.6147027335885147,25442148
2026-10-06T02:17:17.466Z,DIA,stock,512.11,0.19761299158677187,42.60045896196474,0.20267453270610916,0.8289045391037521,3183293
2026-10-06T02:17:17.466Z,IWM,stock,283.38,0.660699062233594,50.58414000286109,0.270981493233777,1.178239640797365,22613617
2026-10-06T02:17:17.466Z,XLK,stock,200.93,0.5605325058805889,52.999786383472184,0.1441214685139762,0.30450911215971616,6569113
2026-10-06T02:17:17.466Z,XLF,stock,53.88,0.7291082445316892,46.15438785929742,0.1390081151132802,1.002903303129451,28762576
2026-10-06T02:17:17.466Z,PLTR,stock,189.4,0.3443708609271553,44.74029368871931,1.5131805915119494,0.88151744432893,17670382
2026-10-06T02:17:17.466Z,SOFI,stock,15.92,0.9511731135066605,34.110261220955394,1.3630693802227563,0.8552432935881423,47925717
2026-10-06T02:17:17.466Z,COIN,stock,188.22,2.8524590163934422,66.37656374455325,1.5920316834577306,2.0771194875152084,7795072
2026-10-06T02:17:17.466Z,HOOD,stock,114.11,1.2151853822955514,65.17859271596487,1.0839051942532663,1.2062084257206203,19510937
2026-10-06T02:17:17.466Z,RIVN,stock,14.6,2.0979020979020904,64.93265467374727,0.06844392137049969,2.7807115692746183,26055544
2026-10-06T02:17:17.466Z,LCID,stock,4.17,0.9685230024213084,71.42870118074478,0.35842157669370506,2.583024386261317,7633181
2026-10-06T02:17:17.466Z,F,stock,12.15,0.41322314049587366,56.26817177992088,0.36900119680459764,0.5794708339076724,35523032
2026-10-06T02:17:17.466Z,GM,stock,80.23,2.504152293343565,35.689021168300386,0.736154618877624,1.4927222045388047,6488023
2026-10-06T02:17:17.466Z,BAC,stock,54,0.46511627906976744,37.03729867194122,0.5616431331586087,0.42774695978846555,34268492
2026-10-06T02:17:17.466Z,WFC,stock,81.44,1.2305779987569856,40.78823042503846,0.5859352779224977,0.49977950217578915,12758845
2026-10-06T02:17:17.466Z,GS,stock,893.46,-1.0082432192873505,27.83255226339557,0.5742132542370768,0.6431990988453997,1896103
2026-10-06T02:17:17.466Z,MS,stock,190.19,-0.06305501550102703,30.978463681823087,0.46056800674399123,1.2456714508675117,4297606
2026-10-06T02:17:17.466Z,PYPL,stock,54.41,3.0492424242424234,76.15394998620836,0.018372233152740808,3.1958303928751155,8263466
2026-10-06T02:17:17.466Z,SHOP,stock,160.11,5.759957725080935,61.41407968711806,1.5555825129998437,3.1237959968822073,8790812
2026-10-06T02:17:17.466Z,CRM,stock,229.79,-2.087860582044401,44.59927164464765,1.7697571091361262,0.7431108837219971,6362014
2026-10-06T02:17:17.466Z,ORCL,stock,142.48,0.1264933239634423,21.1541202411194,2.641020320792728,0.000002998639146114452,17008043
2026-10-06T02:17:17.466Z,AVGO,stock,362.51,2.0752379343357563,48.721511083359346,0.32713754272526485,1.6715782950725917,21357358
2026-10-06T02:17:17.466Z,MU,stock,1063.96,-1.0168482356334194,68.36819301872029,0.4332780550450171,0.5101214014652714,17877625
2026-10-06T02:17:17.466Z,INTC,stock,116.19,-2.631358417832901,36.01397855199274,1.2493656436819998,0.14220941344636762,80977583
2026-10-06T02:17:17.466Z,TSM,stock,485.8,2.753923600829147,46.238933216745,0.31600040002111335,1.8480696288459462,10881005
2026-10-06T02:17:17.466Z,ASML,stock,1859.86,-0.3989696408202198,37.684703285411175,0.4592034892913149,0.7682775928878951,1385639
2026-10-06T02:17:17.466Z,QCOM,stock,180.79,-2.2069562395196693,48.971827209929785,2.1500558900516578,0.21618964340952646,12256815
2026-10-06T02:17:17.466Z,ARM,stock,302.9,-1.4927314709421549,69.00686173052712,1.2486587060758338,0.8758820669915011,2891460
2026-10-06T02:17:17.466Z,SMCI,stock,43.19,-1.1444266422522318,53.74758865734916,1.4714248840970814,0.5353838929909857,22032582
2026-10-06T02:17:17.466Z,NOW,stock,136.08,1.2650692067272042,53.12542576091992,1.0758923995788323,0.785065689525589,7099373
2026-10-06T02:17:17.466Z,UBER,stock,69.48,2.0114520628395307,43.87540999421185,0.622185382008242,0.5499298614619016,16996770
2026-10-06T02:17:17.466Z,ABNB,stock,164.07,1.0096657021486095,45.332641495996505,0.34620954310103236,1.078112738305759,4160681
2026-10-06T02:17:17.466Z,DIS,stock,103.61,1.3895684509247497,56.94445425582266,5.890855703821458e-7,2.2198099606351542,6976055
2026-10-06T02:17:17.466Z,WMT,stock,105.07,0.7769038941108651,61.8585511986221,0.019027822425969638,1.5541957873075543,19199115
2026-10-06T02:17:17.466Z,COST,stock,923.52,0.31173627328517944,69.1494683608779,0.1832035587694313,0.8468313625782727,1949392
2026-10-06T02:17:17.466Z,HD,stock,281.15,-0.6010252784161376,43.236868098656956,0.4108626658801423,0.4322346031439325,4260429
2026-10-06T02:17:17.466Z,LOW,stock,179.5,-0.7190265486725727,34.210110912640715,0.43724388241963397,0.4195804195804196,2773768
2026-10-06T02:17:17.466Z,NKE,stock,33.96,0.2657218777679463,70.86627417998318,0.014721485545198199,3.5050246222944135,67893335
2026-10-06T02:17:17.466Z,SBUX,stock,94.43,-0.2956393200295501,35.135265169218926,0.526704206856,0.7279154698383047,8822206
2026-10-06T02:17:17.466Z,MCD,stock,233.04,0.49592479192720934,71.11281923752252,0.017162275073127172,1.5004676761169062,5577154
2026-10-06T02:17:17.466Z,PEP,stock,125.65,-0.19064262451346006,55.190236420020675,0.0000012143882865384508,1.045437508509065,8820758
2026-10-06T02:17:17.466Z,KO,stock,86.51,1.0040863981319317,60.279831431887814,0.011324897888705016,1.5613990256623764,20444719
2026-10-06T02:17:17.466Z,TGT,stock,152.99,-1.9294871794871735,63.14590482194411,1.1021734661709461,1.4387962938606758,5054005
2026-10-06T02:17:17.466Z,CVX,stock,206.47,-0.10643959552953644,44.97488785799179,0.3246566132541842,2.070878638767088,6403501
2026-10-06T02:17:17.466Z,OXY,stock,58.31,0.39600550964188014,50.53202714109474,1.644597874540886,1.4881179039196972,8528237
2026-10-06T02:17:17.466Z,SLB,stock,50.28,3.1596224866639293,50.48516362235752,0.5538001694733515,2.948402626767414,8727159
2026-10-06T02:17:17.466Z,UNH,stock,378.58,1.7961817692928226,74.6420464466562,0.05676247577514921,2.60872295483914,5590526
2026-10-06T02:17:17.466Z,LLY,stock,1143.12,0.023625147657171268,25.74377288822977,1.90169133081654,0.06349352892883448,1975581
2026-10-06T02:17:17.466Z,NVO,stock,37.54,0.5894962486602328,77.53025274956639,0.013312476199419556,1.8033898305084721,18044587
2026-10-06T02:17:17.466Z,PFE,stock,27.41,-1.4028776978417286,39.56461408976138,0.7603216250996571,0.943730573100004,32606099
2026-10-06T02:17:17.466Z,MRK,stock,139.54,-3.2986832986833114,37.777627072666235,2.18702059583506,0.27551624948312253,9476639
2026-10-06T02:17:17.466Z,JNJ,stock,252.93,-1.210795609889453,38.25602484876788,0.8681354662525944,0.1108276708015104,9041571
2026-10-06T02:17:17.466Z,ABBV,stock,265.76,1.118636329046495,63.185150734468,0.4718706709284489,1.890125246917672,7540753
2026-10-06T02:17:17.466Z,BA,stock,192.72,-0.433973961562308,37.14009705587128,0.5393127721415851,0.5478175202616605,6383321
2026-10-06T02:17:17.466Z,CAT,stock,848.14,0.3217335762106441,21.80571213829387,1.1284427084433974,2.858458647103517,2268195
2026-10-06T02:17:17.466Z,GE,stock,306.34,-0.8897084991426446,41.4703981617779,0.7950301400540374,0.16676370863778497,5211629
2026-10-06T02:17:17.466Z,LMT,stock,506.63,0.2413881798935459,76.27073352293333,0.01874904580813629,1.0249476292084663,957721
2026-10-06T02:17:17.466Z,RTX,stock,184.33,-0.18951700238249639,55.41875253686917,0.4294395678595476,0.8700856183871728,3383949
2026-10-06T02:17:17.466Z,NOC,stock,476.11,-0.39539748953974607,65.03118688558013,0.8517309669013268,0.42608021213544095,1200266
2026-10-06T02:17:17.466Z,DE,stock,682.2,-0.6986899563318711,14.484997458954325,1.1504933027948188,0.5334644137740665,751245
2026-10-06T02:17:17.466Z,BABA,stock,110.8,4.676428908833258,37.24852661815984,0.35075315481872776,2.4213185167715956,9871490
2026-10-06T02:17:17.466Z,PDD,stock,77.9,3.343061820111449,39.55225580177185,0.1793963530047609,1.69712996315282,5122972
2026-10-06T02:17:17.466Z,SNOW,stock,338.99,-0.6011025099695083,29.987384325936517,0.8627251624096669,0.01770493184890893,3265500
2026-10-06T02:17:17.466Z,DDOG,stock,276.415,-0.2903830892432028,27.42524058644966,1.830808392274148,0.2011943296996107,2347252
2026-10-06T02:17:17.466Z,PANW,stock,406.76,0.8729292728895898,45.81422084934911,0.25992038281144175,1.0533665661468805,4446125
2026-10-06T02:17:17.466Z,CRWD,stock,272.67,0.9739297881795271,52.68410830037676,0.4581501684385391,1.1912746406573809,4829740
2026-10-06T02:17:17.466Z,NET,stock,359.49,2.9850746268656763,36.36350618945679,1.6510482175655157,2.711428571428574,3171071
2026-10-06T02:17:17.466Z,ROKU,stock,153.41,0.66933525821905,65.38469062383851,0.006516861598646337,1.5321478279187897,1950423
2026-10-06T02:17:17.466Z,PINS,stock,20.06,4.153686396677036,84.41565518949714,0.22382264740566116,1.7757530785634068,11394621
2026-10-06T02:17:17.466Z,ADBE,stock,238.785,0.4606840843114977,77.77608895176519,0.6469985693535922,1.3346633077990566,3288294
2026-10-06T02:17:17.466Z,AMAT,stock,542.28,0.41478409006740413,89.57652615573744,0.40771349862259454,1.40908375985103,4632077
2026-10-06T02:17:17.466Z,LRCX,stock,345.8,-0.4863449307893746,70.91973847819983,1.1971743053477362,0.9826689635689118,6052653
2026-10-06T02:17:17.466Z,KLAC,stock,206.85,-0.01933394557493936,77.75365338854309,0.000002950696374468517,3.3062000767702333,7837240
2026-10-06T02:17:17.466Z,TXN,stock,294.9,0.37440435670523003,64.69472615729816,0.057615928423376185,2.04858079749742,3772126
2026-10-06T02:17:17.466Z,ADI,stock,419.1,0.467457749011158,61.11132379884602,0.0000014563387051717423,2.261916826844931,2130351
2026-10-06T02:17:17.466Z,MRVL,stock,271.25,-0.38194571963715906,67.99498746867167,0.6710386375525277,1.011602505924899,12506520
2026-10-06T02:17:17.466Z,CDNS,stock,353.48,0.6062331008965406,36.59224782412262,1.751069765043143,0.3548786232529209,1951705
2026-10-06T02:17:17.466Z,SNPS,stock,488.47,-0.29189630536843236,56.05256501125785,3.613007384545748,1.1366907302147768,2818341
2026-10-06T02:17:17.466Z,WDAY,stock,188.96,1.5149887181691317,53.441565662181695,0.40583763499620984,2.617573925452359,2176447
2026-10-06T02:17:17.466Z,TEAM,stock,196.65,4.662302410985161,42.105104652913724,0.25867501148123734,2.742949984812963,3035416
2026-10-06T02:17:17.466Z,ZS,stock,201.8,2.64496439471008,31.133573447968715,1.443190550826207,0.655909113222983,2383741
2026-10-06T02:17:17.466Z,OKTA,stock,218.29,3.2152820464324474,32.669948334079166,0.5285928295163219,2.0237395542445404,3143371
2026-10-06T02:17:17.466Z,MDB,stock,359.23,0.3547882444966026,64.99785021798328,1.5538487233005636,2.071375094624961,2943019
2026-10-06T02:17:17.466Z,FSLR,stock,176.16,0.8876925720176294,83.57499318143286,0.06807282739269659,2.130619692520604,1538255
2026-10-06T02:17:17.466Z,ENPH,stock,33.45,-0.05975500448161345,70.8859659288446,0.05975864945816091,4.238079903226287,3735964
2026-10-06T02:17:17.466Z,NEE,stock,76.28,-0.715866198099697,42.635613068060856,0.8513648916345284,0.44771865639072933,12344480
2026-10-06T02:17:17.466Z,DUK,stock,113.84,-0.2540962060807781,50.666300455729164,0.3675845688587535,0.4212124250857274,4225401
2026-10-06T02:17:17.466Z,SO,stock,83.79,0.08361204013378809,42.48401862914245,0.6697923471627091,0.7091383093738011,6571733
2026-10-06T02:17:17.466Z,T,stock,24.24,-0.24691358024692295,73.97709731001979,0.30845376274027525,0.9049804120935615,34234414
2026-10-06T02:17:17.466Z,VZ,stock,45.85,-0.1524390243902445,66.75846151828685,-0.0000033279802801571096,0.758156079083148,22507493
2026-10-06T02:17:17.466Z,CMCSA,stock,21.57,0,49.717073872491426,0.1851023101424682,1.1726093281158594,31074378
2026-10-06T02:17:17.466Z,TMUS,stock,164.64,0.6110975311659742,81.84256809683569,-3.7071887215759716e-7,1.2795290801210257,4245429
2026-10-06T02:17:17.466Z,AXP,stock,304.02,0.40953827861814157,64.6464957844603,0.06903033190160221,0.9379281220091052,2827744
2026-10-06T02:17:17.466Z,MA,stock,564.59,2.2326440444718143,43.143920371872625,0.2103342704326063,2.0921449604224023,2404521
2026-10-06T02:17:17.466Z,BLK,stock,1066.45,0.6436208865358602,23.56115626953971,0.6891070218537481,2.3317156855223358,610515
2026-10-06T02:17:17.466Z,SCHW,stock,97.96,1.302998965873827,61.88123673336808,0.010208452157309747,1.4614303061643157,5872011
2026-10-06T02:17:17.466Z,C,stock,128.55,0.03891050583658472,50.64931633529296,0.5723515543040639,0.2730133074021286,6600730
2026-10-06T02:17:17.466Z,TFC,stock,46.33,-0.2583423035522165,40.42572762738552,0.9513661386685466,0.2922400824063762,10441041
2026-10-06T02:17:17.466Z,USB,stock,57.27,-0.4173187271778732,33.61350464173975,0.8912344877944487,0.09612837064656514,6291506
2026-10-06T02:17:17.466Z,CB,stock,330.49,-0.12088609507690691,21.243794779100682,0.6642657426943535,0.36289239846867,2715591
2026-10-06T02:17:17.466Z,PGR,stock,212.62,1.098378583995056,72.84470284917523,0.009405281088148153,1.7369225376448334,2762623
2026-10-06T02:17:17.466Z,AMGN,stock,402.98,-0.014886859865026367,55.38496622867913,0.11402003733455768,1.1140641742064108,3103313
2026-10-06T02:17:17.466Z,GILD,stock,144.63,-0.07599834185436896,64.9417752008003,0.19322590230711176,1.0868447212480703,5678453
2026-10-06T02:17:17.466Z,BMY,stock,58.81,-3.8266557645134855,31.36747118266942,1.9506494684322948,0.7538137333678876,19237043
2026-10-06T02:17:17.466Z,REGN,stock,726.47,-1.187431991294888,43.553002739054,1.0258855585831026,0.5487844499887767,694688
2026-10-06T02:17:17.466Z,ISRG,stock,406.48,3.7071054981502822,55.09563425727948,0.2356181120297066,3.536723273634153,1663497
2026-10-06T02:17:17.466Z,TMO,stock,676.76,3.3536957849725164,74.95587265806094,0.0000014429967592909295,3.276415433254245,2107014
2026-10-06T02:17:17.466Z,DHR,stock,221.21,3.3401849948612568,55.43041532867028,0.2817439515636688,3.1835276106259602,3079987
2026-10-06T02:17:17.466Z,ELV,stock,394.51,2.0909349688171166,59.366186860543515,0.2843554634589763,2.37971758687321,712036
2026-10-06T02:17:17.466Z,CI,stock,271.29,0.28093002624479646,39.78716296048825,0.6190969735189683,1.6657605572384357,1500953
2026-10-06T02:17:17.466Z,CVS,stock,87.01,0.6361323155216417,49.43511713614517,0.514519882441369,0.5547223245979924,12009345
2026-10-06T02:17:17.466Z,MDT,stock,87.97,1.8407038666357993,44.26956646158248,0.12488854310616611,2.5590188692201266,43792366
2026-10-06T02:17:17.466Z,SYK,stock,285.22,3.5544421450096286,59.12412011048739,0.25180192881678487,2.9693694932404093,3315984
2026-10-06T02:17:17.466Z,HON,stock,214.14,0.07009673349220863,62.36051652747561,0.4231588183418014,0.8239562198693811,1740405
2026-10-06T02:17:17.466Z,UPS,stock,93.14,0.12900451515803543,41.29060235570601,0.4701878846391212,1.5646883008286798,4789723
2026-10-06T02:17:17.466Z,FDX,stock,289.13,-0.42361206777793714,45.56941576411423,0.9693079661271194,1.2466269511767905,1884950
2026-10-06T02:17:17.466Z,DAL,stock,83.08,-1.2010940658817992,31.77988840541292,1.7966885360950198,0.1567246010134612,7551123
2026-10-06T02:17:17.466Z,UAL,stock,110,-2.230912807750427,25.714168937329703,2.7280356452655687,0.31004589324859133,4927777
2026-10-06T02:17:17.466Z,AAL,stock,12.83,-0.8500772797527004,40.726544664152705,1.4592968593205908,0.15612474416998715,42973169
2026-10-06T02:17:17.466Z,LUV,stock,41.85,-1.4598540145985341,44.95205936826721,1.3785821947898405,0.3115982154678506,5776657
2026-10-06T02:17:17.466Z,CARR,stock,55.73,1.1066763425253983,46.66647828421261,0.33086097200791237,2.3131976336691684,4873589
2026-10-06T02:17:17.466Z,ETN,stock,432.6,-0.8048428148861505,18.16067019652057,1.5654889447388618,0.13656864911419658,1426410
2026-10-06T02:17:17.466Z,EMR,stock,162.33,0.4455169853350652,20.113253220368293,0.8717202328882895,0.6572801509623843,2130319
2026-10-06T02:17:17.466Z,MMM,stock,163.19,0.8030143924887341,58.503394299238096,0.18960244648318184,1.9650734899786033,2338106
2026-10-06T02:17:17.466Z,WM,stock,206.66,1.0809488872585025,62.16234792769262,0.158517993098947,1.8681939044870615,2558975
2026-10-06T02:17:17.466Z,LIN,stock,482.38,0.6048218903812416,56.54680618432666,0.679458228781556,1.0579711247556036,2797550
2026-10-06T02:17:17.466Z,APD,stock,279.45,0.6773066253557645,56.6275348770315,0.9604492581998456,1.4263977725888695,1090479
2026-10-06T02:17:17.466Z,FCX,stock,72.6,0.7773459189339089,23.6773606994296,1.1707039139542286,1.0649417766787377,13698524
2026-10-06T02:17:17.466Z,NEM,stock,115.82,0.2249913464866657,22.91675496969441,0.87298559556686,1.5341459716468977,3992356
2026-10-06T02:17:17.466Z,EOG,stock,144.08,1.909746781723028,48.34429724841099,0.7474207531523691,2.6064676533118845,2514863
2026-10-06T02:17:17.466Z,COP,stock,128.4,1.3017751479289985,63.414418563540025,0.3492480265418793,2.633784864435477,5675833
2026-10-06T02:17:17.466Z,MPC,stock,433.47,2.637747732815581,34.86001592235954,0.8930962117278802,2.436429778019172,2122887
2026-10-06T02:17:17.466Z,PSX,stock,269.72,1.9427016403356427,49.48276769271245,0.5310531209107544,2.799428299190101,2004183
2026-10-06T02:17:17.466Z,HAL,stock,32.78,2.9199372056514905,38.54426930709358,0.9518090620467167,3.0493572786637633,9044705
2026-10-06T02:17:17.466Z,BKR,stock,57.38,2.464285714285719,43.58207751509286,0.9836078609751824,2.1087290890846417,6657514
2026-10-06T02:17:17.466Z,WMB,stock,70.81,0.3827615537283754,34.99983651047967,1.2275106868987657,0.9768270944741565,5803280
2026-10-06T02:17:17.466Z,KMI,stock,31.41,1.0943031863533952,53.33329942474073,0.8053084104043104,1.7492683708654269,9328763
2026-10-06T02:17:17.466Z,PG,stock,145.94,0.7107860051066187,54.185039793503975,0.04793816140624726,0.9546226236251134,7032638
2026-10-06T02:17:17.466Z,CL,stock,86.19,2.2905293140279994,74.285888671875,0.000002832586359344235,1.2808478794630924,6000413
2026-10-06T02:17:17.466Z,KMB,stock,95.41,1.112759643916911,62.704947658257375,0.11515561864751601,1.5215967141811146,3157046
2026-10-06T02:17:17.466Z,PM,stock,189.53,1.104235570254984,60.33209085483272,0.2709874892300458,2.5761734142301567,5283694
2026-10-06T02:17:17.466Z,MO,stock,67.88,0.7869339272457331,70.69012528163253,0.13975502207221874,2.887459749811354,7392707
2026-10-06T02:17:17.466Z,MDLZ,stock,58.49,0.5155525004296344,65.00633500740356,0.0000028696644669501028,1.0015544018583031,7146643
2026-10-06T02:17:17.466Z,GIS,stock,31.68,-1.0309278350515412,53.44834390044987,0.6616310016423984,1.165573877431092,12383721
2026-10-06T02:17:17.466Z,KR,stock,58.78,-0.42351346772827375,67.91429014385614,0.2206753484108506,0.7541992565328999,6101697
2026-10-06T02:17:17.466Z,DG,stock,119.32,0.31948881789136996,69.77055076098594,0.7321106244462874,0.8792705710486993,1717598
2026-10-06T02:17:17.466Z,DLTR,stock,113.19,0.9183309557774619,72.00035903419801,0.6451639517831673,1.6524486314263755,2191744
2026-10-06T02:17:17.466Z,TJX,stock,134.41,1.303889056376236,38.52070407074961,0.602703691425043,0.7306946897331827,9657717
2026-10-06T02:17:17.466Z,ROST,stock,226.37,-0.949505557014084,61.128940166564945,1.6765824606569033,0.5586082208650439,2586848
2026-10-06T02:17:17.466Z,BKNG,stock,158.33,-0.43390768456797746,49.32419196865818,0.1009562039361222,2.412673835204698,8304850
2026-10-06T02:17:17.466Z,MAR,stock,355.89,-0.8552484956541101,43.769548890050864,0.5866058525826815,0.26482258364326267,1216939
2026-10-06T02:17:17.466Z,HLT,stock,316.12,-1.0145290581162352,24.68362254121793,0.89350133548488,0.0000015446072946880148,1417792
2026-10-06T02:17:17.466Z,CMG,stock,30.85,-4.6662546353522805,45.7831214552942,1.7828712197789036,1.6809487305444515,23553086
2026-10-06T02:17:17.466Z,YUM,stock,136.97,0.624449015574489,15.308450225695282,0.7751328152522466,1.0699495881241758,3171980
2026-10-06T02:17:17.466Z,EL,stock,93.3,1.446123736000868,42.7586751203599,1.107638144238862,0.09655714667025854,2786505
2026-10-06T02:17:17.466Z,LULU,stock,93.14,-1.397416896040645,79.64594201659112,-6.553055261628749e-7,1.9275835973354658,7039442
2026-10-06T02:17:17.466Z,BTC-USD,crypto,85525.28,-0.26273874765628746,19.742999991119547,0.6211805862252698,0.08306560067287294,28825440256
2026-10-06T02:17:17.466Z,ETH-USD,crypto,2704.39,-0.20314440227389285,16.13022439339869,0.5479385739829743,0.08215908655586655,11757544448
2026-10-06T02:17:17.466Z,SOL-USD,crypto,120.48,-0.22489480964403732,23.809725645015774,0.5612443393496117,0.08307256094342189,2373511424
2026-10-06T02:17:17.466Z,XRP-USD,crypto,1.4988,-0.5725899035936274,20.276869832724486,0.8992350443145056,0.08013092007747048,2133333888
2026-10-06T02:17:17.466Z,BNB-USD,crypto,780.63,-0.7832257039201593,25.619506412600728,0.8962919955216044,0.06665914527464314,1567368448
2026-10-06T02:17:17.466Z,DOGE-USD,crypto,0.09472,-0.7398871031488335,18.260976605269803,0.7647972578740826,0.042251405010522075,787542272
2026-10-06T02:17:17.466Z,ADA-USD,crypto,0.26841,-0.7769716515139237,28.185463687986513,1.27266245324855,0.4302981572761103,1088168064
2026-10-06T02:17:17.466Z,AVAX-USD,crypto,11.164,0.21555680450973652,39.99986128258126,0.7203191319112686,0.3415386865095349,404135008
2026-10-06T02:17:17.466Z,LINK-USD,crypto,13.782,-0.5681941158187928,21.999856948716115,0.8988249925630268,0.10168761845600921,281957728
2026-10-06T02:17:17.466Z,DOT-USD,crypto,1.2199,-0.8792809746152999,40.67174635370102,0.5786469522158271,0.5605509629312246,188442304
2026-10-06T02:17:17.466Z,LTC-USD,crypto,69.405,-0.9468880938887401,30.461576561130798,0.902383797627203,0.1529551557998726,291422624
2026-10-06T02:17:17.466Z,BCH-USD,crypto,315.42,-0.4201001374361727,42.81083884351096,0.4041718211853027,0.23516186012537657,185933136
